stage,date_of_status_update,district,address,street_dir,street_name,city,cleared_by_employee,billed_adder_hydro_qty,billed_adder_other,clr_date,conflict,conflict_repair,cost_center,crew_lead,crew_tech,cross_bore_report,date_of_last_status_update,depth_10,depth_11,depth_12,depth_13,depth_14,depth_15,depth_4,depth_5,depth_6,depth_7,depth_8,depth_9,depth_of_gas_main_at_sewer,depth_of_gas_serv_at_sewer_,depth_sewer_at_gas_main,depth_sewer_at_gas_serv,desc_10,desc_11,desc_12,desc_13,desc_14,desc_15,desc_4,desc_5,desc_6,desc_7,desc_8,desc_9,dig_date,dig_notes,dig_photos,dig_y_n,direction,dist_10,dist_11,dist_12,dist_13,dist_14,dist_15,dist_4,dist_5,dist_6,dist_7,dist_8,dist_9,est_comp_time,est_ml_ft,gas_main,gas_main_clear_method,gas_service,gas_service_clear_method,insp_type,inspector_name,investigation_hours,jet_ft,lat_launch,lateral_footage_from_mh,lats_located,lets_lat_ft,mh,no_of_props,notes_four,notes_one,notes_three,notes_two,number_videos_today,number_videos_total,phase,photo_of_map,po_lats,po_ml_ft,pre_depth_01,pre_depth_02,pre_depth_03,pre_locate_01,pre_locate_02,pre_locate_03,pre_meas_01,pre_meas_02,pre_meas_03,pre_note,precon_y_n,pref_meth_clear,project_num,property_clear,pv_stage,qc_comment,qc_comment2,qc_comment3,qc_comment4,qc_date,qc_date2,qc_date3,qc_date4,qc_name,qc_name2,qc_name3,qc_name4,qc_pass_fail,qc_pass_fail2,qc_pass_fail3,qc_pass_fail4,received_date,recon_notes,recon_point,rods,sewer_ml_ft,sewer_to_clear_,site_photo,site_photo_notes,state,swr_mn_ftg,swr_mn_local,to_bldg,video_1,video_2,video_3,video_4,video_date_1,video_date_2,video_date_3,video_date_4,video_type_1,video_type_2,video_type_3,video_type_4,video_url
PRECON COMPLETE,2026-01-19,Kansas,206,West,MARTIN ST,COFFEYVILLE ,2400,,0.50,2026-01-19,,,3145 ,James Atwood,Michael Parrish,,2026-01-19,,,,,,,108,112,,,,,0,0,0,0,,,,,,,AP,END,,,,,,,,No,East,,,,,,,0.00,31.5,,,,,,,,,,,Pre,BRADLEY.EDLIN@ATMOSENERGY.COM ,,,1,319.500000000000,LETS,,MH 316 N ELM ST ,,,,,"UNDER WATER UNKNOWN BLOCKAGE HAS VCO
1/19/26",1,2,0401,"___json[{""pathname"":""/Collected Media/map_1409686/layer_3667832/mdc_photo_mdc_b5612b_cdv_photo_000_1765922388090.jpg"",""rid"":41256164,""lid"":""3667832"",""fid"":""68292"",""field"":""photo_of_map"",""title"":""mdc_photo_mdc_b5612b_cdv_photo_000_1765922388090.jpg"",""ext"":""jpg"",""panorama"":false,""isDir"":false},{""pathname"":""/Collected Media/map_1409686/layer_3667832/mdc_photo_mdc_5543cc_cdv_photo_027_1768837549365.jpg"",""rid"":41491077,""lid"":""3667832"",""fid"":""68292"",""field"":""photo_of_map"",""title"":""mdc_photo_mdc_5543cc_cdv_photo_027_1768837549365.jpg"",""ext"":""jpg"",""panorama"":false,""isDir"":false}]",1,,89,99,118,TAP,GO,END,319.500000000000,7.500000000000,20.800000000000,,Yes,,060,No,PRECON COMPLETE,"BAD VISUAL AND BLOCKAGE APPARENTLY, CANT SEE ANYTHING",,,,12/18/25,,,,Charlton Moren,,,,Fail,,,,,,,,,Lateral ,"___json[{""pathname"":""/Collected Media/map_1409686/layer_3667832/mdc_photo_mdc_316c1e_cdv_photo_001_1765922388090.jpg"",""rid"":41256165,""lid"":""3667832"",""fid"":""68292"",""field"":""site_photo"",""title"":""mdc_photo_mdc_316c1e_cdv_photo_001_1765922388090.jpg"",""ext"":""jpg"",""panorama"":false,""isDir"":false},{""pathname"":""/Collected Media/map_1409686/layer_3667832/mdc_photo_mdc_171c6f_cdv_photo_002_1765922388090.jpg"",""rid"":41256166,""lid"":""3667832"",""fid"":""68292"",""field"":""site_photo"",""title"":""mdc_photo_mdc_171c6f_cdv_photo_002_1765922388090.jpg"",""ext"":""jpg"",""panorama"":false,""isDir"":false},{""pathname"":""/Collected Media/map_1409686/layer_3667832/mdc_photo_mdc_ab02bc_cdv_photo_003_1765922388090.jpg"",""rid"":41256167,""lid"":""3667832"",""fid"":""68292"",""field"":""site_photo"",""title"":""mdc_photo_mdc_ab02bc_cdv_photo_003_1765922388090.jpg"",""ext"":""jpg"",""panorama"":false,""isDir"":false},{""pathname"":""/Collected Media/map_1409686/layer_3667832/mdc_photo_mdc_fd5a2a_cdv_photo_028_1768837549365.jpg"",""rid"":41491078,""lid"":""3667832"",""fid"":""68292"",""field"":""site_photo"",""title"":""mdc_photo_mdc_fd5a2a_cdv_photo_028_1768837549365.jpg"",""ext"":""jpg"",""panorama"":false,""isDir"":false},{""pathname"":""/Collected Media/map_1409686/layer_3667832/mdc_photo_mdc_97dcc8_cdv_photo_029_1768837549365.jpg"",""rid"":41491079,""lid"":""3667832"",""fid"":""68292"",""field"":""site_photo"",""title"":""mdc_photo_mdc_97dcc8_cdv_photo_029_1768837549365.jpg"",""ext"":""jpg"",""panorama"":false,""isDir"":false},{""pathname"":""/Collected Media/map_1409686/layer_3667832/mdc_photo_mdc_58135a_cdv_photo_030_1768837549365.jpg"",""rid"":41491080,""lid"":""3667832"",""fid"":""68292"",""field"":""site_photo"",""title"":""mdc_photo_mdc_58135a_cdv_photo_030_1768837549365.jpg"",""ext"":""jpg"",""panorama"":false,""isDir"":false}]",,KS,,Sanitary,,James Atwood,James Atwood,,,2025-12-16,2026-01-19,,,2400 LETS,2400 PO,,,https://pioneer.sewerai.com/dashboard/review/4e31ad55-2c8f-47e0-a147-43fbd300b1b5?t=0&limit=30&offset=0&status=uploaded&client_reviewed=false&issues=false&project=24PV0401+ATMOS+-+KS&ordering=-Inspection_Date&inspection_datetime__lte=2025-12-17T23%3A59%3A59-06%3A00
OFFICE REVIEW,2026-01-19,Kansas,210,West,MARTIN ST,COFFEYVILLE ,2400,,0.250000000000,2026-01-19,,,3145 ,James Atwood,Michael Parrish,,2026-01-19,,,,,,,,,,,,,0,0,0,0,,,,,,,,,,,,,,,,No,East,,,,,,,,,,,,,,,,,,,Pre,BRADLEY.EDLIN@ATMOSENERGY.COM ,,,1,208.500000000000,LETS,,MH 316 N ELM ST ,,,KNOCKED NO ANSWER NEEDS ACCESS TO VERIFY LINE,,1/19/26 GOT ACCESS HAS 4 TO 6 FT DEEP P-TRAP WAS UNABLE TO SUCCESSFULLY PUSH SEWER GOES DIRECTLY INTO NORTH SIDE OF THE FOUNDATION ADDING SITE PHOTO SO SHOW THE LOCATION OF THE C/O IN THE BACK GAS WILL BE PUT IN ON THE EAST SIDE OF THE HOUSE THERE WILL BE NO CONFLICT.,1,1,0401,"___json[{""pathname"":""/Collected Media/map_1409686/layer_3667832/mdc_photo_mdc_8ab5e3_cdv_photo_096_1765918780399.jpg"",""rid"":41255096,""lid"":""3667832"",""fid"":""68288"",""field"":""photo_of_map"",""title"":""mdc_photo_mdc_8ab5e3_cdv_photo_096_1765918780399.jpg"",""ext"":""jpg"",""panorama"":false,""isDir"":false},{""pathname"":""/Collected Media/map_1409686/layer_3667832/mdc_photo_mdc_0add95_cdv_photo_099_1765918780399.jpg"",""rid"":41255097,""lid"":""3667832"",""fid"":""68288"",""field"":""photo_of_map"",""title"":""mdc_photo_mdc_0add95_cdv_photo_099_1765918780399.jpg"",""ext"":""jpg"",""panorama"":false,""isDir"":false}]",,,96,96,0,TAP,GO,END,208.500000000000,8,74.600000000000,,Yes,,06052582 ,No,OFFICE REVIEW,"BAD VISUAL, NOTES STATE NEEDS ACCESS TO VERIFY LINE",,,,12/18/25,,,,Charlton Moren,,,,Fail,,,,,,,,,Lateral ,"___json[{""pathname"":""/Collected Media/map_1409686/layer_3667832/mdc_photo_mdc_a632af_cdv_photo_097_1765918780399.jpg"",""rid"":41255098,""lid"":""3667832"",""fid"":""68288"",""field"":""site_photo"",""title"":""mdc_photo_mdc_a632af_cdv_photo_097_1765918780399.jpg"",""ext"":""jpg"",""panorama"":false,""isDir"":false},{""pathname"":""/Collected Media/map_1409686/layer_3667832/mdc_photo_mdc_fb5cf4_cdv_photo_098_1765918780399.jpg"",""rid"":41255099,""lid"":""3667832"",""fid"":""68288"",""field"":""site_photo"",""title"":""mdc_photo_mdc_fb5cf4_cdv_photo_098_1765918780399.jpg"",""ext"":""jpg"",""panorama"":false,""isDir"":false},{""pathname"":""/Collected Media/map_1409686/layer_3667832/mdc_photo_mdc_fcff72_cdv_photo_031_1768837998986.jpg"",""rid"":41491227,""lid"":""3667832"",""fid"":""68288"",""field"":""site_photo"",""title"":""mdc_photo_mdc_fcff72_cdv_photo_031_1768837998986.jpg"",""ext"":""jpg"",""panorama"":false,""isDir"":false}]",,KS,,Sanitary,,James Atwood,,,,2025-12-16,,,,2400 LETS,,,,https://pioneer.sewerai.com/dashboard/review/1e32089c-d173-4f68-ad5d-82f64080d8c7?t=0&limit=30&offset=0&status=uploaded&client_reviewed=false&issues=false&project=24PV0401+ATMOS+-+KS&ordering=-Inspection_Date&inspection_datetime__lte=2025-12-17T23%3A59%3A59-06%3A00
PRECON COMPLETE,2026-01-19,Kansas,304,West,NEW ST,COFFEYVILLE ,2400,,0.25,2026-01-19,,,3145 ,James Atwood,Michael Parrish,,2026-01-19,,,,,,,32,18,26,28,32,,0,0,0,0,,,,,,,END,C/O,GO,GO,END,,,,,No,West,,,,,,,38.6,0.00,30.0,62.0,73.7,,,,,,,,Pre,Bradley.edlin@atmosenergy.com ,,,1,93.6,LETS,,MH 207 N ELM ST ,,,,,"UNKNOWN BLOCKAGE POSSIBLE ROOTBALL HAS VCO
1/19/26 PUSHED TO CONNECT INTO WHERE LETS VIDEO ENDED",1,2,0401,"___json[{""pathname"":""/Collected Media/map_1409686/layer_3667832/mdc_photo_mdc_7198fc_cdv_photo_009_1765813832205.jpg"",""rid"":41235492,""lid"":""3667832"",""fid"":""68297"",""field"":""photo_of_map"",""title"":""mdc_photo_mdc_7198fc_cdv_photo_009_1765813832205.jpg"",""ext"":""jpg"",""panorama"":false,""isDir"":false},{""pathname"":""/Collected Media/map_1409686/layer_3667832/mdc_photo_mdc_cd12ec_cdv_photo_039_1768844073110.jpg"",""rid"":41492045,""lid"":""3667832"",""fid"":""68297"",""field"":""photo_of_map"",""title"":""mdc_photo_mdc_cd12ec_cdv_photo_039_1768844073110.jpg"",""ext"":""jpg"",""panorama"":false,""isDir"":false}]",1,,69,54,32,TAP,EOA,GO,93.6,5.0,28.0,,Yes,,06052582 ,,PRECON COMPLETE,,,,,/20,,,,,,,,,,,,,,,,,Lateral ,"___json[{""pathname"":""/Collected Media/map_1409686/layer_3667832/mdc_photo_mdc_5a2bbb_cdv_photo_010_1765813832205.jpg"",""rid"":41235493,""lid"":""3667832"",""fid"":""68297"",""field"":""site_photo"",""title"":""mdc_photo_mdc_5a2bbb_cdv_photo_010_1765813832205.jpg"",""ext"":""jpg"",""panorama"":false,""isDir"":false},{""pathname"":""/Collected Media/map_1409686/layer_3667832/mdc_photo_mdc_8897ba_cdv_photo_011_1765813832205.jpg"",""rid"":41235494,""lid"":""3667832"",""fid"":""68297"",""field"":""site_photo"",""title"":""mdc_photo_mdc_8897ba_cdv_photo_011_1765813832205.jpg"",""ext"":""jpg"",""panorama"":false,""isDir"":false},{""pathname"":""/Collected Media/map_1409686/layer_3667832/mdc_photo_mdc_2d3bb4_cdv_photo_012_1765813832205.jpg"",""rid"":41235495,""lid"":""3667832"",""fid"":""68297"",""field"":""site_photo"",""title"":""mdc_photo_mdc_2d3bb4_cdv_photo_012_1765813832205.jpg"",""ext"":""jpg"",""panorama"":false,""isDir"":false},{""pathname"":""/Collected Media/map_1409686/layer_3667832/mdc_photo_mdc_d8e9b2_cdv_photo_013_1765813832205.jpg"",""rid"":41235496,""lid"":""3667832"",""fid"":""68297"",""field"":""site_photo"",""title"":""mdc_photo_mdc_d8e9b2_cdv_photo_013_1765813832205.jpg"",""ext"":""jpg"",""panorama"":false,""isDir"":false},{""pathname"":""/Collected Media/map_1409686/layer_3667832/mdc_photo_mdc_09b94c_cdv_photo_040_1768844073110.jpg"",""rid"":41492046,""lid"":""3667832"",""fid"":""68297"",""field"":""site_photo"",""title"":""mdc_photo_mdc_09b94c_cdv_photo_040_1768844073110.jpg"",""ext"":""jpg"",""panorama"":false,""isDir"":false},{""pathname"":""/Collected Media/map_1409686/layer_3667832/mdc_photo_mdc_3657ec_cdv_photo_041_1768844073110.jpg"",""rid"":41492047,""lid"":""3667832"",""fid"":""68297"",""field"":""site_photo"",""title"":""mdc_photo_mdc_3657ec_cdv_photo_041_1768844073110.jpg"",""ext"":""jpg"",""panorama"":false,""isDir"":false},{""pathname"":""/Collected Media/map_1409686/layer_3667832/mdc_photo_mdc_107dd7_cdv_photo_042_1768844073110.jpg"",""rid"":41492048,""lid"":""3667832"",""fid"":""68297"",""field"":""site_photo"",""title"":""mdc_photo_mdc_107dd7_cdv_photo_042_1768844073110.jpg"",""ext"":""jpg"",""panorama"":false,""isDir"":false},{""pathname"":""/Collected Media/map_1409686/layer_3667832/mdc_photo_mdc_04460a_cdv_photo_043_1768844073110.jpg"",""rid"":41492049,""lid"":""3667832"",""fid"":""68297"",""field"":""site_photo"",""title"":""mdc_photo_mdc_04460a_cdv_photo_043_1768844073110.jpg"",""ext"":""jpg"",""panorama"":false,""isDir"":false},{""pathname"":""/Collected Media/map_1409686/layer_3667832/mdc_photo_mdc_862c19_cdv_photo_044_1768844073110.jpg"",""rid"":41492050,""lid"":""3667832"",""fid"":""68297"",""field"":""site_photo"",""title"":""mdc_photo_mdc_862c19_cdv_photo_044_1768844073110.jpg"",""ext"":""jpg"",""panorama"":false,""isDir"":false},{""pathname"":""/Collected Media/map_1409686/layer_3667832/mdc_photo_mdc_a55922_cdv_photo_045_1768844073110.jpg"",""rid"":41492051,""lid"":""3667832"",""fid"":""68297"",""field"":""site_photo"",""title"":""mdc_photo_mdc_a55922_cdv_photo_045_1768844073110.jpg"",""ext"":""jpg"",""panorama"":false,""isDir"":false}]",,KS,,Sanitary,,James Atwood,James Atwood,,,2025-12-15,2026-01-19,,,2400 LETS,2400 PO,,,
PRECON COMPLETE,2026-01-19,Kansas,702,South,LINCOLN ST,HILLSBORO,5200,,0.75,2026-01-19,,,3136 ,Eric Zerr,Carter Pacheco,,2026-01-19,,,,,,,34,37,37,,,,0,0,0,0,,,,,,,12T/VCO,12T/VCO,END,,,,,,,No,South,,,,,,,38.9,41.1,44.5,,,,,,,,,,Pre,BRADLEY.EDLIN@ATMOSENERGY.COM ,,,1,0.9,LETS,,MH 617 S LINCOLN ST,,,,,"RAN FROM MAIN, THROUGH 2 VCOS, AND INTO FOUNDATION.",1,1,0401,"___json[{""pathname"":""/Collected Media/map_1409686/layer_3667832/mdc_photo_mdc_0dcaf7_cdv_photo_004_1768845431015.jpg"",""rid"":41492206,""lid"":""3667832"",""fid"":""68653"",""field"":""photo_of_map"",""title"":""mdc_photo_mdc_0dcaf7_cdv_photo_004_1768845431015.jpg"",""ext"":""jpg"",""panorama"":false,""isDir"":false}]",,,87,27,36,TAP,EOR,GO,0.9,14.6,30.3,,Yes,,06059903 ,,PRECON COMPLETE,,,,,/20,,,,,,,,,,,,,,,,,Lateral ,"___json[{""pathname"":""/Collected Media/map_1409686/layer_3667832/mdc_photo_mdc_ba3ce7_cdv_photo_000_1768845431015.jpg"",""rid"":41492207,""lid"":""3667832"",""fid"":""68653"",""field"":""site_photo"",""title"":""mdc_photo_mdc_ba3ce7_cdv_photo_000_1768845431015.jpg"",""ext"":""jpg"",""panorama"":false,""isDir"":false},{""pathname"":""/Collected Media/map_1409686/layer_3667832/mdc_photo_mdc_1f7cc1_cdv_photo_001_1768845431015.jpg"",""rid"":41492208,""lid"":""3667832"",""fid"":""68653"",""field"":""site_photo"",""title"":""mdc_photo_mdc_1f7cc1_cdv_photo_001_1768845431015.jpg"",""ext"":""jpg"",""panorama"":false,""isDir"":false},{""pathname"":""/Collected Media/map_1409686/layer_3667832/mdc_photo_mdc_ca183f_cdv_photo_002_1768845431015.jpg"",""rid"":41492209,""lid"":""3667832"",""fid"":""68653"",""field"":""site_photo"",""title"":""mdc_photo_mdc_ca183f_cdv_photo_002_1768845431015.jpg"",""ext"":""jpg"",""panorama"":false,""isDir"":false},{""pathname"":""/Collected Media/map_1409686/layer_3667832/mdc_photo_mdc_c81611_cdv_photo_003_1768845431015.jpg"",""rid"":41492210,""lid"":""3667832"",""fid"":""68653"",""field"":""site_photo"",""title"":""mdc_photo_mdc_c81611_cdv_photo_003_1768845431015.jpg"",""ext"":""jpg"",""panorama"":false,""isDir"":false}]",,KS,,Sanitary,,Eric Zerr,,,,2026-01-19,,,,5200 LETS,,,,
PRECON COMPLETE,2026-01-19,Kansas,701,South,LINCOLN ST,HILLSBORO ,5200,,0.25,2026-01-19,,,3136 ,Eric Zerr,Carter Pacheco,,2026-01-19,,,,,,,90,61,,,,,0,0,0,0,,,,,,,GO,END,,,,,,,,No,South,,,,,,,50.5,66.7,,,,,,,,,,,Pre,BRADLEY.EDLIN@ATMOSENERGY.COM ,,,1,37.1,LETS,,MH 617 S LINCOLN ST ,,,,,RAN FROM MAIN TO FOUNDATION.,1,1,0401,"___json[{""pathname"":""/Collected Media/map_1409686/layer_3667832/mdc_photo_mdc_c6c2a9_cdv_photo_008_1768845703426.jpg"",""rid"":41492235,""lid"":""3667832"",""fid"":""68654"",""field"":""photo_of_map"",""title"":""mdc_photo_mdc_c6c2a9_cdv_photo_008_1768845703426.jpg"",""ext"":""jpg"",""panorama"":false,""isDir"":false}]",,,93,75,86,TAP,EOR,PRL,37.1,17.3,28.0,,Yes,,06059903 ,,PRECON COMPLETE,,,,,/20,,,,,,,,,,,,,,,,,Lateral ,"___json[{""pathname"":""/Collected Media/map_1409686/layer_3667832/mdc_photo_mdc_e1654c_cdv_photo_005_1768845703426.jpg"",""rid"":41492236,""lid"":""3667832"",""fid"":""68654"",""field"":""site_photo"",""title"":""mdc_photo_mdc_e1654c_cdv_photo_005_1768845703426.jpg"",""ext"":""jpg"",""panorama"":false,""isDir"":false},{""pathname"":""/Collected Media/map_1409686/layer_3667832/mdc_photo_mdc_b721dd_cdv_photo_007_1768845703426.jpg"",""rid"":41492237,""lid"":""3667832"",""fid"":""68654"",""field"":""site_photo"",""title"":""mdc_photo_mdc_b721dd_cdv_photo_007_1768845703426.jpg"",""ext"":""jpg"",""panorama"":false,""isDir"":false},{""pathname"":""/Collected Media/map_1409686/layer_3667832/mdc_photo_mdc_78bebe_cdv_photo_006_1768845703426.jpg"",""rid"":41492238,""lid"":""3667832"",""fid"":""68654"",""field"":""site_photo"",""title"":""mdc_photo_mdc_78bebe_cdv_photo_006_1768845703426.jpg"",""ext"":""jpg"",""panorama"":false,""isDir"":false}]",,KS,,Sanitary,,Eric Zerr,,,,2026-01-19,,,,5200 LETS,,,,
PRECON COMPLETE,2026-01-19,Kansas,212,West,NEW ST,COFFEYVILLE  ,2400,,0.50,2026-01-19,,,3145 ,James Atwood,Michael Parrish,,2026-01-19,,,,,,,25,38,,,,,0,0,0,0,,,,,,,GO,END,,,,,,,,No,East,,,,,,,31.0,84.0,,,,,,,,,,,Pre,BRADLEY.EDLIN@ATMOSENERGY.COM ,,,1,127.500000000000,LETS,,MH 207 N ELM ST ,,,,,OFFSET,1,2,0401,"___json[{""pathname"":""/Collected Media/map_1409686/layer_3667832/mdc_photo_mdc_5e7959_cdv_photo_032_1765835154698.jpg"",""rid"":41241711,""lid"":""3667832"",""fid"":""68392"",""field"":""photo_of_map"",""title"":""mdc_photo_mdc_5e7959_cdv_photo_032_1765835154698.jpg"",""ext"":""jpg"",""panorama"":false,""isDir"":false},{""pathname"":""/Collected Media/map_1409686/layer_3667832/mdc_photo_mdc_7306ca_cdv_photo_046_1768846521231.jpg"",""rid"":41492379,""lid"":""3667832"",""fid"":""68392"",""field"":""photo_of_map"",""title"":""mdc_photo_mdc_7306ca_cdv_photo_046_1768846521231.jpg"",""ext"":""jpg"",""panorama"":false,""isDir"":false}]",1,,87,84,17,TAP,END,C/O,127.500000000000,2.700000000000,0.00,,Yes,,06052582 ,No,PRECON COMPLETE,"VIDEO SAYS ENDS AT 12T, NOT SURE IF THAT'S GOOD ENOUGH TO PASS BECAUSE SEWER LINE DOESNT GO VERY FAR",,,,12/18/25,,,,Charlton Moren,,,,Fail,,,,,,,,,Lateral ,"___json[{""pathname"":""/Collected Media/map_1409686/layer_3667832/mdc_photo_mdc_4947de_cdv_photo_1765835479_1765835483397.jpg"",""rid"":41241761,""lid"":""3667832"",""fid"":""68392"",""field"":""site_photo"",""title"":""mdc_photo_mdc_4947de_cdv_photo_1765835479_1765835483397.jpg"",""ext"":""jpg"",""panorama"":false,""isDir"":false},{""pathname"":""/Collected Media/map_1409686/layer_3667832/mdc_photo_mdc_090f5e_cdv_photo_047_1768846521231.jpg"",""rid"":41492380,""lid"":""3667832"",""fid"":""68392"",""field"":""site_photo"",""title"":""mdc_photo_mdc_090f5e_cdv_photo_047_1768846521231.jpg"",""ext"":""jpg"",""panorama"":false,""isDir"":false},{""pathname"":""/Collected Media/map_1409686/layer_3667832/mdc_photo_mdc_d7ae3f_cdv_photo_048_1768846521231.jpg"",""rid"":41492381,""lid"":""3667832"",""fid"":""68392"",""field"":""site_photo"",""title"":""mdc_photo_mdc_d7ae3f_cdv_photo_048_1768846521231.jpg"",""ext"":""jpg"",""panorama"":false,""isDir"":false},{""pathname"":""/Collected Media/map_1409686/layer_3667832/mdc_photo_mdc_3998c4_cdv_photo_049_1768846521231.jpg"",""rid"":41492382,""lid"":""3667832"",""fid"":""68392"",""field"":""site_photo"",""title"":""mdc_photo_mdc_3998c4_cdv_photo_049_1768846521231.jpg"",""ext"":""jpg"",""panorama"":false,""isDir"":false},{""pathname"":""/Collected Media/map_1409686/layer_3667832/mdc_photo_mdc_12b303_cdv_photo_050_1768846521231.jpg"",""rid"":41492383,""lid"":""3667832"",""fid"":""68392"",""field"":""site_photo"",""title"":""mdc_photo_mdc_12b303_cdv_photo_050_1768846521231.jpg"",""ext"":""jpg"",""panorama"":false,""isDir"":false}]",,KS,,Sanitary,A,James Atwood,James Atwood,,,2025-12-15,2026-01-19,,,2400 LETS,2400 PO,,,https://pioneer.sewerai.com/dashboard/review/96f2d634-75b9-4400-8702-bc83c2d01109?t=0&limit=30&offset=0&status=uploaded&client_reviewed=false&issues=false&project=24PV0401+ATMOS+-+KS&ordering=-Inspection_Date&inspection_datetime__lte=2025-12-15T23%3A59%3A59-06%3A00
PRECON COMPLETE,2026-01-19,Kansas,116,West,NEW ST,COFFEYVILLE ,2400,,0.50,2026-01-19,,,3145 ,James Atwood,Michael Parrish,,2026-01-19,,,,,,,23,21,23,,,,0,0,0,0,,,,,,,END,C/O,END,,,,,,,No,West,,,,,,,58.1,0.00,13.2,,,,,,,,,,Pre,BRADLEY.EDLIN@ATMOSENERGY.COM ,,,1,353.4,LETS,,MH 206 N WALNUT ST ,,,,,"P-TRAP 
1/19/26 PUSHED 13.2” TO CONNECT INTO LETS ",1,2,0401,"___json[{""pathname"":""/Collected Media/map_1409686/layer_3667832/mdc_photo_mdc_011f09_cdv_photo_011_1768343994444.jpg"",""rid"":41447090,""lid"":""3667832"",""fid"":""68316"",""field"":""photo_of_map"",""title"":""mdc_photo_mdc_011f09_cdv_photo_011_1768343994444.jpg"",""ext"":""jpg"",""panorama"":false,""isDir"":false},{""pathname"":""/Collected Media/map_1409686/layer_3667832/mdc_photo_mdc_23bffb_cdv_photo_051_1768848349006.jpg"",""rid"":41492687,""lid"":""3667832"",""fid"":""68316"",""field"":""photo_of_map"",""title"":""mdc_photo_mdc_23bffb_cdv_photo_051_1768848349006.jpg"",""ext"":""jpg"",""panorama"":false,""isDir"":false}]",1,,90,31,30,TAP,12T,GO,353.4,11.6,25.0,,Yes,,06052582 ,,PRECON COMPLETE,,,,,/20,,,,,,,,,,,,,,,,,Lateral ,"___json[{""pathname"":""/Collected Media/map_1409686/layer_3667832/mdc_photo_mdc_406178_cdv_photo_004_1768342794820.jpg"",""rid"":41446995,""lid"":""3667832"",""fid"":""68316"",""field"":""site_photo"",""title"":""mdc_photo_mdc_406178_cdv_photo_004_1768342794820.jpg"",""ext"":""jpg"",""panorama"":false,""isDir"":false},{""pathname"":""/Collected Media/map_1409686/layer_3667832/mdc_photo_mdc_50cbbf_cdv_photo_005_1768342794820.jpg"",""rid"":41446996,""lid"":""3667832"",""fid"":""68316"",""field"":""site_photo"",""title"":""mdc_photo_mdc_50cbbf_cdv_photo_005_1768342794820.jpg"",""ext"":""jpg"",""panorama"":false,""isDir"":false},{""pathname"":""/Collected Media/map_1409686/layer_3667832/mdc_photo_mdc_e30ec9_cdv_photo_006_1768342794820.jpg"",""rid"":41446997,""lid"":""3667832"",""fid"":""68316"",""field"":""site_photo"",""title"":""mdc_photo_mdc_e30ec9_cdv_photo_006_1768342794820.jpg"",""ext"":""jpg"",""panorama"":false,""isDir"":false},{""pathname"":""/Collected Media/map_1409686/layer_3667832/mdc_photo_mdc_f582a9_cdv_photo_007_1768342794820.jpg"",""rid"":41446998,""lid"":""3667832"",""fid"":""68316"",""field"":""site_photo"",""title"":""mdc_photo_mdc_f582a9_cdv_photo_007_1768342794820.jpg"",""ext"":""jpg"",""panorama"":false,""isDir"":false},{""pathname"":""/Collected Media/map_1409686/layer_3667832/mdc_photo_mdc_53343b_cdv_photo_008_1768342794820.jpg"",""rid"":41446999,""lid"":""3667832"",""fid"":""68316"",""field"":""site_photo"",""title"":""mdc_photo_mdc_53343b_cdv_photo_008_1768342794820.jpg"",""ext"":""jpg"",""panorama"":false,""isDir"":false},{""pathname"":""/Collected Media/map_1409686/layer_3667832/mdc_photo_mdc_fd04a2_cdv_photo_009_1768342794820.jpg"",""rid"":41447000,""lid"":""3667832"",""fid"":""68316"",""field"":""site_photo"",""title"":""mdc_photo_mdc_fd04a2_cdv_photo_009_1768342794820.jpg"",""ext"":""jpg"",""panorama"":false,""isDir"":false},{""pathname"":""/Collected Media/map_1409686/layer_3667832/mdc_photo_mdc_c94e35_cdv_photo_010_1768342794820.jpg"",""rid"":41447001,""lid"":""3667832"",""fid"":""68316"",""field"":""site_photo"",""title"":""mdc_photo_mdc_c94e35_cdv_photo_010_1768342794820.jpg"",""ext"":""jpg"",""panorama"":false,""isDir"":false},{""pathname"":""/Collected Media/map_1409686/layer_3667832/mdc_photo_mdc_7c229f_cdv_photo_052_1768848349006.jpg"",""rid"":41492688,""lid"":""3667832"",""fid"":""68316"",""field"":""site_photo"",""title"":""mdc_photo_mdc_7c229f_cdv_photo_052_1768848349006.jpg"",""ext"":""jpg"",""panorama"":false,""isDir"":false},{""pathname"":""/Collected Media/map_1409686/layer_3667832/mdc_photo_mdc_070af2_cdv_photo_053_1768848349006.jpg"",""rid"":41492689,""lid"":""3667832"",""fid"":""68316"",""field"":""site_photo"",""title"":""mdc_photo_mdc_070af2_cdv_photo_053_1768848349006.jpg"",""ext"":""jpg"",""panorama"":false,""isDir"":false},{""pathname"":""/Collected Media/map_1409686/layer_3667832/mdc_photo_mdc_7d62c0_cdv_photo_054_1768848349006.jpg"",""rid"":41492690,""lid"":""3667832"",""fid"":""68316"",""field"":""site_photo"",""title"":""mdc_photo_mdc_7d62c0_cdv_photo_054_1768848349006.jpg"",""ext"":""jpg"",""panorama"":false,""isDir"":false}]",,KS,,Sanitary,,James Atwood,James Atwood,,,2026-01-13,2026-01-19,,,2400 LETS,2400 PO,,,
OFFICE REVIEW,2026-01-19,Kansas,108,West,NEW ST,COFFEYVILLE ,2400,,0.250000000000,2025-12-19,,,3145 ,James Atwood,Michael Parrish,,2026-01-19,,,,,,,,,,,,,0,0,0,0,,,,,,,,,,,,,,,,No,West,,,,,,,,,,,,,,,,,,,Pre,BRADLEY.EDLIN@ATMOSENERGY.COM ,,,1,238.800000000000,LETS,,MH 206 N WALNUT ST ,,,,,"UNKNOWN BLOCKAGE GOT STOPPED UNDER GARAGE 
1/19/26 TRIED TO PUSH P-TRAP WAS UNSUCCESSFUL DUE TO IT BEING SO DEEP AND TURNING IMMEDIATELY ",1,1,0401,"___json[{""pathname"":""/Collected Media/map_1409686/layer_3667832/mdc_photo_mdc_9446f4_cdv_photo_005_1766169763402.jpg"",""rid"":41295490,""lid"":""3667832"",""fid"":""68321"",""field"":""photo_of_map"",""title"":""mdc_photo_mdc_9446f4_cdv_photo_005_1766169763402.jpg"",""ext"":""jpg"",""panorama"":false,""isDir"":false}]",,,82,80,85,TAP,EOA,END,238.800000000000,7.300000000000,30.100000000000,,Yes,,06052582 ,No,OFFICE REVIEW,BAD VISUAL,,,,12/29/25,,,,Charlton Moren,,,,Fail,,,,,,,,,Lateral ,"___json[{""pathname"":""/Collected Media/map_1409686/layer_3667832/mdc_photo_mdc_b55955_cdv_photo_003_1766168627606.jpg"",""rid"":41295196,""lid"":""3667832"",""fid"":""68321"",""field"":""site_photo"",""title"":""mdc_photo_mdc_b55955_cdv_photo_003_1766168627606.jpg"",""ext"":""jpg"",""panorama"":false,""isDir"":false},{""pathname"":""/Collected Media/map_1409686/layer_3667832/mdc_photo_mdc_bab8e0_cdv_photo_004_1766168627606.jpg"",""rid"":41295197,""lid"":""3667832"",""fid"":""68321"",""field"":""site_photo"",""title"":""mdc_photo_mdc_bab8e0_cdv_photo_004_1766168627606.jpg"",""ext"":""jpg"",""panorama"":false,""isDir"":false},{""pathname"":""/Collected Media/map_1409686/layer_3667832/mdc_photo_mdc_156625_cdv_photo_055_1768850003177.jpg"",""rid"":41492877,""lid"":""3667832"",""fid"":""68321"",""field"":""site_photo"",""title"":""mdc_photo_mdc_156625_cdv_photo_055_1768850003177.jpg"",""ext"":""jpg"",""panorama"":false,""isDir"":false}]",,KS,,Sanitary,,James Atwood,,,,2025-12-19,,,,2400 LETS,,,,https://pioneer.sewerai.com/dashboard/review/d8814028-1316-44d9-973e-b9ecf0c304ea?t=0&limit=30&offset=0&status=uploaded&client_reviewed=false&issues=false&project=24PV0401+ATMOS+-+KS&ordering=-Inspection_Date&inspection_datetime__lte=2025-12-20T23%3A59%3A59-06%3A00
PRECON COMPLETE,2026-01-19,Kansas,201,West,NEW ST,COFFEYVILLE ,2400,,0.50,2026-01-19,,,3145 ,James Atwood,Michael Parrish,,2026-01-19,,,,,,,20,39,48,,,,0,0,0,0,,,,,,,C/O,GO,END,,,,,,,No,East,,,,,,,0.00,51.0,82.4,,,,,,,,,,Pre,BRADLEY.EDLIN@ATMOSENERGY.COM ,,,1,361.2,LETS,,MH 108 N ELM ST ,,,,,"RB / HAS VCO
1/19/26 PUSHED TO CONNECT INTO WHERE LETS ENDED
1ST MAP ADRESS SHOWS 101 SHOULD BE 201",1,2,0401,"___json[{""pathname"":""/Collected Media/map_1409686/layer_3667832/mdc_photo_mdc_01f068_cdv_photo_000_1767821079530.jpg"",""rid"":41392945,""lid"":""3667832"",""fid"":""68339"",""field"":""photo_of_map"",""title"":""mdc_photo_mdc_01f068_cdv_photo_000_1767821079530.jpg"",""ext"":""jpg"",""panorama"":false,""isDir"":false},{""pathname"":""/Collected Media/map_1409686/layer_3667832/mdc_photo_mdc_626342_cdv_photo_000_1768856253526.jpg"",""rid"":41493434,""lid"":""3667832"",""fid"":""68339"",""field"":""photo_of_map"",""title"":""mdc_photo_mdc_626342_cdv_photo_000_1768856253526.jpg"",""ext"":""jpg"",""panorama"":false,""isDir"":false}]",1,,87,48,48,TAP,12T,RB/END,361.2,10.3,13.0,,Yes,,06052582 ,,PRECON COMPLETE,,,,,/20,,,,,,,,,,,,,,,,,Lateral ,"___json[{""pathname"":""/Collected Media/map_1409686/layer_3667832/mdc_photo_mdc_18522b_cdv_photo_001_1767821079531.jpg"",""rid"":41392946,""lid"":""3667832"",""fid"":""68339"",""field"":""site_photo"",""title"":""mdc_photo_mdc_18522b_cdv_photo_001_1767821079531.jpg"",""ext"":""jpg"",""panorama"":false,""isDir"":false},{""pathname"":""/Collected Media/map_1409686/layer_3667832/mdc_photo_mdc_ed5abb_cdv_photo_002_1767821079531.jpg"",""rid"":41392947,""lid"":""3667832"",""fid"":""68339"",""field"":""site_photo"",""title"":""mdc_photo_mdc_ed5abb_cdv_photo_002_1767821079531.jpg"",""ext"":""jpg"",""panorama"":false,""isDir"":false},{""pathname"":""/Collected Media/map_1409686/layer_3667832/mdc_photo_mdc_de3ad7_cdv_photo_003_1767821079531.jpg"",""rid"":41392948,""lid"":""3667832"",""fid"":""68339"",""field"":""site_photo"",""title"":""mdc_photo_mdc_de3ad7_cdv_photo_003_1767821079531.jpg"",""ext"":""jpg"",""panorama"":false,""isDir"":false},{""pathname"":""/Collected Media/map_1409686/layer_3667832/mdc_photo_mdc_4d9c83_cdv_photo_001_1768856253526.jpg"",""rid"":41493435,""lid"":""3667832"",""fid"":""68339"",""field"":""site_photo"",""title"":""mdc_photo_mdc_4d9c83_cdv_photo_001_1768856253526.jpg"",""ext"":""jpg"",""panorama"":false,""isDir"":false},{""pathname"":""/Collected Media/map_1409686/layer_3667832/mdc_photo_mdc_27f08a_cdv_photo_002_1768856253526.jpg"",""rid"":41493436,""lid"":""3667832"",""fid"":""68339"",""field"":""site_photo"",""title"":""mdc_photo_mdc_27f08a_cdv_photo_002_1768856253526.jpg"",""ext"":""jpg"",""panorama"":false,""isDir"":false},{""pathname"":""/Collected Media/map_1409686/layer_3667832/mdc_photo_mdc_b587b8_cdv_photo_003_1768856253526.jpg"",""rid"":41493437,""lid"":""3667832"",""fid"":""68339"",""field"":""site_photo"",""title"":""mdc_photo_mdc_b587b8_cdv_photo_003_1768856253526.jpg"",""ext"":""jpg"",""panorama"":false,""isDir"":false},{""pathname"":""/Collected Media/map_1409686/layer_3667832/mdc_photo_mdc_87919e_cdv_photo_004_1768856253526.jpg"",""rid"":41493438,""lid"":""3667832"",""fid"":""68339"",""field"":""site_photo"",""title"":""mdc_photo_mdc_87919e_cdv_photo_004_1768856253526.jpg"",""ext"":""jpg"",""panorama"":false,""isDir"":false}]",,KS,,Sanitary,,James Atwood,James Atwood,,,2026-01-07,2026-01-19,,,2400 LETS,2400 PO,,,
PRECON COMPLETE,2026-01-19,Kansas,207,West,NEW ST,COFFEYVILLE ,2400,,0.25,2026-01-19,,,3145 ,James Atwood,Michael Parrish,,2026-01-19,,,,,,,16,16,16,19,16,,0,0,0,0,,,,,,,END,C/O,9T/END,C/O,3T/9T/END,,,,,No,North,,,,,,,73.8,0.00,6.5,0.00,5.10,,,,,,,,Pre,BRADLEY.EDLIN@ATMOSENERGY.COM ,,,1,217.7,LETS,,MH 108 N ELM ST ,,,,,"GOT STOPPED AT UNKNOWN BLOCKAGE / HAS MULTIPLE VCO’S
1/19/26 PUSHED 1C/O TO CONNECT INTO LETS ENDED VIDEO AND THEN PUSHED A 3T C/O ",1,3,0401,"___json[{""pathname"":""/Collected Media/map_1409686/layer_3667832/mdc_photo_mdc_1e9dbc_cdv_photo_007_1767812993040.jpg"",""rid"":41391953,""lid"":""3667832"",""fid"":""68342"",""field"":""photo_of_map"",""title"":""mdc_photo_mdc_1e9dbc_cdv_photo_007_1767812993040.jpg"",""ext"":""jpg"",""panorama"":false,""isDir"":false},{""pathname"":""/Collected Media/map_1409686/layer_3667832/mdc_photo_mdc_52eb0a_cdv_photo_005_1768856594247.jpg"",""rid"":41493474,""lid"":""3667832"",""fid"":""68342"",""field"":""photo_of_map"",""title"":""mdc_photo_mdc_52eb0a_cdv_photo_005_1768856594247.jpg"",""ext"":""jpg"",""panorama"":false,""isDir"":false},{""pathname"":""/Collected Media/map_1409686/layer_3667832/mdc_photo_mdc_d618ee_cdv_photo_006_1768856594247.jpg"",""rid"":41493475,""lid"":""3667832"",""fid"":""68342"",""field"":""photo_of_map"",""title"":""mdc_photo_mdc_d618ee_cdv_photo_006_1768856594247.jpg"",""ext"":""jpg"",""panorama"":false,""isDir"":false}]",2,,82,17,13,TAP,GO,GO,217.7,25.0,58.0,,Yes,,06052582 ,,PRECON COMPLETE,,,,,/20,,,,,,,,,,,,,,,,,Lateral ,"___json[{""pathname"":""/Collected Media/map_1409686/layer_3667832/mdc_photo_mdc_09d8ec_cdv_photo_008_1767812993040.jpg"",""rid"":41391954,""lid"":""3667832"",""fid"":""68342"",""field"":""site_photo"",""title"":""mdc_photo_mdc_09d8ec_cdv_photo_008_1767812993040.jpg"",""ext"":""jpg"",""panorama"":false,""isDir"":false},{""pathname"":""/Collected Media/map_1409686/layer_3667832/mdc_photo_mdc_b23f01_cdv_photo_009_1767812993040.jpg"",""rid"":41391955,""lid"":""3667832"",""fid"":""68342"",""field"":""site_photo"",""title"":""mdc_photo_mdc_b23f01_cdv_photo_009_1767812993040.jpg"",""ext"":""jpg"",""panorama"":false,""isDir"":false},{""pathname"":""/Collected Media/map_1409686/layer_3667832/mdc_photo_mdc_58ee81_cdv_photo_010_1767812993040.jpg"",""rid"":41391956,""lid"":""3667832"",""fid"":""68342"",""field"":""site_photo"",""title"":""mdc_photo_mdc_58ee81_cdv_photo_010_1767812993040.jpg"",""ext"":""jpg"",""panorama"":false,""isDir"":false},{""pathname"":""/Collected Media/map_1409686/layer_3667832/mdc_photo_mdc_2faac0_cdv_photo_011_1767812993040.jpg"",""rid"":41391957,""lid"":""3667832"",""fid"":""68342"",""field"":""site_photo"",""title"":""mdc_photo_mdc_2faac0_cdv_photo_011_1767812993040.jpg"",""ext"":""jpg"",""panorama"":false,""isDir"":false},{""pathname"":""/Collected Media/map_1409686/layer_3667832/mdc_photo_mdc_3256ff_cdv_photo_012_1767812993040.jpg"",""rid"":41391958,""lid"":""3667832"",""fid"":""68342"",""field"":""site_photo"",""title"":""mdc_photo_mdc_3256ff_cdv_photo_012_1767812993040.jpg"",""ext"":""jpg"",""panorama"":false,""isDir"":false},{""pathname"":""/Collected Media/map_1409686/layer_3667832/mdc_photo_mdc_cef3a3_cdv_photo_007_1768856594247.jpg"",""rid"":41493476,""lid"":""3667832"",""fid"":""68342"",""field"":""site_photo"",""title"":""mdc_photo_mdc_cef3a3_cdv_photo_007_1768856594247.jpg"",""ext"":""jpg"",""panorama"":false,""isDir"":false},{""pathname"":""/Collected Media/map_1409686/layer_3667832/mdc_photo_mdc_21a63e_cdv_photo_008_1768856594247.jpg"",""rid"":41493477,""lid"":""3667832"",""fid"":""68342"",""field"":""site_photo"",""title"":""mdc_photo_mdc_21a63e_cdv_photo_008_1768856594247.jpg"",""ext"":""jpg"",""panorama"":false,""isDir"":false},{""pathname"":""/Collected Media/map_1409686/layer_3667832/mdc_photo_mdc_4612a9_cdv_photo_009_1768856594247.jpg"",""rid"":41493478,""lid"":""3667832"",""fid"":""68342"",""field"":""site_photo"",""title"":""mdc_photo_mdc_4612a9_cdv_photo_009_1768856594247.jpg"",""ext"":""jpg"",""panorama"":false,""isDir"":false},{""pathname"":""/Collected Media/map_1409686/layer_3667832/mdc_photo_mdc_ab39b4_cdv_photo_010_1768856594247.jpg"",""rid"":41493479,""lid"":""3667832"",""fid"":""68342"",""field"":""site_photo"",""title"":""mdc_photo_mdc_ab39b4_cdv_photo_010_1768856594247.jpg"",""ext"":""jpg"",""panorama"":false,""isDir"":false}]",,KS,,Sanitary,,James Atwood,James Atwood,James Atwood,,2026-01-07,2026-01-19,2026-01-19,,2400 LETS,2400 PO,2400 PO,,
PRECON COMPLETE,2026-01-19,Kansas,704,South,LINCOLN ST,HILLSBORO ,5200,,70.1,2026-01-19,,,3136 ,Eric Zerr,Carter Pacheco,,2026-01-19,,,,,,,24,24,,,,,0,0,0,0,,,,,,,12T,END,,,,,,,,No,South,,,,,,,42.5,46.7,,,,,,,,,,,Pre,BRADLEY.EDLIN@ATMOSENERGY.COM ,,,1,70.1,LETS,,MH 617 S LINCOLN ST ,,,,,"RAN FROM MAIN, THROUGH 12T (COULD BE VCO, THORNY BUSH IN WAY.), AND INTO FOUNDATION.",1,1,0401,"___json[{""pathname"":""/Collected Media/map_1409686/layer_3667832/mdc_photo_mdc_183087_cdv_photo_012_1768849811187.jpg"",""rid"":41492852,""lid"":""3667832"",""fid"":""68657"",""field"":""photo_of_map"",""title"":""mdc_photo_mdc_183087_cdv_photo_012_1768849811187.jpg"",""ext"":""jpg"",""panorama"":false,""isDir"":false}]",,,94,19,26,TAP,EOR,GO,70.1,14.5,30.0,,Yes,,06059903 ,,PRECON COMPLETE,,,,,/20,,,,,,,,,,,,,,,,,Lateral ,"___json[{""pathname"":""/Collected Media/map_1409686/layer_3667832/mdc_photo_mdc_86f348_cdv_photo_009_1768849811187.jpg"",""rid"":41492853,""lid"":""3667832"",""fid"":""68657"",""field"":""site_photo"",""title"":""mdc_photo_mdc_86f348_cdv_photo_009_1768849811187.jpg"",""ext"":""jpg"",""panorama"":false,""isDir"":false},{""pathname"":""/Collected Media/map_1409686/layer_3667832/mdc_photo_mdc_986f62_cdv_photo_010_1768849811187.jpg"",""rid"":41492854,""lid"":""3667832"",""fid"":""68657"",""field"":""site_photo"",""title"":""mdc_photo_mdc_986f62_cdv_photo_010_1768849811187.jpg"",""ext"":""jpg"",""panorama"":false,""isDir"":false},{""pathname"":""/Collected Media/map_1409686/layer_3667832/mdc_photo_mdc_f13968_cdv_photo_011_1768849811187.jpg"",""rid"":41492855,""lid"":""3667832"",""fid"":""68657"",""field"":""site_photo"",""title"":""mdc_photo_mdc_f13968_cdv_photo_011_1768849811187.jpg"",""ext"":""jpg"",""panorama"":false,""isDir"":false}]",,KS,,Sanitary,,Eric Zerr,,,,2026-01-19,,,,5200 LETS,,,,
PRECON COMPLETE,2026-01-19,Kansas,707,South,LINCOLN ST,HILLSBORO ,5200,,0.25,2026-01-19,,,3136 ,Eric Zerr,Carter Pacheco,,2026-01-19,,,,,,,89,0,92,,,,0,0,0,0,,,,,,,GO,12T/UNDER BUSH,END,,,,,,,No,South,,,,,,,54.8,56.0,62.2,,,,,,,,,,Pre,BRADLEY.EDLIN@ATMOSENERGY.COM ,,,1,134.5,LETS,,MH 617 S LINCOLN ST ,,,,,"RAN FROM MAIN, THROUGH 12T (VCO COULD BE UNDER TREE IN SIGHT PHOTO, DID NOT SEE IT.), AND INTO FOUNATION.",1,1,0401,"___json[{""pathname"":""/Collected Media/map_1409686/layer_3667832/mdc_photo_mdc_15201f_cdv_photo_018_1768848992136.jpg"",""rid"":41492750,""lid"":""3667832"",""fid"":""68655"",""field"":""photo_of_map"",""title"":""mdc_photo_mdc_15201f_cdv_photo_018_1768848992136.jpg"",""ext"":""jpg"",""panorama"":false,""isDir"":false}]",,,9,74,76,TAP,EOR,PRL,134.5,17.1,30.5,,Yes,,06059903 ,,PRECON COMPLETE,,,,,/20,,,,,,,,,,,,,,,,,Lateral ,"___json[{""pathname"":""/Collected Media/map_1409686/layer_3667832/mdc_photo_mdc_56faff_cdv_photo_013_1768848992136.jpg"",""rid"":41492751,""lid"":""3667832"",""fid"":""68655"",""field"":""site_photo"",""title"":""mdc_photo_mdc_56faff_cdv_photo_013_1768848992136.jpg"",""ext"":""jpg"",""panorama"":false,""isDir"":false},{""pathname"":""/Collected Media/map_1409686/layer_3667832/mdc_photo_mdc_8510f7_cdv_photo_014_1768848992136.jpg"",""rid"":41492752,""lid"":""3667832"",""fid"":""68655"",""field"":""site_photo"",""title"":""mdc_photo_mdc_8510f7_cdv_photo_014_1768848992136.jpg"",""ext"":""jpg"",""panorama"":false,""isDir"":false},{""pathname"":""/Collected Media/map_1409686/layer_3667832/mdc_photo_mdc_e08b98_cdv_photo_015_1768848992136.jpg"",""rid"":41492753,""lid"":""3667832"",""fid"":""68655"",""field"":""site_photo"",""title"":""mdc_photo_mdc_e08b98_cdv_photo_015_1768848992136.jpg"",""ext"":""jpg"",""panorama"":false,""isDir"":false},{""pathname"":""/Collected Media/map_1409686/layer_3667832/mdc_photo_mdc_2de08d_cdv_photo_016_1768848992136.jpg"",""rid"":41492754,""lid"":""3667832"",""fid"":""68655"",""field"":""site_photo"",""title"":""mdc_photo_mdc_2de08d_cdv_photo_016_1768848992136.jpg"",""ext"":""jpg"",""panorama"":false,""isDir"":false},{""pathname"":""/Collected Media/map_1409686/layer_3667832/mdc_photo_mdc_191aed_cdv_photo_017_1768848992136.jpg"",""rid"":41492755,""lid"":""3667832"",""fid"":""68655"",""field"":""site_photo"",""title"":""mdc_photo_mdc_191aed_cdv_photo_017_1768848992136.jpg"",""ext"":""jpg"",""panorama"":false,""isDir"":false}]",,KS,,Sanitary,,Eric Zerr,,,,2026-01-19,,,,5200 LETS,,,,
PRECON COMPLETE,2026-01-19,Kansas,708,South,LINCOLN ST,HILLSBORO ,5200,,,2026-01-19,,,3136 ,Eric Zerr,Carter Pacheco,,2026-01-19,,,,,,,29,30,,,,,0,0,0,0,,,,,,,12T/VCO,END,,,,,,,,No,South,,,,,,,40.0,43.6,,,,,,,,,,,Pre,BRADLEY.EDLIN@ATMOSENERGY.COM ,,,1,157.9,LETS,,MH 617 S LINCOLN ST ,,,,,"RAN FROM MAIN, THROUGH VCO, AND INTO FOUNDATION.",1,1,0401,"___json[{""pathname"":""/Collected Media/map_1409686/layer_3667832/mdc_photo_mdc_a587d9_cdv_photo_004_1768862863427.jpg"",""rid"":41493669,""lid"":""3667832"",""fid"":""68660"",""field"":""photo_of_map"",""title"":""mdc_photo_mdc_a587d9_cdv_photo_004_1768862863427.jpg"",""ext"":""jpg"",""panorama"":false,""isDir"":false}]",,,93,19,27,TAP,EOR,GO,157.9,13.7,30.2,,Yes,,06059903 ,,PRECON COMPLETE,,,,,/20,,,,,,,,,,,,,,,,,Lateral ,"___json[{""pathname"":""/Collected Media/map_1409686/layer_3667832/mdc_photo_mdc_7de804_cdv_photo_000_1768862863427.jpg"",""rid"":41493670,""lid"":""3667832"",""fid"":""68660"",""field"":""site_photo"",""title"":""mdc_photo_mdc_7de804_cdv_photo_000_1768862863427.jpg"",""ext"":""jpg"",""panorama"":false,""isDir"":false},{""pathname"":""/Collected Media/map_1409686/layer_3667832/mdc_photo_mdc_092bc4_cdv_photo_001_1768862863427.jpg"",""rid"":41493671,""lid"":""3667832"",""fid"":""68660"",""field"":""site_photo"",""title"":""mdc_photo_mdc_092bc4_cdv_photo_001_1768862863427.jpg"",""ext"":""jpg"",""panorama"":false,""isDir"":false},{""pathname"":""/Collected Media/map_1409686/layer_3667832/mdc_photo_mdc_9762fa_cdv_photo_002_1768862863427.jpg"",""rid"":41493672,""lid"":""3667832"",""fid"":""68660"",""field"":""site_photo"",""title"":""mdc_photo_mdc_9762fa_cdv_photo_002_1768862863427.jpg"",""ext"":""jpg"",""panorama"":false,""isDir"":false},{""pathname"":""/Collected Media/map_1409686/layer_3667832/mdc_photo_mdc_51aa37_cdv_photo_003_1768862863428.jpg"",""rid"":41493673,""lid"":""3667832"",""fid"":""68660"",""field"":""site_photo"",""title"":""mdc_photo_mdc_51aa37_cdv_photo_003_1768862863428.jpg"",""ext"":""jpg"",""panorama"":false,""isDir"":false}]",,KS,,Sanitary,,Eric Zerr,,,,2026-01-19,,,,5200 LETS,,,,
PRECON COMPLETE,2026-01-19,Kansas,711,South,LINCOLN ST,HILLSBORO ,5200,,0.25,2026-01-19,,,3136 ,Eric Zerr,Carter Pacheco,,2026-01-19,,,,,,,81,81,,,,,0,0,0,0,,,,,,,VCO/12T,END,,,,,,,,No,South,,,,,,,51.9,53.0,,,,,,,,,,,Pre,BRADLEY.EDLIN@ATMOSENERGY.COM ,,,1,218.8,LETS,,MH 617 S LINCOLN ST ,,,,,"RAN FROM MAIN, THROUGH VCO, AND RAN INTO BACKFLOW PREVENTER AB0UT 5FT FROM FD",1,1,0401,"___json[{""pathname"":""/Collected Media/map_1409686/layer_3667832/mdc_photo_mdc_76de0b_cdv_photo_009_1768862871812.jpg"",""rid"":41493674,""lid"":""3667832"",""fid"":""68661"",""field"":""photo_of_map"",""title"":""mdc_photo_mdc_76de0b_cdv_photo_009_1768862871812.jpg"",""ext"":""jpg"",""panorama"":false,""isDir"":false}]",,,94,74,81,TAP,EOR,GO,218.8,16.8,34.8,,Yes,,06059903 ,,PRECON COMPLETE,,,,,/20,,,,,,,,,,,,,,,,,Lateral ,"___json[{""pathname"":""/Collected Media/map_1409686/layer_3667832/mdc_photo_mdc_606b62_cdv_photo_005_1768862871812.jpg"",""rid"":41493675,""lid"":""3667832"",""fid"":""68661"",""field"":""site_photo"",""title"":""mdc_photo_mdc_606b62_cdv_photo_005_1768862871812.jpg"",""ext"":""jpg"",""panorama"":false,""isDir"":false},{""pathname"":""/Collected Media/map_1409686/layer_3667832/mdc_photo_mdc_8a7e9b_cdv_photo_006_1768862871812.jpg"",""rid"":41493676,""lid"":""3667832"",""fid"":""68661"",""field"":""site_photo"",""title"":""mdc_photo_mdc_8a7e9b_cdv_photo_006_1768862871812.jpg"",""ext"":""jpg"",""panorama"":false,""isDir"":false},{""pathname"":""/Collected Media/map_1409686/layer_3667832/mdc_photo_mdc_38cded_cdv_photo_007_1768862871812.jpg"",""rid"":41493677,""lid"":""3667832"",""fid"":""68661"",""field"":""site_photo"",""title"":""mdc_photo_mdc_38cded_cdv_photo_007_1768862871812.jpg"",""ext"":""jpg"",""panorama"":false,""isDir"":false},{""pathname"":""/Collected Media/map_1409686/layer_3667832/mdc_photo_mdc_70dfd9_cdv_photo_008_1768862871812.jpg"",""rid"":41493678,""lid"":""3667832"",""fid"":""68661"",""field"":""site_photo"",""title"":""mdc_photo_mdc_70dfd9_cdv_photo_008_1768862871812.jpg"",""ext"":""jpg"",""panorama"":false,""isDir"":false}]",,KS,,Sanitary,,Eric Zerr,,,,2026-01-19,,,,5200 LETS,,,,
PRECON COMPLETE,2026-01-20,Kansas,112,North,ELM ST,COFFEYVILLE,5200,,0.25,2026-01-20,,,3145 ,Eric Zerr,Preston Williams,,2026-01-20,,,,,,,27,24,18,18,22,18,0,0,0,0,,,,,,,12T/VCO,GO,GO,END,C/O,9T / END,,,,No,East,,,,,,,14.9,50.1,71.9,73.0,0.00,17.5,,,,,,,Pre,Bradley.edlin@atmosenergy.com ,,,1,234.0,LETS,,MH 111 W NEW ST,,,,,"12/16/25 5200 TRUCK
STOPPED AT A OFFSET INSIDE 3OCLOCK BEND
HAS VCO/POSSIBLE P-TRAP
1/20/26 PUSHED TO CONNECT INTO LETS END VIDEO TRIED TO PUSH THE OTHER 10” TO FOUNDATION BUT DIDNT SUCCEED AT ALL THERE IS NO CONFLICT GAS IS ON THE NORTH EAST OF THE PROPERTY AND SEWER IS ON THE WEST SIDE OF THE PROPERTY ",1,2,0401,"___json[{""pathname"":""/Collected Media/map_1409686/layer_3667832/mdc_photo_mdc_5f5c27_cdv_photo_061_1765908989730.jpg"",""rid"":41252304,""lid"":""3667832"",""fid"":""68317"",""field"":""photo_of_map"",""title"":""mdc_photo_mdc_5f5c27_cdv_photo_061_1765908989730.jpg"",""ext"":""jpg"",""panorama"":false,""isDir"":false},{""pathname"":""/Collected Media/map_1409686/layer_3667832/mdc_photo_mdc_16d113_cdv_photo_027_1768929647909.jpg"",""rid"":41502454,""lid"":""3667832"",""fid"":""68317"",""field"":""photo_of_map"",""title"":""mdc_photo_mdc_16d113_cdv_photo_027_1768929647909.jpg"",""ext"":""jpg"",""panorama"":false,""isDir"":false}]",1,,84,60,35,TAP,COA,EOA,234.0,7.6,11.5,,Yes,,06052582 ,,PRECON COMPLETE,,,,,/20,,,,,,,,,,,,,,,,,Lateral ,"___json[{""pathname"":""/Collected Media/map_1409686/layer_3667832/mdc_photo_mdc_ac178b_cdv_photo_062_1765908989730.jpg"",""rid"":41252305,""lid"":""3667832"",""fid"":""68317"",""field"":""site_photo"",""title"":""mdc_photo_mdc_ac178b_cdv_photo_062_1765908989730.jpg"",""ext"":""jpg"",""panorama"":false,""isDir"":false},{""pathname"":""/Collected Media/map_1409686/layer_3667832/mdc_photo_mdc_be6f63_cdv_photo_063_1765908989730.jpg"",""rid"":41252306,""lid"":""3667832"",""fid"":""68317"",""field"":""site_photo"",""title"":""mdc_photo_mdc_be6f63_cdv_photo_063_1765908989730.jpg"",""ext"":""jpg"",""panorama"":false,""isDir"":false},{""pathname"":""/Collected Media/map_1409686/layer_3667832/mdc_photo_mdc_c77755_cdv_photo_064_1765908989730.jpg"",""rid"":41252307,""lid"":""3667832"",""fid"":""68317"",""field"":""site_photo"",""title"":""mdc_photo_mdc_c77755_cdv_photo_064_1765908989730.jpg"",""ext"":""jpg"",""panorama"":false,""isDir"":false},{""pathname"":""/Collected Media/map_1409686/layer_3667832/mdc_photo_mdc_c86ec8_cdv_photo_065_1765908989730.jpg"",""rid"":41252308,""lid"":""3667832"",""fid"":""68317"",""field"":""site_photo"",""title"":""mdc_photo_mdc_c86ec8_cdv_photo_065_1765908989730.jpg"",""ext"":""jpg"",""panorama"":false,""isDir"":false},{""pathname"":""/Collected Media/map_1409686/layer_3667832/mdc_photo_mdc_633e55_cdv_photo_066_1765908989730.jpg"",""rid"":41252309,""lid"":""3667832"",""fid"":""68317"",""field"":""site_photo"",""title"":""mdc_photo_mdc_633e55_cdv_photo_066_1765908989730.jpg"",""ext"":""jpg"",""panorama"":false,""isDir"":false},{""pathname"":""/Collected Media/map_1409686/layer_3667832/mdc_photo_mdc_5a2515_cdv_photo_067_1765908989730.jpg"",""rid"":41252310,""lid"":""3667832"",""fid"":""68317"",""field"":""site_photo"",""title"":""mdc_photo_mdc_5a2515_cdv_photo_067_1765908989730.jpg"",""ext"":""jpg"",""panorama"":false,""isDir"":false},{""pathname"":""/Collected Media/map_1409686/layer_3667832/mdc_photo_mdc_6ab1f1_cdv_photo_068_1765908989730.jpg"",""rid"":41252311,""lid"":""3667832"",""fid"":""68317"",""field"":""site_photo"",""title"":""mdc_photo_mdc_6ab1f1_cdv_photo_068_1765908989730.jpg"",""ext"":""jpg"",""panorama"":false,""isDir"":false},{""pathname"":""/Collected Media/map_1409686/layer_3667832/mdc_photo_mdc_9c7209_cdv_photo_069_1765908989730.jpg"",""rid"":41252312,""lid"":""3667832"",""fid"":""68317"",""field"":""site_photo"",""title"":""mdc_photo_mdc_9c7209_cdv_photo_069_1765908989730.jpg"",""ext"":""jpg"",""panorama"":false,""isDir"":false},{""pathname"":""/Collected Media/map_1409686/layer_3667832/mdc_photo_mdc_ca346b_cdv_photo_030_1768929647909.jpg"",""rid"":41502455,""lid"":""3667832"",""fid"":""68317"",""field"":""site_photo"",""title"":""mdc_photo_mdc_ca346b_cdv_photo_030_1768929647909.jpg"",""ext"":""jpg"",""panorama"":false,""isDir"":false},{""pathname"":""/Collected Media/map_1409686/layer_3667832/mdc_photo_mdc_e1d103_cdv_photo_031_1768929647909.jpg"",""rid"":41502456,""lid"":""3667832"",""fid"":""68317"",""field"":""site_photo"",""title"":""mdc_photo_mdc_e1d103_cdv_photo_031_1768929647909.jpg"",""ext"":""jpg"",""panorama"":false,""isDir"":false}]",,KS,,Sanitary,,Eric Zerr,,,,2025-12-16,,,,5200 LETS,,,,
PRECON COMPLETE,2026-01-20,Kansas,111,West,NEW ST,COFFEYVILLE ,2400,,,2026-01-20,,,3145 ,James Atwood,Michael Parrish,,2026-01-20,,,,,,,0,,,,,,0,0,0,0,,,,,,,END,,,,,,,,,No,North,,,,,,,29.7,,,,,,,,,,,,Pre,BRADLEY.EDLIN@ATMOSENERGY.COM ,,,1,109.7,LETS,,MH 111 W NEW ST ,,,,," NEEDS PUSHED ACCESS TO VERIFY LINE 
1/20/26 GOT ACCESS TO VERIFY LINE FOUND THE C/O COULDNT PUSH DUE TO CACTUS AROUND IT , LINE IS GOOD THOUGH RAN IT IN LETS CLOSE TO C/O THIS HOUSE DOES NOT HAVE GAS AND WILL NOT BE RECIEVING GAS",1,1,0401,"___json[{""pathname"":""/Collected Media/map_1409686/layer_3667832/mdc_photo_mdc_08a4be_cdv_photo_026_1766095386379.jpg"",""rid"":41285917,""lid"":""3667832"",""fid"":""68444"",""field"":""photo_of_map"",""title"":""mdc_photo_mdc_08a4be_cdv_photo_026_1766095386379.jpg"",""ext"":""jpg"",""panorama"":false,""isDir"":false}]",,,89,57,58,TAP,EOR,GO,109.7,13.5,17.5,,Yes,,06052582 ,,PRECON COMPLETE,,,,,/20,,,,,,,,,,,,,,,,,Lateral ,"___json[{""pathname"":""/Collected Media/map_1409686/layer_3667832/mdc_photo_mdc_eb2dce_cdv_photo_027_1766095386379.jpg"",""rid"":41285918,""lid"":""3667832"",""fid"":""68444"",""field"":""site_photo"",""title"":""mdc_photo_mdc_eb2dce_cdv_photo_027_1766095386379.jpg"",""ext"":""jpg"",""panorama"":false,""isDir"":false},{""pathname"":""/Collected Media/map_1409686/layer_3667832/mdc_photo_mdc_99f468_cdv_photo_028_1766095386379.jpg"",""rid"":41285919,""lid"":""3667832"",""fid"":""68444"",""field"":""site_photo"",""title"":""mdc_photo_mdc_99f468_cdv_photo_028_1766095386379.jpg"",""ext"":""jpg"",""panorama"":false,""isDir"":false},{""pathname"":""/Collected Media/map_1409686/layer_3667832/mdc_photo_mdc_f7e2bb_cdv_photo_029_1766095386379.jpg"",""rid"":41285920,""lid"":""3667832"",""fid"":""68444"",""field"":""site_photo"",""title"":""mdc_photo_mdc_f7e2bb_cdv_photo_029_1766095386379.jpg"",""ext"":""jpg"",""panorama"":false,""isDir"":false},{""pathname"":""/Collected Media/map_1409686/layer_3667832/mdc_photo_mdc_d57010_cdv_photo_032_1768933186637.jpg"",""rid"":41503153,""lid"":""3667832"",""fid"":""68444"",""field"":""site_photo"",""title"":""mdc_photo_mdc_d57010_cdv_photo_032_1768933186637.jpg"",""ext"":""jpg"",""panorama"":false,""isDir"":false},{""pathname"":""/Collected Media/map_1409686/layer_3667832/mdc_photo_mdc_01e771_cdv_photo_033_1768933186637.jpg"",""rid"":41503154,""lid"":""3667832"",""fid"":""68444"",""field"":""site_photo"",""title"":""mdc_photo_mdc_01e771_cdv_photo_033_1768933186637.jpg"",""ext"":""jpg"",""panorama"":false,""isDir"":false}]",,KS,,Sanitary,A,James Atwood,,,,2025-12-18,,,,2400 LETS,,,,
PRECON COMPLETE,2026-01-20,Kansas,114 ,North,ELM ST,COFFEYVILLE,5200,,0.75,2026-01-20,,,3145 ,Eric Zerr,Preston Williams,,2026-01-20,64,,,,,,72,68,64,64,72,63,0,0,0,0,END,,,,,,C/O,GO,GO,RB/END,C/O,GO,,,,No,East,71.8,,,,,,0.00,36.10,70.0,95.7,0.00,33.5,,,,,,,Pre,Bradley.edlin@atmosenergy.com ,,,1,200.6,LETS,,MH 111 W NEW ST,,,,,"12/16/25 5200 TRUCK
STOPPED BY UNKNOWN BLOCKAGE
NOT SURE WHAT HOUSE THIS LINE GOES TOO?
POSSIBLE PARTY LINE WITH HOUSES ON THE EAST SIDE OF THIS BLOCK
SITE PHOTOS SHOW VCO AT FAR END HOUSE 
1/20/26 ADDED 0.50 TO INVESTIGATION DUE TO PUSH PUSHED OUT A 6FT DEEP P-TRAP WAS SHORT FROM CONNECTING IN RAN OUT OF PUSH POWER AT THE ROOTBALL / 1/20/26 PUSHED FROM A NEWLY INSTALLED C/O TO CONNECT IT ALL IN PUSHED  71.8” HAD TO READJUST THE 1ST MAP DUE TO IT BEING DRAWN OUT TO FAR ",1,3,0401,"___json[{""pathname"":""/Collected Media/map_1409686/layer_3667832/mdc_photo_mdc_9bad37_cdv_photo_053_1765906271921.jpg"",""rid"":41251236,""lid"":""3667832"",""fid"":""68315"",""field"":""photo_of_map"",""title"":""mdc_photo_mdc_9bad37_cdv_photo_053_1765906271921.jpg"",""ext"":""jpg"",""panorama"":false,""isDir"":false},{""pathname"":""/Collected Media/map_1409686/layer_3667832/mdc_photo_mdc_2b105f_cdv_photo_020_1768929148670.jpg"",""rid"":41502431,""lid"":""3667832"",""fid"":""68315"",""field"":""photo_of_map"",""title"":""mdc_photo_mdc_2b105f_cdv_photo_020_1768929148670.jpg"",""ext"":""jpg"",""panorama"":false,""isDir"":false},{""pathname"":""/Collected Media/map_1409686/layer_3667832/mdc_photo_mdc_79545b_cdv_photo_000_1768936689074.jpg"",""rid"":41503863,""lid"":""3667832"",""fid"":""68315"",""field"":""photo_of_map"",""title"":""mdc_photo_mdc_79545b_cdv_photo_000_1768936689074.jpg"",""ext"":""jpg"",""panorama"":false,""isDir"":false}]",2,,84,70,70,TAP,EOA,END,200.6,9.5,18.3,,Yes,,06052582 ,,PRECON COMPLETE,,,,,/20,,,,,,,,,,,,,,,,,Lateral ,"___json[{""pathname"":""/Collected Media/map_1409686/layer_3667832/mdc_photo_mdc_5f8942_cdv_photo_054_1765906271921.jpg"",""rid"":41251237,""lid"":""3667832"",""fid"":""68315"",""field"":""site_photo"",""title"":""mdc_photo_mdc_5f8942_cdv_photo_054_1765906271921.jpg"",""ext"":""jpg"",""panorama"":false,""isDir"":false},{""pathname"":""/Collected Media/map_1409686/layer_3667832/mdc_photo_mdc_1b973a_cdv_photo_055_1765906271921.jpg"",""rid"":41251238,""lid"":""3667832"",""fid"":""68315"",""field"":""site_photo"",""title"":""mdc_photo_mdc_1b973a_cdv_photo_055_1765906271921.jpg"",""ext"":""jpg"",""panorama"":false,""isDir"":false},{""pathname"":""/Collected Media/map_1409686/layer_3667832/mdc_photo_mdc_b54489_cdv_photo_056_1765906271921.jpg"",""rid"":41251239,""lid"":""3667832"",""fid"":""68315"",""field"":""site_photo"",""title"":""mdc_photo_mdc_b54489_cdv_photo_056_1765906271921.jpg"",""ext"":""jpg"",""panorama"":false,""isDir"":false},{""pathname"":""/Collected Media/map_1409686/layer_3667832/mdc_photo_mdc_8f6f5c_cdv_photo_057_1765906271921.jpg"",""rid"":41251240,""lid"":""3667832"",""fid"":""68315"",""field"":""site_photo"",""title"":""mdc_photo_mdc_8f6f5c_cdv_photo_057_1765906271921.jpg"",""ext"":""jpg"",""panorama"":false,""isDir"":false},{""pathname"":""/Collected Media/map_1409686/layer_3667832/mdc_photo_mdc_f95fbd_cdv_photo_058_1765906271921.jpg"",""rid"":41251241,""lid"":""3667832"",""fid"":""68315"",""field"":""site_photo"",""title"":""mdc_photo_mdc_f95fbd_cdv_photo_058_1765906271921.jpg"",""ext"":""jpg"",""panorama"":false,""isDir"":false},{""pathname"":""/Collected Media/map_1409686/layer_3667832/mdc_photo_mdc_37b0cc_cdv_photo_059_1765906271921.jpg"",""rid"":41251242,""lid"":""3667832"",""fid"":""68315"",""field"":""site_photo"",""title"":""mdc_photo_mdc_37b0cc_cdv_photo_059_1765906271921.jpg"",""ext"":""jpg"",""panorama"":false,""isDir"":false},{""pathname"":""/Collected Media/map_1409686/layer_3667832/mdc_photo_mdc_25ecf5_cdv_photo_060_1765906271921.jpg"",""rid"":41251243,""lid"":""3667832"",""fid"":""68315"",""field"":""site_photo"",""title"":""mdc_photo_mdc_25ecf5_cdv_photo_060_1765906271921.jpg"",""ext"":""jpg"",""panorama"":false,""isDir"":false},{""pathname"":""/Collected Media/map_1409686/layer_3667832/mdc_photo_mdc_c0ede0_cdv_photo_021_1768929148670.jpg"",""rid"":41502432,""lid"":""3667832"",""fid"":""68315"",""field"":""site_photo"",""title"":""mdc_photo_mdc_c0ede0_cdv_photo_021_1768929148670.jpg"",""ext"":""jpg"",""panorama"":false,""isDir"":false},{""pathname"":""/Collected Media/map_1409686/layer_3667832/mdc_photo_mdc_f908ae_cdv_photo_022_1768929148670.jpg"",""rid"":41502433,""lid"":""3667832"",""fid"":""68315"",""field"":""site_photo"",""title"":""mdc_photo_mdc_f908ae_cdv_photo_022_1768929148670.jpg"",""ext"":""jpg"",""panorama"":false,""isDir"":false},{""pathname"":""/Collected Media/map_1409686/layer_3667832/mdc_photo_mdc_f2f3ce_cdv_photo_023_1768929148670.jpg"",""rid"":41502434,""lid"":""3667832"",""fid"":""68315"",""field"":""site_photo"",""title"":""mdc_photo_mdc_f2f3ce_cdv_photo_023_1768929148670.jpg"",""ext"":""jpg"",""panorama"":false,""isDir"":false},{""pathname"":""/Collected Media/map_1409686/layer_3667832/mdc_photo_mdc_09dda6_cdv_photo_024_1768929148670.jpg"",""rid"":41502435,""lid"":""3667832"",""fid"":""68315"",""field"":""site_photo"",""title"":""mdc_photo_mdc_09dda6_cdv_photo_024_1768929148670.jpg"",""ext"":""jpg"",""panorama"":false,""isDir"":false},{""pathname"":""/Collected Media/map_1409686/layer_3667832/mdc_photo_mdc_f431b8_cdv_photo_025_1768929148670.jpg"",""rid"":41502436,""lid"":""3667832"",""fid"":""68315"",""field"":""site_photo"",""title"":""mdc_photo_mdc_f431b8_cdv_photo_025_1768929148670.jpg"",""ext"":""jpg"",""panorama"":false,""isDir"":false},{""pathname"":""/Collected Media/map_1409686/layer_3667832/mdc_photo_mdc_eee66a_cdv_photo_001_1768936689074.jpg"",""rid"":41503864,""lid"":""3667832"",""fid"":""68315"",""field"":""site_photo"",""title"":""mdc_photo_mdc_eee66a_cdv_photo_001_1768936689074.jpg"",""ext"":""jpg"",""panorama"":false,""isDir"":false},{""pathname"":""/Collected Media/map_1409686/layer_3667832/mdc_photo_mdc_3ad43e_cdv_photo_002_1768936689074.jpg"",""rid"":41503865,""lid"":""3667832"",""fid"":""68315"",""field"":""site_photo"",""title"":""mdc_photo_mdc_3ad43e_cdv_photo_002_1768936689074.jpg"",""ext"":""jpg"",""panorama"":false,""isDir"":false}]",,KS,,Sanitary,,Eric Zerr,James Atwood,James Atwood,,2025-12-16,2026-01-20,2026-01-20,,5200 LETS,2400 PO,2400 PO,,
PRECON COMPLETE,2026-01-20,Kansas,707,South,LINCOLN ST,HILLSBORO ,5200,,0.25,2026-01-19,,,3136 ,Eric Zerr,Carter Pacheco,,2026-01-20,,,,,,,75,86,,,,,0,0,0,0,,,,,,,PRL,END/BLOCKAGE/POSSIBLE CAP.,,,,,,,,No,South,,,,,,,30.1,38.7,,,,,,,,,,,Pre,BRADLEY.EDLIN@ATMOSENERGY.COM ,,,1,138.3,LETS,,MH 617 S LINCOLN ST ,,,,,"WAS UNABLE TO GET LETS CAMERA INTO TAP DUE TO BALL BEING JUST SLIGHTLY TOO BIG FOR TAP OPENING. WILL NEED TO LETS AGAIN WITH NO BALL.

01/20/26-5200 TRUCK, ERIC ZERR, CARTER PACHECO, RAN LETS WITHOUGHT BALL FROM MAIN TO BLOCKAGE IN LINE, MMOST LIKELY CAP DUE TO LINE BEING ABANDONED AND ACTUVE LINE ALREADY BEEN FOUND. SEE SIGHT PHOTOS FOR DIRT BLOCKAGE",1,1,0401,"___json[{""pathname"":""/Collected Media/map_1409686/layer_3667832/mdc_photo_mdc_7c6982_cdv_photo_019_1768849729489.jpg"",""rid"":41492834,""lid"":""3667832"",""fid"":""68656"",""field"":""photo_of_map"",""title"":""mdc_photo_mdc_7c6982_cdv_photo_019_1768849729489.jpg"",""ext"":""jpg"",""panorama"":false,""isDir"":false},{""pathname"":""/Collected Media/map_1409686/layer_3667832/mdc_photo_mdc_5fb85d_cdv_photo_007_1768937255186.jpg"",""rid"":41504008,""lid"":""3667832"",""fid"":""68656"",""field"":""photo_of_map"",""title"":""mdc_photo_mdc_5fb85d_cdv_photo_007_1768937255186.jpg"",""ext"":""jpg"",""panorama"":false,""isDir"":false}]",,,96,96,74,TAP,TAP,EOR,138.3,138.8,17.8,,Yes,,06059903 ,,PRECON COMPLETE,,,,,/20,,,,,,,,,,,,,,,,,Lateral ,"___json[{""pathname"":""/Collected Media/map_1409686/layer_3667832/mdc_photo_mdc_fc2e83_cdv_photo_003_1768936630785.jpg"",""rid"":41503868,""lid"":""3667832"",""fid"":""68656"",""field"":""site_photo"",""title"":""mdc_photo_mdc_fc2e83_cdv_photo_003_1768936630785.jpg"",""ext"":""jpg"",""panorama"":false,""isDir"":false},{""pathname"":""/Collected Media/map_1409686/layer_3667832/mdc_photo_mdc_8c2867_cdv_photo_004_1768936630785.jpg"",""rid"":41503869,""lid"":""3667832"",""fid"":""68656"",""field"":""site_photo"",""title"":""mdc_photo_mdc_8c2867_cdv_photo_004_1768936630785.jpg"",""ext"":""jpg"",""panorama"":false,""isDir"":false},{""pathname"":""/Collected Media/map_1409686/layer_3667832/mdc_photo_mdc_0352f3_cdv_photo_005_1768936630785.jpg"",""rid"":41503870,""lid"":""3667832"",""fid"":""68656"",""field"":""site_photo"",""title"":""mdc_photo_mdc_0352f3_cdv_photo_005_1768936630785.jpg"",""ext"":""jpg"",""panorama"":false,""isDir"":false},{""pathname"":""/Collected Media/map_1409686/layer_3667832/mdc_photo_mdc_03204b_cdv_photo_006_1768936630785.jpg"",""rid"":41503871,""lid"":""3667832"",""fid"":""68656"",""field"":""site_photo"",""title"":""mdc_photo_mdc_03204b_cdv_photo_006_1768936630785.jpg"",""ext"":""jpg"",""panorama"":false,""isDir"":false},{""pathname"":""/Collected Media/map_1409686/layer_3667832/mdc_photo_mdc_a3f2ff_cdv_photo_000_1768938135747.jpg"",""rid"":41504088,""lid"":""3667832"",""fid"":""68656"",""field"":""site_photo"",""title"":""mdc_photo_mdc_a3f2ff_cdv_photo_000_1768938135747.jpg"",""ext"":""jpg"",""panorama"":false,""isDir"":false}]",,KS,,Sanitary,A,Eric Zerr,,,,2026-01-19,,,,5200 LETS,,,,
PRECON COMPLETE,2026-01-20,Kansas,MH 515 S WASHINGTON ST,South,LINCOLN ST,HILLSBORO ,5200,,0.25,2026-01-20,,,3136 ,Eric Zerr,Carter Pacheco,,2026-01-20,,,,,,,,,,,,,0,0,0,0,,,,,,,,,,,,,,,,No,South,,,,,,,,,,,,,,,,,,,Pre,BRADLEY.EDLIN@ATMOSENERGY.COM ,,,,,,,MH 515 S WASHINGTON ST ,,,,,RAN FROM MH 515 S WASHINGTON ST TO SOUTH,1,1,0401,"___json[{""pathname"":""/Collected Media/map_1409686/layer_3667832/mdc_photo_mdc_b8c8a3_cdv_photo_001_1768928213401.jpg"",""rid"":41502331,""lid"":""3667832"",""fid"":""68665"",""field"":""photo_of_map"",""title"":""mdc_photo_mdc_b8c8a3_cdv_photo_001_1768928213401.jpg"",""ext"":""jpg"",""panorama"":false,""isDir"":false}]",,,144,181,170,MH 515 S WASHINGTON ST,EOR,END/TO SOUTH,0.0,110.7,150.2,,Yes,,06059903 ,,PRECON COMPLETE,,,,,/20,,,,,,,,,,,,,,,,150.1,Main,"___json[{""pathname"":""/Collected Media/map_1409686/layer_3667832/mdc_photo_mdc_a64fc0_cdv_photo_002_1768928213401.jpg"",""rid"":41502332,""lid"":""3667832"",""fid"":""68665"",""field"":""site_photo"",""title"":""mdc_photo_mdc_a64fc0_cdv_photo_002_1768928213401.jpg"",""ext"":""jpg"",""panorama"":false,""isDir"":false}]",,KS,,Sanitary,TO SOUTH,Eric Zerr,,,,2026-01-20,,,,5200 LETS,,,,
PRECON COMPLETE,2026-01-20,Kansas,602,South,WASHINGTON ST,HILLSBORO ,5200,,,2026-01-20,,,3136 ,Eric Zerr,Carter Pacheco,,2026-01-20,,,,,,,76,,,,,,0,0,0,0,,,,,,,END,,,,,,,,,No,South,,,,,,,59.1,,,,,,,,,,,,Pre,BRADLEY.EDLIN@ATMOSENERGY.COM ,,,1,124.3,LETS,,MH 515 S WASHINGTON ST,,,,,RAN FROM MAIN TO FOUNDATION.,1,1,0401,"___json[{""pathname"":""/Collected Media/map_1409686/layer_3667832/mdc_photo_mdc_6444ee_cdv_photo_000_1768927950969.jpg"",""rid"":41502298,""lid"":""3667832"",""fid"":""68663"",""field"":""photo_of_map"",""title"":""mdc_photo_mdc_6444ee_cdv_photo_000_1768927950969.jpg"",""ext"":""jpg"",""panorama"":false,""isDir"":false}]",,,168,70,76,TAP,EOR,GO,124.3,18.6,45.1,,Yes,,06059903 ,,PRECON COMPLETE,,,,,/20,,,,,,,,,,,,,,,,,Lateral ,"___json[{""pathname"":""/Collected Media/map_1409686/layer_3667832/mdc_photo_mdc_567b9e_cdv_photo_004_1768926948767.jpg"",""rid"":41502054,""lid"":""3667832"",""fid"":""68663"",""field"":""site_photo"",""title"":""mdc_photo_mdc_567b9e_cdv_photo_004_1768926948767.jpg"",""ext"":""jpg"",""panorama"":false,""isDir"":false},{""pathname"":""/Collected Media/map_1409686/layer_3667832/mdc_photo_mdc_4cf4f6_cdv_photo_005_1768926948767.jpg"",""rid"":41502055,""lid"":""3667832"",""fid"":""68663"",""field"":""site_photo"",""title"":""mdc_photo_mdc_4cf4f6_cdv_photo_005_1768926948767.jpg"",""ext"":""jpg"",""panorama"":false,""isDir"":false},{""pathname"":""/Collected Media/map_1409686/layer_3667832/mdc_photo_mdc_d4a9b5_cdv_photo_006_1768926948767.jpg"",""rid"":41502056,""lid"":""3667832"",""fid"":""68663"",""field"":""site_photo"",""title"":""mdc_photo_mdc_d4a9b5_cdv_photo_006_1768926948767.jpg"",""ext"":""jpg"",""panorama"":false,""isDir"":false},{""pathname"":""/Collected Media/map_1409686/layer_3667832/mdc_photo_mdc_feefc2_cdv_photo_007_1768926948767.jpg"",""rid"":41502057,""lid"":""3667832"",""fid"":""68663"",""field"":""site_photo"",""title"":""mdc_photo_mdc_feefc2_cdv_photo_007_1768926948767.jpg"",""ext"":""jpg"",""panorama"":false,""isDir"":false}]",,KS,,Sanitary,,Eric Zerr,,,,2026-01-20,,,,5200 LETS,,,,
PRECON COMPLETE,2026-01-20,Kansas,712,South,LINCOLN ST,HILLSBORO ,5200,,,2026-01-20,,,3136 ,Eric Zerr,Carter Pacheco,,2026-01-20,,,,,,,39,38,,,,,0,0,0,0,,,,,,,12T/VCO,END,,,,,,,,No,South,,,,,,,43.7,46.6,,,,,,,,,,,Pre,BRADLEY.EDLIN@ATMOSENERGY.COM ,,,1,261.2,LETS,,MH 617 S LINCOLN ST ,,,,,"RAN FROM MAIN, THROUGH VCO, AND INTO FOUNDATION",1,1,0401,"___json[{""pathname"":""/Collected Media/map_1409686/layer_3667832/mdc_photo_mdc_748054_cdv_photo_012_1768939872945.jpg"",""rid"":41504282,""lid"":""3667832"",""fid"":""68666"",""field"":""photo_of_map"",""title"":""mdc_photo_mdc_748054_cdv_photo_012_1768939872945.jpg"",""ext"":""jpg"",""panorama"":false,""isDir"":false}]",,,91,52,49,TAP,EOR,GO,261.2,12.6,27.1,,Yes,,06059903 ,,PRECON COMPLETE,,,,,/20,,,,,,,,,,,,,,,,,Lateral ,"___json[{""pathname"":""/Collected Media/map_1409686/layer_3667832/mdc_photo_mdc_cb47d9_cdv_photo_008_1768939872945.jpg"",""rid"":41504283,""lid"":""3667832"",""fid"":""68666"",""field"":""site_photo"",""title"":""mdc_photo_mdc_cb47d9_cdv_photo_008_1768939872945.jpg"",""ext"":""jpg"",""panorama"":false,""isDir"":false},{""pathname"":""/Collected Media/map_1409686/layer_3667832/mdc_photo_mdc_f7176d_cdv_photo_009_1768939872945.jpg"",""rid"":41504284,""lid"":""3667832"",""fid"":""68666"",""field"":""site_photo"",""title"":""mdc_photo_mdc_f7176d_cdv_photo_009_1768939872945.jpg"",""ext"":""jpg"",""panorama"":false,""isDir"":false},{""pathname"":""/Collected Media/map_1409686/layer_3667832/mdc_photo_mdc_adf30a_cdv_photo_010_1768939872945.jpg"",""rid"":41504285,""lid"":""3667832"",""fid"":""68666"",""field"":""site_photo"",""title"":""mdc_photo_mdc_adf30a_cdv_photo_010_1768939872945.jpg"",""ext"":""jpg"",""panorama"":false,""isDir"":false},{""pathname"":""/Collected Media/map_1409686/layer_3667832/mdc_photo_mdc_3c5593_cdv_photo_011_1768939872945.jpg"",""rid"":41504286,""lid"":""3667832"",""fid"":""68666"",""field"":""site_photo"",""title"":""mdc_photo_mdc_3c5593_cdv_photo_011_1768939872945.jpg"",""ext"":""jpg"",""panorama"":false,""isDir"":false}]",,KS,,Sanitary,A,Eric Zerr,,,,2026-01-20,,,,5200 LETS,,,,
OFFICE REVIEW,2026-01-20,Kansas,712,South,LINCOLN ST,HILLSBORO ,5200,,,2026-01-19,,,3136 ,Eric Zerr,Carter Pacheco,,2026-01-20,,,,,,,,,,,,,0,0,0,0,,,,,,,,,,,,,,,,No,South,,,,,,,,,,,,,,,,,,,Pre,BRADLEY.EDLIN@ATMOSENERGY.COM ,,,1,249.4,LETS,,MH 617 S LINCOLN ST ,,,,,"LINE APPEARS ABANDDONED. ENDED DUE TO BULDGE IN PIPE. NO ACCESS POINT.

01/20/26-5200 TRUCK, ERIC ZERR, CARTER PACHECO, ATTEMPTED TO RERUN LAT WITH NO BALL ON LETS, BULDGE IS TO DRASTIC FOR CAMERA TO PASS. WILL NEED TO ET IN TOUCH WITH CONTRACTOR.",1,1,0401,"___json[{""pathname"":""/Collected Media/map_1409686/layer_3667832/mdc_photo_mdc_3db793_cdv_photo_011_1768855170498.jpg"",""rid"":41493369,""lid"":""3667832"",""fid"":""68658"",""field"":""photo_of_map"",""title"":""mdc_photo_mdc_3db793_cdv_photo_011_1768855170498.jpg"",""ext"":""jpg"",""panorama"":false,""isDir"":false}]",,,94,80,,TAP,END,,249.4,3.0,,,Yes,,06059903 ,,OFFICE REVIEW,,,,,/20,,,,,,,,,,,,,,,,,Lateral ,"___json[{""pathname"":""/Collected Media/map_1409686/layer_3667832/mdc_photo_mdc_005ba4_cdv_photo_010_1768855170498.jpg"",""rid"":41493370,""lid"":""3667832"",""fid"":""68658"",""field"":""site_photo"",""title"":""mdc_photo_mdc_005ba4_cdv_photo_010_1768855170498.jpg"",""ext"":""jpg"",""panorama"":false,""isDir"":false},{""pathname"":""/Collected Media/map_1409686/layer_3667832/mdc_photo_mdc_91bab4_cdv_photo_013_1768939927237.jpg"",""rid"":41504287,""lid"":""3667832"",""fid"":""68658"",""field"":""site_photo"",""title"":""mdc_photo_mdc_91bab4_cdv_photo_013_1768939927237.jpg"",""ext"":""jpg"",""panorama"":false,""isDir"":false}]",,KS,,Sanitary,,Eric Zerr,,,,2026-01-19,,,,5200 LETS,,,,
OFFICE REVIEW,2026-01-20,Kansas,106 ,North,ELM ST,COFFEYVILLE,5200,,0.25,2026-01-20,,,3145 ,Eric Zerr,Preston Williams,,2026-01-20,62,,,,,,45,0,37,35,74,64,0,0,0,0,END/ COLLAPSED ,,,,,,GO,END,C/O,GO,END ,C/O,,,,No,East,21.4,,,,,,50.1,75.2,0.00,35.0,49.5,0.00,,,,,,,Pre,Bradley.edlin@atmosenergy.com ,,,1,198.2,LETS,,MH 111 W NEW ST,,,,,"12/16/25 5200 TRUCK
STOPPED IN BACKYARD
LAST DEPTH AT BACK FENCE
TALKED TO HOME OWNER,LADY DENIED ACCESS TO BACKYARD BECAUSE OF THEIR SONS DOG IS IN BACKYARD
HOUSE HAS 2 VCO’S ON NORTH SIDE OF HOUSE THAT IS OPEN ACCESS
WILL REQUEST ACCESS AGAIN LATER
ASKED AGAIN NO DIFFERENCE.
1/20/26 PUSHED FROM 2 DIFFRENT C/O 1 LINE IS A ABANDONED COLLAPSED LINE THE OTHER LINE LOCATED TO THE NORTH SIDE OF THE HOUSE IS THE ACTIVE LINE ",1,3,0401,"___json[{""pathname"":""/Collected Media/map_1409686/layer_3667832/mdc_photo_mdc_450854_cdv_photo_046_1765903380101.jpg"",""rid"":41250094,""lid"":""3667832"",""fid"":""68323"",""field"":""photo_of_map"",""title"":""mdc_photo_mdc_450854_cdv_photo_046_1765903380101.jpg"",""ext"":""jpg"",""panorama"":false,""isDir"":false},{""pathname"":""/Collected Media/map_1409686/layer_3667832/mdc_photo_mdc_214f97_cdv_photo_003_1768940640542.jpg"",""rid"":41504319,""lid"":""3667832"",""fid"":""68323"",""field"":""photo_of_map"",""title"":""mdc_photo_mdc_214f97_cdv_photo_003_1768940640542.jpg"",""ext"":""jpg"",""panorama"":false,""isDir"":false},{""pathname"":""/Collected Media/map_1409686/layer_3667832/mdc_photo_mdc_e10a01_cdv_photo_008_1768941002517.jpg"",""rid"":41504345,""lid"":""3667832"",""fid"":""68323"",""field"":""photo_of_map"",""title"":""mdc_photo_mdc_e10a01_cdv_photo_008_1768941002517.jpg"",""ext"":""jpg"",""panorama"":false,""isDir"":false}]",2,,78,63,56,TAP,PRL,GO,198.2,6.6,25.6,,Yes,,06052582 ,,OFFICE REVIEW,,,,,/20,,,,,,,,,,,,,,,,,Lateral ,"___json[{""pathname"":""/Collected Media/map_1409686/layer_3667832/mdc_photo_mdc_9dfa61_cdv_photo_047_1765903380101.jpg"",""rid"":41250095,""lid"":""3667832"",""fid"":""68323"",""field"":""site_photo"",""title"":""mdc_photo_mdc_9dfa61_cdv_photo_047_1765903380101.jpg"",""ext"":""jpg"",""panorama"":false,""isDir"":false},{""pathname"":""/Collected Media/map_1409686/layer_3667832/mdc_photo_mdc_79320b_cdv_photo_048_1765903380101.jpg"",""rid"":41250096,""lid"":""3667832"",""fid"":""68323"",""field"":""site_photo"",""title"":""mdc_photo_mdc_79320b_cdv_photo_048_1765903380101.jpg"",""ext"":""jpg"",""panorama"":false,""isDir"":false},{""pathname"":""/Collected Media/map_1409686/layer_3667832/mdc_photo_mdc_c1ba24_cdv_photo_049_1765903380101.jpg"",""rid"":41250097,""lid"":""3667832"",""fid"":""68323"",""field"":""site_photo"",""title"":""mdc_photo_mdc_c1ba24_cdv_photo_049_1765903380101.jpg"",""ext"":""jpg"",""panorama"":false,""isDir"":false},{""pathname"":""/Collected Media/map_1409686/layer_3667832/mdc_photo_mdc_43e5e2_cdv_photo_050_1765903380101.jpg"",""rid"":41250098,""lid"":""3667832"",""fid"":""68323"",""field"":""site_photo"",""title"":""mdc_photo_mdc_43e5e2_cdv_photo_050_1765903380101.jpg"",""ext"":""jpg"",""panorama"":false,""isDir"":false},{""pathname"":""/Collected Media/map_1409686/layer_3667832/mdc_photo_mdc_f7e3fc_cdv_photo_051_1765903380101.jpg"",""rid"":41250099,""lid"":""3667832"",""fid"":""68323"",""field"":""site_photo"",""title"":""mdc_photo_mdc_f7e3fc_cdv_photo_051_1765903380101.jpg"",""ext"":""jpg"",""panorama"":false,""isDir"":false},{""pathname"":""/Collected Media/map_1409686/layer_3667832/mdc_photo_mdc_d54cf4_cdv_photo_052_1765903380101.jpg"",""rid"":41250100,""lid"":""3667832"",""fid"":""68323"",""field"":""site_photo"",""title"":""mdc_photo_mdc_d54cf4_cdv_photo_052_1765903380101.jpg"",""ext"":""jpg"",""panorama"":false,""isDir"":false},{""pathname"":""/Collected Media/map_1409686/layer_3667832/mdc_photo_mdc_720a1a_cdv_photo_004_1768940640542.jpg"",""rid"":41504320,""lid"":""3667832"",""fid"":""68323"",""field"":""site_photo"",""title"":""mdc_photo_mdc_720a1a_cdv_photo_004_1768940640542.jpg"",""ext"":""jpg"",""panorama"":false,""isDir"":false},{""pathname"":""/Collected Media/map_1409686/layer_3667832/mdc_photo_mdc_009362_cdv_photo_005_1768940640542.jpg"",""rid"":41504321,""lid"":""3667832"",""fid"":""68323"",""field"":""site_photo"",""title"":""mdc_photo_mdc_009362_cdv_photo_005_1768940640542.jpg"",""ext"":""jpg"",""panorama"":false,""isDir"":false},{""pathname"":""/Collected Media/map_1409686/layer_3667832/mdc_photo_mdc_463686_cdv_photo_006_1768940640542.jpg"",""rid"":41504322,""lid"":""3667832"",""fid"":""68323"",""field"":""site_photo"",""title"":""mdc_photo_mdc_463686_cdv_photo_006_1768940640542.jpg"",""ext"":""jpg"",""panorama"":false,""isDir"":false},{""pathname"":""/Collected Media/map_1409686/layer_3667832/mdc_photo_mdc_759b10_cdv_photo_007_1768940640542.jpg"",""rid"":41504323,""lid"":""3667832"",""fid"":""68323"",""field"":""site_photo"",""title"":""mdc_photo_mdc_759b10_cdv_photo_007_1768940640542.jpg"",""ext"":""jpg"",""panorama"":false,""isDir"":false},{""pathname"":""/Collected Media/map_1409686/layer_3667832/mdc_photo_mdc_6be802_cdv_photo_009_1768941002517.jpg"",""rid"":41504346,""lid"":""3667832"",""fid"":""68323"",""field"":""site_photo"",""title"":""mdc_photo_mdc_6be802_cdv_photo_009_1768941002517.jpg"",""ext"":""jpg"",""panorama"":false,""isDir"":false},{""pathname"":""/Collected Media/map_1409686/layer_3667832/mdc_photo_mdc_c92d68_cdv_photo_010_1768941002517.jpg"",""rid"":41504347,""lid"":""3667832"",""fid"":""68323"",""field"":""site_photo"",""title"":""mdc_photo_mdc_c92d68_cdv_photo_010_1768941002517.jpg"",""ext"":""jpg"",""panorama"":false,""isDir"":false}]",,KS,,Sanitary,,Eric Zerr,James Atwood,James Atwood,,2025-12-16,2026-01-20,2026-01-20,,5200 LETS,2400 PO,2400 PO,,
PRECON COMPLETE,2026-01-20,Kansas,713,South,LINCOLN ST,HILLSBORO ,5200,,0.25,2026-01-20,,,3136 ,Eric Zerr,Carter Pacheco,,2026-01-20,,,,,,,83,83,,,,,0,0,0,0,,,,,,,12T/VCO,END/12T/VCO/BACKFLOW PREVENTER.,,,,,,,,No,South,,,,,,,51.7,51.8,,,,,,,,,,,Pre,BRADLEY.EDLIN@ATMOSENERGY.COM ,,,1,287.5,LETS,,MH 617 S LINCOLN ST ,,,,,"RAN FROM MAIN, THROUGH VCO, AND INTO BACKFLOW PREVENTER ABOUT 10 FT OFF FD. ",1,1,0401,"___json[{""pathname"":""/Collected Media/map_1409686/layer_3667832/mdc_photo_mdc_fb0f8f_cdv_photo_000_1768945149428.jpg"",""rid"":41504848,""lid"":""3667832"",""fid"":""68669"",""field"":""photo_of_map"",""title"":""mdc_photo_mdc_fb0f8f_cdv_photo_000_1768945149428.jpg"",""ext"":""jpg"",""panorama"":false,""isDir"":false}]",,,90,78,81,TAP,EOR,PRL,287.5,19.1,32.7,,Yes,,06059903 ,,PRECON COMPLETE,,,,,/20,,,,,,,,,,,,,,,,,Lateral ,"___json[{""pathname"":""/Collected Media/map_1409686/layer_3667832/mdc_photo_mdc_81e9fa_cdv_photo_014_1768944975857.jpg"",""rid"":41504839,""lid"":""3667832"",""fid"":""68669"",""field"":""site_photo"",""title"":""mdc_photo_mdc_81e9fa_cdv_photo_014_1768944975857.jpg"",""ext"":""jpg"",""panorama"":false,""isDir"":false},{""pathname"":""/Collected Media/map_1409686/layer_3667832/mdc_photo_mdc_557d0f_cdv_photo_016_1768944975857.jpg"",""rid"":41504840,""lid"":""3667832"",""fid"":""68669"",""field"":""site_photo"",""title"":""mdc_photo_mdc_557d0f_cdv_photo_016_1768944975857.jpg"",""ext"":""jpg"",""panorama"":false,""isDir"":false},{""pathname"":""/Collected Media/map_1409686/layer_3667832/mdc_photo_mdc_e83f19_cdv_photo_015_1768944975857.jpg"",""rid"":41504841,""lid"":""3667832"",""fid"":""68669"",""field"":""site_photo"",""title"":""mdc_photo_mdc_e83f19_cdv_photo_015_1768944975857.jpg"",""ext"":""jpg"",""panorama"":false,""isDir"":false}]",,KS,,Sanitary,,Eric Zerr,,,,2026-01-20,,,,5200 LETS,,,,
PRECON COMPLETE,2026-01-20,Kansas,715,South,LINCOLN ST, HILLSBORO,5200,,025,2026-01-20,,,3136 ,Eric Zerr,Carter Pacheco,,2026-01-20,,,,,,,79,78,,,,,0,0,0,0,,,,,,,GO,END,,,,,,,,No,South,,,,,,,47.4,56.2,,,,,,,,,,,Pre,BRADLEY.EDLIN@ATMOSENERGY.COM ,,,1,364.7,LETS,,MH 617 S LINCOLN ST ,,,,,RAN FROM MAIN TO FOUNDATION,1,1,0401,"___json[{""pathname"":""/Collected Media/map_1409686/layer_3667832/mdc_photo_mdc_7a5e14_cdv_photo_001_1768945711289.jpg"",""rid"":41504876,""lid"":""3667832"",""fid"":""68668"",""field"":""photo_of_map"",""title"":""mdc_photo_mdc_7a5e14_cdv_photo_001_1768945711289.jpg"",""ext"":""jpg"",""panorama"":false,""isDir"":false}]",,,74,65,73,TAP,EOR,PRL,364.7,17.6,30.2,,Yes,,06059903 ,,PRECON COMPLETE,,,,,/20,,,,,,,,,,,,,,,,,Lateral ,"___json[{""pathname"":""/Collected Media/map_1409686/layer_3667832/mdc_photo_mdc_25a055_cdv_photo_000_1768944916073.jpg"",""rid"":41504831,""lid"":""3667832"",""fid"":""68668"",""field"":""site_photo"",""title"":""mdc_photo_mdc_25a055_cdv_photo_000_1768944916073.jpg"",""ext"":""jpg"",""panorama"":false,""isDir"":false},{""pathname"":""/Collected Media/map_1409686/layer_3667832/mdc_photo_mdc_649e96_cdv_photo_001_1768944916073.jpg"",""rid"":41504832,""lid"":""3667832"",""fid"":""68668"",""field"":""site_photo"",""title"":""mdc_photo_mdc_649e96_cdv_photo_001_1768944916073.jpg"",""ext"":""jpg"",""panorama"":false,""isDir"":false},{""pathname"":""/Collected Media/map_1409686/layer_3667832/mdc_photo_mdc_2aa8a1_cdv_photo_002_1768944916073.jpg"",""rid"":41504833,""lid"":""3667832"",""fid"":""68668"",""field"":""site_photo"",""title"":""mdc_photo_mdc_2aa8a1_cdv_photo_002_1768944916073.jpg"",""ext"":""jpg"",""panorama"":false,""isDir"":false},{""pathname"":""/Collected Media/map_1409686/layer_3667832/mdc_photo_mdc_de7a80_cdv_photo_003_1768944916073.jpg"",""rid"":41504834,""lid"":""3667832"",""fid"":""68668"",""field"":""site_photo"",""title"":""mdc_photo_mdc_de7a80_cdv_photo_003_1768944916073.jpg"",""ext"":""jpg"",""panorama"":false,""isDir"":false},{""pathname"":""/Collected Media/map_1409686/layer_3667832/mdc_photo_mdc_4a5229_cdv_photo_004_1768944916073.jpg"",""rid"":41504835,""lid"":""3667832"",""fid"":""68668"",""field"":""site_photo"",""title"":""mdc_photo_mdc_4a5229_cdv_photo_004_1768944916073.jpg"",""ext"":""jpg"",""panorama"":false,""isDir"":false}]",,KS,,Sanitary,,Eric Zerr,,,,2026-01-20,,,,5200 LETS,,,,
PRECON COMPLETE,2026-01-20,Kansas,718,South,LINCOLN ST,HILLSBORO ,5200,,,2026-01-20,,,3136 ,Eric Zerr,Carter Pacheco,,2026-01-20,,,,,,,42,42,39,,,,0,0,0,0,,,,,,,12T/VCO,12T/VCO,END,,,,,,,No,South,,,,,,,39.4,40.4,43.5,,,,,,,,,,Pre,BRADLEY.EDLIN@ATMOSENERGY.COM ,,,1,338.2,LETS,,MH 617 S LINCOLN ST ,,,,,"RAN FROM MAIN, THROUGH 2 VCOS, AND INTO FOUNDATION.",1,1,0401,"___json[{""pathname"":""/Collected Media/map_1409686/layer_3667832/mdc_photo_mdc_9c8586_cdv_photo_002_1768945730571.jpg"",""rid"":41504879,""lid"":""3667832"",""fid"":""68667"",""field"":""photo_of_map"",""title"":""mdc_photo_mdc_9c8586_cdv_photo_002_1768945730571.jpg"",""ext"":""jpg"",""panorama"":false,""isDir"":false}]",,,78,44,45,TAP,EOR,GO,338.2,10.9,30.1,,Yes,,06059903 ,,PRECON COMPLETE,,,,,/20,,,,,,,,,,,,,,,,,Lateral ,"___json[{""pathname"":""/Collected Media/map_1409686/layer_3667832/mdc_photo_mdc_e1d14f_cdv_photo_018_1768943492904.jpg"",""rid"":41504634,""lid"":""3667832"",""fid"":""68667"",""field"":""site_photo"",""title"":""mdc_photo_mdc_e1d14f_cdv_photo_018_1768943492904.jpg"",""ext"":""jpg"",""panorama"":false,""isDir"":false},{""pathname"":""/Collected Media/map_1409686/layer_3667832/mdc_photo_mdc_c3ac73_cdv_photo_019_1768943492904.jpg"",""rid"":41504635,""lid"":""3667832"",""fid"":""68667"",""field"":""site_photo"",""title"":""mdc_photo_mdc_c3ac73_cdv_photo_019_1768943492904.jpg"",""ext"":""jpg"",""panorama"":false,""isDir"":false},{""pathname"":""/Collected Media/map_1409686/layer_3667832/mdc_photo_mdc_5f726a_cdv_photo_020_1768943492904.jpg"",""rid"":41504636,""lid"":""3667832"",""fid"":""68667"",""field"":""site_photo"",""title"":""mdc_photo_mdc_5f726a_cdv_photo_020_1768943492904.jpg"",""ext"":""jpg"",""panorama"":false,""isDir"":false},{""pathname"":""/Collected Media/map_1409686/layer_3667832/mdc_photo_mdc_0347b8_cdv_photo_021_1768943492904.jpg"",""rid"":41504637,""lid"":""3667832"",""fid"":""68667"",""field"":""site_photo"",""title"":""mdc_photo_mdc_0347b8_cdv_photo_021_1768943492904.jpg"",""ext"":""jpg"",""panorama"":false,""isDir"":false},{""pathname"":""/Collected Media/map_1409686/layer_3667832/mdc_photo_mdc_b16cf4_cdv_photo_022_1768943492904.jpg"",""rid"":41504638,""lid"":""3667832"",""fid"":""68667"",""field"":""site_photo"",""title"":""mdc_photo_mdc_b16cf4_cdv_photo_022_1768943492904.jpg"",""ext"":""jpg"",""panorama"":false,""isDir"":false}]",,KS,,Sanitary,,Eric Zerr,,,,2026-01-20,,,,5200 LETS,,,,
PRECON COMPLETE,2026-01-20,Kansas,MH 617 S LINCOLN ST ,South,LINCOLN ST,HILLSBORO ,5200,,0.50,2026-01-19,,,3136 ,Eric Zerr,Carter Pacheco,,2026-01-20,,,,,,,94,87,48,,,,0,0,0,0,,,,,,,9T/END,MH 617 S LINCOLN ST ,END/MH 715 S LINCOLN ST,,,,,,,No,South,,,,,,,249.4,0.0,405.0,,,,,,,,,,Pre,BRADLEY.EDLIN@ATMOSENERGY.COM ,,,,,,,MH 617 S LINCOLN ST ,,,,,"RAN FROM MH 617 S LINCOLN ST TO SOUTH.

01/20/26-5200, ERIC ZERR, CARTER PACHECO, RAN FROM MH 617 S LINCOLN ST, TO SOUTH.",1,2,0401,"___json[{""pathname"":""/Collected Media/map_1409686/layer_3667832/mdc_photo_mdc_7e1622_cdv_photo_013_1768855847432.jpg"",""rid"":41493408,""lid"":""3667832"",""fid"":""68659"",""field"":""photo_of_map"",""title"":""mdc_photo_mdc_7e1622_cdv_photo_013_1768855847432.jpg"",""ext"":""jpg"",""panorama"":false,""isDir"":false},{""pathname"":""/Collected Media/map_1409686/layer_3667832/mdc_photo_mdc_702c59_cdv_photo_003_1768946441542.jpg"",""rid"":41504953,""lid"":""3667832"",""fid"":""68659"",""field"":""photo_of_map"",""title"":""mdc_photo_mdc_702c59_cdv_photo_003_1768946441542.jpg"",""ext"":""jpg"",""panorama"":false,""isDir"":false}]",,,87,100,93,MH 617 S LINCOLN ST ,GO,GO,0.0,120.0,206.1,,Yes,,06059903 ,,PRECON COMPLETE,,,,,/20,,,,,,,,,,,,,,,,405.0,Main,"___json[{""pathname"":""/Collected Media/map_1409686/layer_3667832/mdc_photo_mdc_865897_cdv_photo_1768855652_1768855847432.jpg"",""rid"":41493409,""lid"":""3667832"",""fid"":""68659"",""field"":""site_photo"",""title"":""mdc_photo_mdc_865897_cdv_photo_1768855652_1768855847432.jpg"",""ext"":""jpg"",""panorama"":false,""isDir"":false}]",,KS,,Sanitary,TO SOUTH,Eric Zerr,,,,2026-01-19,,,,5200 LETS,,,,
PO,2026-01-20,Kansas,515,South,WASHINGTON ST,HILLSBORO ,5200,,0.75,2026-01-20,,,3136 ,Eric Zerr,Carter Pacheco,,2026-01-20,,,,,,,96,,,,,,0,0,0,0,,,,,,,END/ROOTBALL,,,,,,,,,No,South,,,,,,,50.0,,,,,,,,,,,,Pre,BRADLEY.EDLIN@ATMOSENERGY.COM ,,,1,32.0,LETS,,MH 515 S WASHINGTON ST,,,,,"RAN FROM MAIN TOWARDS FOUNDATION AND GOT STOPPED AT ROOTBALL ABOUT 5FT OFF FROM VCO/FOUNDATION. THIS LINE SHOULD BE GOOD DUE TO HOUSE NOT HAVING ANY PROPSED GAS
DUE TO INTERNET ISSUES THE RED REPRESENTS RECON LINE",1,1,0401,"___json[{""pathname"":""/Collected Media/map_1409686/layer_3667832/mdc_photo_mdc_d2ec0f_cdv_photo_000_1768923639949.jpg"",""rid"":41501345,""lid"":""3667832"",""fid"":""68662"",""field"":""photo_of_map"",""title"":""mdc_photo_mdc_d2ec0f_cdv_photo_000_1768923639949.jpg"",""ext"":""jpg"",""panorama"":false,""isDir"":false}]",,,168,77,88,TAP,EOR,GO,32.0,12.3,30.0,,Yes,,06059903 ,,PO,,,,,/20,,,,,,,,,,,,,,,,,Lateral ,"___json[{""pathname"":""/Collected Media/map_1409686/layer_3667832/mdc_photo_mdc_60a5de_cdv_photo_001_1768923639949.jpg"",""rid"":41501346,""lid"":""3667832"",""fid"":""68662"",""field"":""site_photo"",""title"":""mdc_photo_mdc_60a5de_cdv_photo_001_1768923639949.jpg"",""ext"":""jpg"",""panorama"":false,""isDir"":false},{""pathname"":""/Collected Media/map_1409686/layer_3667832/mdc_photo_mdc_2e6384_cdv_photo_002_1768923639949.jpg"",""rid"":41501347,""lid"":""3667832"",""fid"":""68662"",""field"":""site_photo"",""title"":""mdc_photo_mdc_2e6384_cdv_photo_002_1768923639949.jpg"",""ext"":""jpg"",""panorama"":false,""isDir"":false},{""pathname"":""/Collected Media/map_1409686/layer_3667832/mdc_photo_mdc_798e04_cdv_photo_003_1768923639949.jpg"",""rid"":41501348,""lid"":""3667832"",""fid"":""68662"",""field"":""site_photo"",""title"":""mdc_photo_mdc_798e04_cdv_photo_003_1768923639949.jpg"",""ext"":""jpg"",""panorama"":false,""isDir"":false}]",,KS,,Sanitary,,Eric Zerr,,,,2026-01-20,,,,5200 LETS,,,,
PRECON COMPLETE,2026-01-20,Kansas,516,South,WASHINGTON ST,HILLSBORO ,5200,,0.25,2026-01-20,,,3136 ,Eric Zerr,Carter Pacheco,,2026-01-20,,,,,,,,,,,,,0,0,0,0,,,,,,,,,,,,,,,,No,South,,,,,,,,,,,,,,,,,,,Pre,BRADLEY.EDLIN@ATMOSENERGY.COM ,,,1,58.1,LETS,,MH 515 S WASHINGTON ST,,,,,"GIS SHOWS HOUSE ON MAP, HOUSE IS NO LONGER THERE (ABANDONED LOT.) AND SEWER LINE IS CAPPED. GAS METER SHOWN ON MAP IS 2 PIPES STICKING OUT OF THE GROUND WITH NO ACTUAL METER.",1,1,0401,"___json[{""pathname"":""/Collected Media/map_1409686/layer_3667832/mdc_photo_mdc_e24504_cdv_photo_003_1768927239403.jpg"",""rid"":41502113,""lid"":""3667832"",""fid"":""68664"",""field"":""photo_of_map"",""title"":""mdc_photo_mdc_e24504_cdv_photo_003_1768927239403.jpg"",""ext"":""jpg"",""panorama"":false,""isDir"":false}]",,,168,70,68,TAP,EOR,END/CAP,58.1,16.4,27.6,,Yes,,06059903 ,,PRECON COMPLETE,,,,,/20,,,,,,,,,,,,,,,,,Lateral ,"___json[{""pathname"":""/Collected Media/map_1409686/layer_3667832/mdc_photo_mdc_5e20e9_cdv_photo_000_1768927239403.jpg"",""rid"":41502114,""lid"":""3667832"",""fid"":""68664"",""field"":""site_photo"",""title"":""mdc_photo_mdc_5e20e9_cdv_photo_000_1768927239403.jpg"",""ext"":""jpg"",""panorama"":false,""isDir"":false},{""pathname"":""/Collected Media/map_1409686/layer_3667832/mdc_photo_mdc_315890_cdv_photo_001_1768927239403.jpg"",""rid"":41502115,""lid"":""3667832"",""fid"":""68664"",""field"":""site_photo"",""title"":""mdc_photo_mdc_315890_cdv_photo_001_1768927239403.jpg"",""ext"":""jpg"",""panorama"":false,""isDir"":false},{""pathname"":""/Collected Media/map_1409686/layer_3667832/mdc_photo_mdc_8bf41f_cdv_photo_002_1768927239403.jpg"",""rid"":41502116,""lid"":""3667832"",""fid"":""68664"",""field"":""site_photo"",""title"":""mdc_photo_mdc_8bf41f_cdv_photo_002_1768927239403.jpg"",""ext"":""jpg"",""panorama"":false,""isDir"":false}]",,KS,,Sanitary,,Eric Zerr,,,,2026-01-20,,,,5200 LETS,,,,
PO,2026-01-21,Kansas,601,South,LINCOLN ST,HILLSBORO ,5200,,0.25,2026-01-21,,,3136 ,Eric Zerr,Eric Zerr,,2026-01-21,,,,,,,,,,,,,0,0,0,0,,,,,,,,,,,,,,,,No,North,,,,,,,,,,,,,,,,,,,Pre,BRADLEY.EDLIN@ATMOSENERGY.COM ,,,1,1.7,LETS,,MH 517 S LINCOLN ST ,,,,,"ATTEMPTED TO RUN LAT FROM MAIN WITH LETS, LATERAL IS FULL OF ROOTS AND WILL NED PO FROM VCO AT FOUNDATION. THIS LATERAL GOES SOUTH ACROSS E ST. NO END DEPTH DUE TO CAMERA ANGLE.",1,1,0401,,,,83,0,,TAP,END/ROOTBALL,,1.7,1.2,,,Yes,,06059903 ,,PO,,,,,/20,,,,,,,,,,,,,,,,,Lateral ,"___json[{""pathname"":""/Collected Media/map_1409686/layer_3667832/mdc_photo_mdc_3c3770_cdv_photo_000_1769015394730.jpg"",""rid"":41513971,""lid"":""3667832"",""fid"":""68670"",""field"":""site_photo"",""title"":""mdc_photo_mdc_3c3770_cdv_photo_000_1769015394730.jpg"",""ext"":""jpg"",""panorama"":false,""isDir"":false}]",,KS,,Sanitary,,Carter Pacheco,,,,2026-01-21,,,,5200 LETS,,,,
PO,2026-01-21,Kansas,518,South,LINCOLN ST,HILLSBORO ,5200,,,2026-01-21,,,3136 ,Eric Zerr,Carter Pacheco,,2026-01-21,,,,,,,,,,,,,0,0,0,0,,,,,,,,,,,,,,,,No,North,,,,,,,,,,,,,,,,,,,Pre,BRADLEY.EDLIN@ATMOSENERGY.COM ,,,,3.5,LETS,,MH 517 S LINCOLN ST ,,,,,ATTEMPTED TO RUN LATERAL FROM MAIN WITH LETS HWOEVER LINE IS FULL OF ROOTS AND WILL NEED PO FROM VCO AT FOUNDATION.,,,0401,,,,,,,,,,,,,,No,,06059903 ,,PO,,,,,/20,,,,,,,,,,,,,,,,,Lateral ,,,KS,,Sanitary,,Eric Zerr,,,,2026-01-21,,,,5200 LETS,,,,
PRECON COMPLETE,2026-01-21,Kansas,611,South,LINCOLN ST,HILLSBORO,5200,,0.500000000000,2026-01-21,,,3136 ,Eric Zerr,Carter Pacheco,,2026-01-21,,,,,,,73,71,75,82,,,0,0,0,0,,,,,,,12/VCO/PREVENTER,CO,GO,END,,,,,,No,North,,,,,,,24.400000000000,0,19,29.100000000000,,,,,,,,,Pre,BRADLEY.EDLIN@ATMOSENERGY.COM ,,,1,208.900000000000,LETS,,MH 617 S LINCOLN ST ,,,,,"RAN FROM MAIN TOWARDS FOUNDATION, ENDED AT BACKFLOW VALVE. 3 VCOS ON PROPETY SIDE BY SIDE BY SIDE. RAN THROUGH FIRST VCO, SECOND VCO IS BACKFLOW PREVENTER, AND 3RD VCO SWEEPS TOWARDS FD. LINE WILL NEED PO TO LOCATE IN FUL.

01/21/26-5200 TRUCK, ERIC ZERR, CARTER PACHECO, PUSHED FROM VCO BY SW AFTER BACKFLOW PREVENTER, TO FOUNDATION.",1,2,0401,"___json[{""pathname"":""/Collected Media/map_1409686/layer_3667832/mdc_photo_mdc_bee245_cdv_photo_006_1768503020123.jpg"",""rid"":41465894,""lid"":""3667832"",""fid"":""68628"",""field"":""photo_of_map"",""title"":""mdc_photo_mdc_bee245_cdv_photo_006_1768503020123.jpg"",""ext"":""jpg"",""panorama"":false,""isDir"":false},{""pathname"":""/Collected Media/map_1409686/layer_3667832/mdc_photo_mdc_85200e_cdv_photo_004_1769011932794.jpg"",""rid"":41513451,""lid"":""3667832"",""fid"":""68628"",""field"":""photo_of_map"",""title"":""mdc_photo_mdc_85200e_cdv_photo_004_1769011932794.jpg"",""ext"":""jpg"",""panorama"":false,""isDir"":false}]",1,,81,74,73,TAP,EOR,12T/VCO,208.900000000000,14.700000000000,23.300000000000,,Yes,,06059903 ,No,PRECON COMPLETE,CLEAR TO BACKFLOW PREVENTER. WAITING FOR PO VIDEO,,,,01/21/26,/20,,,Katy Thompson,,,,Pass,N/A,,,,,,,,Lateral ,"___json[{""pathname"":""/Collected Media/map_1409686/layer_3667832/mdc_photo_mdc_449015_cdv_photo_003_1768503020123.jpg"",""rid"":41465895,""lid"":""3667832"",""fid"":""68628"",""field"":""site_photo"",""title"":""mdc_photo_mdc_449015_cdv_photo_003_1768503020123.jpg"",""ext"":""jpg"",""panorama"":false,""isDir"":false},{""pathname"":""/Collected Media/map_1409686/layer_3667832/mdc_photo_mdc_c0be99_cdv_photo_004_1768503020123.jpg"",""rid"":41465896,""lid"":""3667832"",""fid"":""68628"",""field"":""site_photo"",""title"":""mdc_photo_mdc_c0be99_cdv_photo_004_1768503020123.jpg"",""ext"":""jpg"",""panorama"":false,""isDir"":false},{""pathname"":""/Collected Media/map_1409686/layer_3667832/mdc_photo_mdc_4b626b_cdv_photo_005_1768503020123.jpg"",""rid"":41465897,""lid"":""3667832"",""fid"":""68628"",""field"":""site_photo"",""title"":""mdc_photo_mdc_4b626b_cdv_photo_005_1768503020123.jpg"",""ext"":""jpg"",""panorama"":false,""isDir"":false},{""pathname"":""/Collected Media/map_1409686/layer_3667832/mdc_photo_mdc_56812c_cdv_photo_005_1769011932795.jpg"",""rid"":41513452,""lid"":""3667832"",""fid"":""68628"",""field"":""site_photo"",""title"":""mdc_photo_mdc_56812c_cdv_photo_005_1769011932795.jpg"",""ext"":""jpg"",""panorama"":false,""isDir"":false},{""pathname"":""/Collected Media/map_1409686/layer_3667832/mdc_photo_mdc_2d6127_cdv_photo_006_1769011932795.jpg"",""rid"":41513453,""lid"":""3667832"",""fid"":""68628"",""field"":""site_photo"",""title"":""mdc_photo_mdc_2d6127_cdv_photo_006_1769011932795.jpg"",""ext"":""jpg"",""panorama"":false,""isDir"":false},{""pathname"":""/Collected Media/map_1409686/layer_3667832/mdc_photo_mdc_45c37b_cdv_photo_007_1769011932795.jpg"",""rid"":41513454,""lid"":""3667832"",""fid"":""68628"",""field"":""site_photo"",""title"":""mdc_photo_mdc_45c37b_cdv_photo_007_1769011932795.jpg"",""ext"":""jpg"",""panorama"":false,""isDir"":false}]",,KS,,Sanitary,,Eric Zerr,Eric Zerr,,,2026-01-15,2026-01-21,,,5200 LETS,5200 PO,,,https://pioneer.sewerai.com/dashboard/review/d38b180b-da35-4e33-a5fe-121b2a3fd862?t=1.650465&limit=30&offset=0&status=uploaded&client_reviewed=false&issues=false&project=24PV0401+ATMOS+-+KS&ordering=-Inspection_Date
PRECON COMPLETE,2026-01-21,Kansas,517,South,LINCOLN ST,HILLSBORO ,5200,,,2026-01-21,,,3136 ,Eric Zerr,Carter Pacheco,,2026-01-21,,,,,,,29,29,,,,,0,0,0,0,,,,,,,GO,END/12T/VCO,,,,,,,,No,North,,,,,,,45.1,52.6,,,,,,,,,,,Pre,BRADLEY.EDLIN@ATMOSENERGY.COM ,,,1,4.5,LETS,,MH 517 S LINCOLN ST ,,,,,RAN FROM MAIN TO VCO AT FOUNDATION.,1,1,0401,"___json[{""pathname"":""/Collected Media/map_1409686/layer_3667832/mdc_photo_mdc_e48a9d_cdv_photo_006_1769090921114.jpg"",""rid"":41522840,""lid"":""3667832"",""fid"":""68673"",""field"":""photo_of_map"",""title"":""mdc_photo_mdc_e48a9d_cdv_photo_006_1769090921114.jpg"",""ext"":""jpg"",""panorama"":false,""isDir"":false}]",,,87,27,33,TAP,EOR,GO,4.5,10.7,20.2,,Yes,,06059903 ,,PRECON COMPLETE,,,,,/20,,,,,,,,,,,,,,,,,Lateral ,"___json[{""pathname"":""/Collected Media/map_1409686/layer_3667832/mdc_photo_mdc_2e8e57_cdv_photo_001_1769090921114.jpg"",""rid"":41522841,""lid"":""3667832"",""fid"":""68673"",""field"":""site_photo"",""title"":""mdc_photo_mdc_2e8e57_cdv_photo_001_1769090921114.jpg"",""ext"":""jpg"",""panorama"":false,""isDir"":false},{""pathname"":""/Collected Media/map_1409686/layer_3667832/mdc_photo_mdc_f8d6d9_cdv_photo_002_1769090921114.jpg"",""rid"":41522842,""lid"":""3667832"",""fid"":""68673"",""field"":""site_photo"",""title"":""mdc_photo_mdc_f8d6d9_cdv_photo_002_1769090921114.jpg"",""ext"":""jpg"",""panorama"":false,""isDir"":false},{""pathname"":""/Collected Media/map_1409686/layer_3667832/mdc_photo_mdc_2c8a3d_cdv_photo_003_1769090921114.jpg"",""rid"":41522843,""lid"":""3667832"",""fid"":""68673"",""field"":""site_photo"",""title"":""mdc_photo_mdc_2c8a3d_cdv_photo_003_1769090921114.jpg"",""ext"":""jpg"",""panorama"":false,""isDir"":false},{""pathname"":""/Collected Media/map_1409686/layer_3667832/mdc_photo_mdc_e9085a_cdv_photo_004_1769090921114.jpg"",""rid"":41522844,""lid"":""3667832"",""fid"":""68673"",""field"":""site_photo"",""title"":""mdc_photo_mdc_e9085a_cdv_photo_004_1769090921114.jpg"",""ext"":""jpg"",""panorama"":false,""isDir"":false},{""pathname"":""/Collected Media/map_1409686/layer_3667832/mdc_photo_mdc_e5237f_cdv_photo_005_1769090921114.jpg"",""rid"":41522845,""lid"":""3667832"",""fid"":""68673"",""field"":""site_photo"",""title"":""mdc_photo_mdc_e5237f_cdv_photo_005_1769090921114.jpg"",""ext"":""jpg"",""panorama"":false,""isDir"":false}]",,KS,,Sanitary,,Eric Zerr,,,,2026-01-21,,,,5200 LETS,,,,
PRECON COMPLETE,2026-01-21,Kansas,516,South,LINCOLN ST,HILLSBORO ,5200,,0.25,2026-01-21,,,3136 ,Eric Zerr,Carter Pacheco,,2026-01-21,,,,,,,77,77,77,77,,,0,0,0,0,,,,,,,12T/VCO,12T/BACKFLOW PREVENTER.,12T/VCO,END,,,,,,No,North,,,,,,,49.9,51.1,52.3,52.9,,,,,,,,,Pre,BRADLEY.EDLIN@ATMOSENERGY.COM ,,,1,52.9,LETS,,MH 517 S LINCOLN ST ,,,,,"RAN FROM MAIN, THROUGH VCO, THROUGH BACKFLOW PREVENTER WITH NO DOOR AND NO VCO, THEN THROUGH ANOTHER VCO AND INTO FOUDATION.",1,1,0401,"___json[{""pathname"":""/Collected Media/map_1409686/layer_3667832/mdc_photo_mdc_25b5fb_cdv_photo_000_1769091009379.jpg"",""rid"":41522850,""lid"":""3667832"",""fid"":""68672"",""field"":""photo_of_map"",""title"":""mdc_photo_mdc_25b5fb_cdv_photo_000_1769091009379.jpg"",""ext"":""jpg"",""panorama"":false,""isDir"":false}]",,,115,63,78,TAP,EOR,GO,66.0,23.4,48.2,,Yes,,06059903 ,,PRECON COMPLETE,,,,,/20,,,,,,,,,,,,,,,,,Lateral ,"___json[{""pathname"":""/Collected Media/map_1409686/layer_3667832/mdc_photo_mdc_662d79_cdv_photo_007_1769019712853.jpg"",""rid"":41514764,""lid"":""3667832"",""fid"":""68672"",""field"":""site_photo"",""title"":""mdc_photo_mdc_662d79_cdv_photo_007_1769019712853.jpg"",""ext"":""jpg"",""panorama"":false,""isDir"":false},{""pathname"":""/Collected Media/map_1409686/layer_3667832/mdc_photo_mdc_98dbb2_cdv_photo_008_1769019712853.jpg"",""rid"":41514765,""lid"":""3667832"",""fid"":""68672"",""field"":""site_photo"",""title"":""mdc_photo_mdc_98dbb2_cdv_photo_008_1769019712853.jpg"",""ext"":""jpg"",""panorama"":false,""isDir"":false},{""pathname"":""/Collected Media/map_1409686/layer_3667832/mdc_photo_mdc_04616d_cdv_photo_009_1769019712853.jpg"",""rid"":41514766,""lid"":""3667832"",""fid"":""68672"",""field"":""site_photo"",""title"":""mdc_photo_mdc_04616d_cdv_photo_009_1769019712853.jpg"",""ext"":""jpg"",""panorama"":false,""isDir"":false}]",,KS,,Sanitary,,Eric Zerr,,,,2026-01-21,,,,5200 LETS,,,,
PRECON COMPLETE,2026-01-22,Kansas,STMH 545 E SANTA FE ST,East,SANTA FE ST,OLATHE ,5200,,0.500000000000,2026-01-22,,,3134,Eric Zerr,Carter Pacheco,,2026-01-22,,,,,,,27,30,16,,,,0,0,0,0,,,,,,,EOR,STM BASIN,END/TO EAST,,,,,,,No,,,,,,,,71.100000000000,80.200000000000,125,,,,,,,,,,Pre,BRADLEY.EDLIN@ATMOSENERGY.COM ,,,,,,,,,,,,RAN FROM STMH 545 E SANTA FE ST,1,1,0401,"___json[{""pathname"":""/Collected Media/map_1409686/layer_3667832/mdc_photo_mdc_80c3f4_cdv_photo_005_1769100742553.jpg"",""rid"":41524684,""lid"":""3667832"",""fid"":""68674"",""field"":""photo_of_map"",""title"":""mdc_photo_mdc_80c3f4_cdv_photo_005_1769100742553.jpg"",""ext"":""jpg"",""panorama"":false,""isDir"":false}]",,,27,18,22,STMH 545 E SANTA FE ST,EOR,COR,0,7.800000000000,25.800000000000,,Yes,,06060482 ,Yes,PRECON COMPLETE,,,,,01/28/26,,,,Katy Thompson,,,,Pass,,,,,,,,125,Main,"___json[{""pathname"":""/Collected Media/map_1409686/layer_3667832/mdc_photo_mdc_21572a_cdv_photo_000_1769100742553.jpg"",""rid"":41524685,""lid"":""3667832"",""fid"":""68674"",""field"":""site_photo"",""title"":""mdc_photo_mdc_21572a_cdv_photo_000_1769100742553.jpg"",""ext"":""jpg"",""panorama"":false,""isDir"":false},{""pathname"":""/Collected Media/map_1409686/layer_3667832/mdc_photo_mdc_f918d1_cdv_photo_001_1769100742553.jpg"",""rid"":41524686,""lid"":""3667832"",""fid"":""68674"",""field"":""site_photo"",""title"":""mdc_photo_mdc_f918d1_cdv_photo_001_1769100742553.jpg"",""ext"":""jpg"",""panorama"":false,""isDir"":false},{""pathname"":""/Collected Media/map_1409686/layer_3667832/mdc_photo_mdc_a23941_cdv_photo_002_1769100742553.jpg"",""rid"":41524687,""lid"":""3667832"",""fid"":""68674"",""field"":""site_photo"",""title"":""mdc_photo_mdc_a23941_cdv_photo_002_1769100742553.jpg"",""ext"":""jpg"",""panorama"":false,""isDir"":false},{""pathname"":""/Collected Media/map_1409686/layer_3667832/mdc_photo_mdc_2d0052_cdv_photo_003_1769100742553.jpg"",""rid"":41524688,""lid"":""3667832"",""fid"":""68674"",""field"":""site_photo"",""title"":""mdc_photo_mdc_2d0052_cdv_photo_003_1769100742553.jpg"",""ext"":""jpg"",""panorama"":false,""isDir"":false},{""pathname"":""/Collected Media/map_1409686/layer_3667832/mdc_photo_mdc_75b902_cdv_photo_004_1769100742553.jpg"",""rid"":41524689,""lid"":""3667832"",""fid"":""68674"",""field"":""site_photo"",""title"":""mdc_photo_mdc_75b902_cdv_photo_004_1769100742553.jpg"",""ext"":""jpg"",""panorama"":false,""isDir"":false}]",,KS,,Storm,TO EAST,Eric Zerr,,,,2026-01-22,,,,5200 LETS,,,,https://pioneer.sewerai.com/dashboard/review/3416cc0a-2e08-4ace-994b-2673d3071edb?t=1.131302&limit=30&offset=0&status=uploaded&client_reviewed=false&issues=false&project=24PV0401+ATMOS+-+KS&ordering=-Inspection_Date
PRECON COMPLETE,2026-01-19,Kansas,212,West,NEW ST,COFFEYVILLE ,2400,,0.250000000000,2026-01-19,,,3145 ,James Atwood,Michael Parrish,,2026-01-19,,,,,,,,,,,,,0,0,0,0,,,,,,,,,,,,,,,,No,East,,,,,,,,,,,,,,,,,,,Pre,BRADLEY.EDLIN@ATMOSENERGY.COM ,,,1,121.300000000000,LETS,,MH 207 N ELM ST ,,,,,COLLAPSED LINE / COMFIRMED ABANDONED LINE,1,1,0401,"___json[{""pathname"":""/Collected Media/map_1409686/layer_3667832/mdc_photo_mdc_743cea_cdv_photo_026_1765833021409.jpg"",""rid"":41241147,""lid"":""3667832"",""fid"":""68311"",""field"":""photo_of_map"",""title"":""mdc_photo_mdc_743cea_cdv_photo_026_1765833021409.jpg"",""ext"":""jpg"",""panorama"":false,""isDir"":false}]",,,87,56,35,TAP,EOA,END,121.300000000000,5.500000000000,21.300000000000,,Yes,,06052582 ,Yes,PRECON COMPLETE,"UPDATE: COLLAPSED/ABANDONED. QA KT

BLOCKAGE @ 21FT 12/18/25 CAM",,,,01/22/26,,,,Katy Thompson,,,,Pass,,,,,,,,,Lateral ,"___json[{""pathname"":""/Collected Media/map_1409686/layer_3667832/mdc_photo_mdc_7725a5_cdv_photo_027_1765833021409.jpg"",""rid"":41241148,""lid"":""3667832"",""fid"":""68311"",""field"":""site_photo"",""title"":""mdc_photo_mdc_7725a5_cdv_photo_027_1765833021409.jpg"",""ext"":""jpg"",""panorama"":false,""isDir"":false},{""pathname"":""/Collected Media/map_1409686/layer_3667832/mdc_photo_mdc_1e4f35_cdv_photo_028_1765833021409.jpg"",""rid"":41241149,""lid"":""3667832"",""fid"":""68311"",""field"":""site_photo"",""title"":""mdc_photo_mdc_1e4f35_cdv_photo_028_1765833021409.jpg"",""ext"":""jpg"",""panorama"":false,""isDir"":false},{""pathname"":""/Collected Media/map_1409686/layer_3667832/mdc_photo_mdc_3f0d82_cdv_photo_029_1765833021409.jpg"",""rid"":41241150,""lid"":""3667832"",""fid"":""68311"",""field"":""site_photo"",""title"":""mdc_photo_mdc_3f0d82_cdv_photo_029_1765833021409.jpg"",""ext"":""jpg"",""panorama"":false,""isDir"":false}]",,KS,,Sanitary,,James Atwood,,,,2025-12-15,,,,2400 LETS,,,,https://pioneer.sewerai.com/dashboard/review/a560a75d-9910-4218-a723-249ba220ad6f?t=0&limit=30&offset=0&status=uploaded&client_reviewed=false&issues=false&project=24PV0401+ATMOS+-+KS&ordering=-Inspection_Date&inspection_datetime__lte=2025-12-15T23%3A59%3A59-06%3A00
STRIKE,2026-01-22,Kansas,STMH 128 N BUCHANAN ST,North,BUCHANAN ST,OLATHE ,5200,,0.25,2026-01-22,,,3134 ,Eric Zerr,Carter Pacheco,,2026-01-22,,,,,,,,,,,,,0,0,0,0,,,,,,,,,,,,,,,,No,North,,,,,,,,,,,,,,,,,,,Pre,BRADLEY.EDLIN@ATMOSENERGY.COM ,,,,0.0,PO,,STMH 128 N BUCHANAN ST,,,,,RAN FROM STMH 128 N BUCHANAN ST TO OLD STEEL GAS CROSSBORE. NPL HAS BEEN MADE AWARE.,1,1,0401,"___json[{""pathname"":""/Collected Media/map_1409686/layer_3667832/mdc_photo_mdc_9e36b3_cdv_photo_004_1769117942984.jpg"",""rid"":41527545,""lid"":""3667832"",""fid"":""68678"",""field"":""photo_of_map"",""title"":""mdc_photo_mdc_9e36b3_cdv_photo_004_1769117942984.jpg"",""ext"":""jpg"",""panorama"":false,""isDir"":false}]",1,,11,22,21,STMH 128 N BUCHANAN ST,GO,END/CROSSBORE,0.0,7.0,9.5,,Yes,,06060482 ,,STRIKE,,,,,/20,,,,,,,,,,,,,,,,,Lateral ,"___json[{""pathname"":""/Collected Media/map_1409686/layer_3667832/mdc_photo_mdc_bdb61a_cdv_photo_000_1769117942984.jpg"",""rid"":41527546,""lid"":""3667832"",""fid"":""68678"",""field"":""site_photo"",""title"":""mdc_photo_mdc_bdb61a_cdv_photo_000_1769117942984.jpg"",""ext"":""jpg"",""panorama"":false,""isDir"":false},{""pathname"":""/Collected Media/map_1409686/layer_3667832/mdc_photo_mdc_2d0e3c_cdv_photo_001_1769117942984.jpg"",""rid"":41527547,""lid"":""3667832"",""fid"":""68678"",""field"":""site_photo"",""title"":""mdc_photo_mdc_2d0e3c_cdv_photo_001_1769117942984.jpg"",""ext"":""jpg"",""panorama"":false,""isDir"":false},{""pathname"":""/Collected Media/map_1409686/layer_3667832/mdc_photo_mdc_815a97_cdv_photo_002_1769117942984.jpg"",""rid"":41527548,""lid"":""3667832"",""fid"":""68678"",""field"":""site_photo"",""title"":""mdc_photo_mdc_815a97_cdv_photo_002_1769117942984.jpg"",""ext"":""jpg"",""panorama"":false,""isDir"":false},{""pathname"":""/Collected Media/map_1409686/layer_3667832/mdc_photo_mdc_2f2ad1_cdv_photo_003_1769117942984.jpg"",""rid"":41527549,""lid"":""3667832"",""fid"":""68678"",""field"":""site_photo"",""title"":""mdc_photo_mdc_2f2ad1_cdv_photo_003_1769117942984.jpg"",""ext"":""jpg"",""panorama"":false,""isDir"":false}]",,KS,,Storm,TO NORTH,Eric Zerr,,,,2026-01-22,,,,5200 LETS,,,,
PRECON COMPLETE,2026-01-22,Kansas,STMH 131 N BUCHANAN ST,North,BUCHANAN ST,OLATHE ,5200,,0.250000000000,2026-01-22,,,3134 ,Eric Zerr,Carter Pacheco,,2026-01-22,,,,,,,,,,,,,0,0,0,0,,,,,,,,,,,,,,,,No,,,,,,,,,,,,,,,,,,,,Pre,BRADLEY.EDLIN@ATMOSENERGY.COM ,,,,,LETS,,STMH 131 N BUCHANAN ST,,,,,RAN FROM STMH 131 N BUCHANAN ST TO STMH 607 E SANTA FE ST,1,1,0401,"___json[{""pathname"":""/Collected Media/map_1409686/layer_3667832/mdc_photo_mdc_4fc526_cdv_photo_017_1769111667923.jpg"",""rid"":41527243,""lid"":""3667832"",""fid"":""68677"",""field"":""photo_of_map"",""title"":""mdc_photo_mdc_4fc526_cdv_photo_017_1769111667923.jpg"",""ext"":""jpg"",""panorama"":false,""isDir"":false}]",,,29,29,36,STMH 131 N BUCHANAN ST,COR,END/STMH 60 E SANTA FE ST,0,13.100000000000,28.600000000000,,Yes,,06060482 ,Yes,PRECON COMPLETE,,,,,01/28/26,,,,Katy Thompson,,,,Pass,,,,,,,,28.600000000000,Main,"___json[{""pathname"":""/Collected Media/map_1409686/layer_3667832/mdc_photo_mdc_778e98_cdv_photo_014_1769111667923.jpg"",""rid"":41527244,""lid"":""3667832"",""fid"":""68677"",""field"":""site_photo"",""title"":""mdc_photo_mdc_778e98_cdv_photo_014_1769111667923.jpg"",""ext"":""jpg"",""panorama"":false,""isDir"":false},{""pathname"":""/Collected Media/map_1409686/layer_3667832/mdc_photo_mdc_d4fe1c_cdv_photo_015_1769111667923.jpg"",""rid"":41527245,""lid"":""3667832"",""fid"":""68677"",""field"":""site_photo"",""title"":""mdc_photo_mdc_d4fe1c_cdv_photo_015_1769111667923.jpg"",""ext"":""jpg"",""panorama"":false,""isDir"":false},{""pathname"":""/Collected Media/map_1409686/layer_3667832/mdc_photo_mdc_da431f_cdv_photo_016_1769111667923.jpg"",""rid"":41527246,""lid"":""3667832"",""fid"":""68677"",""field"":""site_photo"",""title"":""mdc_photo_mdc_da431f_cdv_photo_016_1769111667923.jpg"",""ext"":""jpg"",""panorama"":false,""isDir"":false}]",,KS,,Storm,TO STMH 607 E SANTA FE ST,Eric Zerr,,,,2026-01-22,,,,5200 LETS,,,,https://pioneer.sewerai.com/dashboard/review/c1c0ea42-d5d6-45c6-8f11-f503bbb7f638?t=1.122456&limit=30&offset=0&status=uploaded&client_reviewed=false&issues=false&project=24PV0401+ATMOS+-+KS&ordering=-Inspection_Date
PRECON COMPLETE,2026-01-22,Kansas,STMH 1943 E 131 N BUCHANAN ST,North,BUCHANAN ST,OLATHE ,5200,,,2026-01-22,,,3134 ,Eric Zerr,Carter Pacheco,,2026-01-22,,,,,,,,,,,,,0,0,0,0,,,,,,,,,,,,,,,,No,,,,,,,,,,,,,,,,,,,,Pre,BRADLEY.EDLIN@ATMOSENERGY.COM ,,,,,,,STMH 131 N BUCHANAN ST,,,,,RAN FROM MH 131 N BUCHANAN ST TO STMH 545 E SANTA FE ST,1,1,0401,"___json[{""pathname"":""/Collected Media/map_1409686/layer_3667832/mdc_photo_mdc_9c40df_cdv_photo_013_1769110847750.jpg"",""rid"":41526605,""lid"":""3667832"",""fid"":""68676"",""field"":""photo_of_map"",""title"":""mdc_photo_mdc_9c40df_cdv_photo_013_1769110847750.jpg"",""ext"":""jpg"",""panorama"":false,""isDir"":false}]",,,29,32,28,STMH 131 N BUCHANAN ST,GO,END/STMH 545 E SANTA FE ST,0,15,30.700000000000,,Yes,,06060482 ,Yes,PRECON COMPLETE,,,,,01/28/26,,,,Katy Thompson,,,,Pass,,,,,,,,30.700000000000,Main,"___json[{""pathname"":""/Collected Media/map_1409686/layer_3667832/mdc_photo_mdc_e1c89a_cdv_photo_010_1769110847750.jpg"",""rid"":41526606,""lid"":""3667832"",""fid"":""68676"",""field"":""site_photo"",""title"":""mdc_photo_mdc_e1c89a_cdv_photo_010_1769110847750.jpg"",""ext"":""jpg"",""panorama"":false,""isDir"":false},{""pathname"":""/Collected Media/map_1409686/layer_3667832/mdc_photo_mdc_9a28ce_cdv_photo_011_1769110847750.jpg"",""rid"":41526607,""lid"":""3667832"",""fid"":""68676"",""field"":""site_photo"",""title"":""mdc_photo_mdc_9a28ce_cdv_photo_011_1769110847750.jpg"",""ext"":""jpg"",""panorama"":false,""isDir"":false},{""pathname"":""/Collected Media/map_1409686/layer_3667832/mdc_photo_mdc_7046aa_cdv_photo_012_1769110847750.jpg"",""rid"":41526608,""lid"":""3667832"",""fid"":""68676"",""field"":""site_photo"",""title"":""mdc_photo_mdc_7046aa_cdv_photo_012_1769110847750.jpg"",""ext"":""jpg"",""panorama"":false,""isDir"":false}]",,KS,,Storm,TO STMH 545 E SANTE FE ST,Eric Zerr,,,,2026-01-22,,,,5200 LETS,,,,https://pioneer.sewerai.com/dashboard/review/d46c126e-d807-4c5b-9ea8-e11014a47875?t=1.143868&limit=30&offset=0&status=uploaded&client_reviewed=false&issues=false&project=24PV0401+ATMOS+-+KS&ordering=-Inspection_Date
PRECON COMPLETE,2026-01-22,Kansas,MH 545 E SANTA FE ,East,SANTA FE ST,OLATHE ,5200,,0.250000000000,2026-01-22,,,3134 ,Eric Zerr,Carter Pacheco,,2026-01-22,,,,,,,,,,,,,0,0,0,0,,,,,,,,,,,,,,,,No,,,,,,,,,,,,,,,,,,,,Pre,BRADLEY.EDLIN@ATMOSENERGY.COM ,,,,,,,STMH 545 E SANTA FE ST,,,,,RAN FROM STMH 545 E SANTA FEW ST TO WEST,1,1,0401,"___json[{""pathname"":""/Collected Media/map_1409686/layer_3667832/mdc_photo_mdc_e6c765_cdv_photo_006_1769110400853.jpg"",""rid"":41526550,""lid"":""3667832"",""fid"":""68675"",""field"":""photo_of_map"",""title"":""mdc_photo_mdc_e6c765_cdv_photo_006_1769110400853.jpg"",""ext"":""jpg"",""panorama"":false,""isDir"":false}]",,,27,35,37,STMH 545 E SANTA FE ST,GO,END/TO WEST,0,50.200000000000,101.100000000000,,Yes,,06060482 ,Yes,PRECON COMPLETE,,,,,01/28/26,,,,Katy Thompson,,,,Pass,,,,,,,,101.100000000000,Lateral & Main ,"___json[{""pathname"":""/Collected Media/map_1409686/layer_3667832/mdc_photo_mdc_0960f2_cdv_photo_007_1769110400853.jpg"",""rid"":41526551,""lid"":""3667832"",""fid"":""68675"",""field"":""site_photo"",""title"":""mdc_photo_mdc_0960f2_cdv_photo_007_1769110400853.jpg"",""ext"":""jpg"",""panorama"":false,""isDir"":false},{""pathname"":""/Collected Media/map_1409686/layer_3667832/mdc_photo_mdc_e0342a_cdv_photo_008_1769110400853.jpg"",""rid"":41526552,""lid"":""3667832"",""fid"":""68675"",""field"":""site_photo"",""title"":""mdc_photo_mdc_e0342a_cdv_photo_008_1769110400853.jpg"",""ext"":""jpg"",""panorama"":false,""isDir"":false},{""pathname"":""/Collected Media/map_1409686/layer_3667832/mdc_photo_mdc_bf0a0c_cdv_photo_009_1769110400853.jpg"",""rid"":41526553,""lid"":""3667832"",""fid"":""68675"",""field"":""site_photo"",""title"":""mdc_photo_mdc_bf0a0c_cdv_photo_009_1769110400853.jpg"",""ext"":""jpg"",""panorama"":false,""isDir"":false}]",,KS,,Storm,,Eric Zerr,,,,2026-01-22,,,,5200 LETS,,,,https://pioneer.sewerai.com/dashboard/review/c8f8b4f0-eeca-4dda-9f15-aa962b25ea30?t=1.222378&limit=30&offset=0&status=uploaded&client_reviewed=false&issues=false&project=24PV0401+ATMOS+-+KS&ordering=-Inspection_Date
PRECON COMPLETE,2026-01-21,Kansas,616,South,LINCOLN ST,HILLSBORO,5200,,1.0,2026-01-21,,,3136 ,Eric Zerr,Carter Pacheco,,2026-01-21,,,,,,,26,27,26,24,12,,0,0,0,0,,,,,,,CO,FD,CO,GO,END,,,,,No,North,,,,,,,0.0,2.0,0.0,15.0,33.0,,,,,,,,Pre,BRADLEY.EDLIN@ATMOSENERGY.COM ,,,1,93.1,LETS,,MH 617 S LINCOLN ST ,,,,,"RAN FROM MAIN TOWARDS FOUNDATION, GOT STOPPED BY BULDGE IN PIPE WITH RISK OF GETTING STUCK. WILL NEED PO. VCO UP BY FOUNDATION.
PO LINE FOR MAP NOT LOADING, RED LINE ON MAP IS PO LINE.

01/21/26-5200 TRUCK, ERIC ZERR, CARTER PACHECO, PUSHED FROM VCO BY FOUNDATION TO ABOUT 4FT PASSED WHERE LETS ENDED. 0.50 INVESTIGATION FOR DRIVE TIME.",1,2,0401,"___json[{""pathname"":""/Collected Media/map_1409686/layer_3667832/mdc_photo_mdc_8c2c84_cdv_photo_000_1768495803408.jpg"",""rid"":41464954,""lid"":""3667832"",""fid"":""68614"",""field"":""photo_of_map"",""title"":""mdc_photo_mdc_8c2c84_cdv_photo_000_1768495803408.jpg"",""ext"":""jpg"",""panorama"":false,""isDir"":false},{""pathname"":""/Collected Media/map_1409686/layer_3667832/mdc_photo_mdc_84d92c_cdv_photo_011_1769011658313.jpg"",""rid"":41513415,""lid"":""3667832"",""fid"":""68614"",""field"":""photo_of_map"",""title"":""mdc_photo_mdc_84d92c_cdv_photo_011_1769011658313.jpg"",""ext"":""jpg"",""panorama"":false,""isDir"":false}]",1,,84,11,12,TAP,EOR,END/BULDGE,93.1,17.8,21.1,,Yes,,06059903 ,,PRECON COMPLETE,,,,,/20,,,,,,,,,,,,,,,,,Lateral ,"___json[{""pathname"":""/Collected Media/map_1409686/layer_3667832/mdc_photo_mdc_c7b06e_cdv_photo_001_1768495803408.jpg"",""rid"":41464955,""lid"":""3667832"",""fid"":""68614"",""field"":""site_photo"",""title"":""mdc_photo_mdc_c7b06e_cdv_photo_001_1768495803408.jpg"",""ext"":""jpg"",""panorama"":false,""isDir"":false},{""pathname"":""/Collected Media/map_1409686/layer_3667832/mdc_photo_mdc_751e0c_cdv_photo_002_1768495803408.jpg"",""rid"":41464956,""lid"":""3667832"",""fid"":""68614"",""field"":""site_photo"",""title"":""mdc_photo_mdc_751e0c_cdv_photo_002_1768495803408.jpg"",""ext"":""jpg"",""panorama"":false,""isDir"":false},{""pathname"":""/Collected Media/map_1409686/layer_3667832/mdc_photo_mdc_c81708_cdv_photo_003_1768495803408.jpg"",""rid"":41464957,""lid"":""3667832"",""fid"":""68614"",""field"":""site_photo"",""title"":""mdc_photo_mdc_c81708_cdv_photo_003_1768495803408.jpg"",""ext"":""jpg"",""panorama"":false,""isDir"":false},{""pathname"":""/Collected Media/map_1409686/layer_3667832/mdc_photo_mdc_cf3435_cdv_photo_008_1769011658313.jpg"",""rid"":41513416,""lid"":""3667832"",""fid"":""68614"",""field"":""site_photo"",""title"":""mdc_photo_mdc_cf3435_cdv_photo_008_1769011658313.jpg"",""ext"":""jpg"",""panorama"":false,""isDir"":false},{""pathname"":""/Collected Media/map_1409686/layer_3667832/mdc_photo_mdc_6faab1_cdv_photo_009_1769011658313.jpg"",""rid"":41513417,""lid"":""3667832"",""fid"":""68614"",""field"":""site_photo"",""title"":""mdc_photo_mdc_6faab1_cdv_photo_009_1769011658313.jpg"",""ext"":""jpg"",""panorama"":false,""isDir"":false},{""pathname"":""/Collected Media/map_1409686/layer_3667832/mdc_photo_mdc_be4086_cdv_photo_010_1769011658313.jpg"",""rid"":41513418,""lid"":""3667832"",""fid"":""68614"",""field"":""site_photo"",""title"":""mdc_photo_mdc_be4086_cdv_photo_010_1769011658313.jpg"",""ext"":""jpg"",""panorama"":false,""isDir"":false}]",,KS,,Sanitary,,Eric Zerr,Eric Zerr,,,2026-01-15,2026-01-21,,,5200 LETS,5200 PO,,,
PRECON COMPLETE NO POST,2026-01-19,Kansas,210 ,North,ELM ST,COFFEYVILLE ,2400,,,2026-01-19,,,3145,N/A,,,2026-01-19,,,,,,,,,,,,,0,0,0,0,,,,,,,,,,,,,,,,No,,,,,,,,,,,,,,,,,,,,Pre,Bradley.edlin@atmosenergy.com ,,,,,,,,,,,,"POSSIBLE PARTY LINE DIDNT FIND A TAP FOR HAS DOG ON PORCH NEIGHBOR SAYS BITES
1/19/26 HOUSE DOESNT HAVE GAS AND WILL NOT BE RECIEVING GAS SEWER IS IN THE BACK AND CANT ACCESS DUE TO DOG ON THE PORCH SO CANT GET ACCESS PUT IN PRECON COMPLETE NO POST PER BEN BONNELL",,,0401,,,,,,,,,,,,,,No,,06052582 ,,PRECON COMPLETE NO POST,,,,,/20,,,,,,,,,,,,,,,,,Lateral ,,,KS,,Sanitary,,N/A,,,,,,,,,,,,
PRECON COMPLETE,2026-01-19,Kansas,202,North,WALNUT ST,COFFEYVILLE ,2400,,0.250000000000,2026-01-19,,,3145 ,James Atwood,Michael Parrish,,2026-01-19,,,,,,,22,27,35,,,,0,0,0,0,,,,,,,C/O,GO,END,,,,,,,No,West,,,,,,,0,26.500000000000,40.100000000000,,,,,,,,,,Pre,BRADLEY.EDLIN@ATMOSENERGY.COM ,,,1,153.700000000000,LETS,,MH 206 N WALNUT ST ,,,,,"YARD IS FENCED IN CONNECTED TO THE NEIGHBORS AND HAS MULTIPLE DOGS NEED TO GET ACCESS TO VERIFY LINE  HOUSE HAS C/O
1/19/26 PUSHED TO CONNECT IN WHERE LETS ENDED",1,2,0401,"___json[{""pathname"":""/Collected Media/map_1409686/layer_3667832/mdc_photo_mdc_58177a_cdv_photo_003_1766163875537.jpg"",""rid"":41294185,""lid"":""3667832"",""fid"":""68326"",""field"":""photo_of_map"",""title"":""mdc_photo_mdc_58177a_cdv_photo_003_1766163875537.jpg"",""ext"":""jpg"",""panorama"":false,""isDir"":false},{""pathname"":""/Collected Media/map_1409686/layer_3667832/mdc_photo_mdc_3f2170_cdv_photo_056_1768852002748.jpg"",""rid"":41493152,""lid"":""3667832"",""fid"":""68326"",""field"":""photo_of_map"",""title"":""mdc_photo_mdc_3f2170_cdv_photo_056_1768852002748.jpg"",""ext"":""jpg"",""panorama"":false,""isDir"":false}]",1,,82,33,0,TAP,GO,END,153.700000000000,29,55.500000000000,,Yes,,06052582 ,No,PRECON COMPLETE,"VIDEO TOO BLURRY AFTER 45FT, NOTES MENTION OTHER LINE NEEDS TO BE VERIFIED",,,,12/29/25,/20,,,Charlton Moren,,,,Fail,,,,,,,,,Lateral ,"___json[{""pathname"":""/Collected Media/map_1409686/layer_3667832/mdc_photo_mdc_fbc608_cdv_photo_004_1766163875537.jpg"",""rid"":41294186,""lid"":""3667832"",""fid"":""68326"",""field"":""site_photo"",""title"":""mdc_photo_mdc_fbc608_cdv_photo_004_1766163875537.jpg"",""ext"":""jpg"",""panorama"":false,""isDir"":false},{""pathname"":""/Collected Media/map_1409686/layer_3667832/mdc_photo_mdc_42e472_cdv_photo_005_1766163875537.jpg"",""rid"":41294187,""lid"":""3667832"",""fid"":""68326"",""field"":""site_photo"",""title"":""mdc_photo_mdc_42e472_cdv_photo_005_1766163875537.jpg"",""ext"":""jpg"",""panorama"":false,""isDir"":false},{""pathname"":""/Collected Media/map_1409686/layer_3667832/mdc_photo_mdc_c6a1a5_cdv_photo_057_1768852002748.jpg"",""rid"":41493153,""lid"":""3667832"",""fid"":""68326"",""field"":""site_photo"",""title"":""mdc_photo_mdc_c6a1a5_cdv_photo_057_1768852002748.jpg"",""ext"":""jpg"",""panorama"":false,""isDir"":false},{""pathname"":""/Collected Media/map_1409686/layer_3667832/mdc_photo_mdc_4ff4e3_cdv_photo_058_1768852002748.jpg"",""rid"":41493154,""lid"":""3667832"",""fid"":""68326"",""field"":""site_photo"",""title"":""mdc_photo_mdc_4ff4e3_cdv_photo_058_1768852002748.jpg"",""ext"":""jpg"",""panorama"":false,""isDir"":false}]",,KS,,Sanitary,,James Atwood,James Atwood,,,2025-12-19,2026-01-19,,,2400 LETS,2400 PO,,,https://pioneer.sewerai.com/dashboard/review/31ec2f11-1f84-4fa4-87ee-2c73cb0a90f9?t=0&limit=30&offset=0&status=uploaded&client_reviewed=false&issues=false&project=24PV0401+ATMOS+-+KS&ordering=-Inspection_Date&inspection_datetime__lte=2025-12-20T23%3A59%3A59-06%3A00
PRECON COMPLETE,2026-01-20,Kansas,213,West,NEW ST,COFFEYVILLE ,2400,,0.25,2026-01-20,,,3145 ,James Atwood,Michael Parrish,,2026-01-20,23,,,,,,0,0,26,32,42,26,0,0,0,0,END,,,,,,12T,END,C/O,GO,END,C/O,,,,No,East,4.3,,,,,,84.3,99.8,0.00,12.0,48.11,0.00,,,,,,,Pre,BRADLEY.EDLIN@ATMOSENERGY.COM ,,,1,57.9,LETS,,MH 108 N ELM ST ,,,NEEDS ACCESS TO VERIFY LINE,,1/20/26 GOT ACCESS TO YARD REDRAWN THE MAP IN MORE CORRECTLY PUSHED IT TWO WAYS WHAT WE RECORDED BEFORE KNOWING WE WERE UNDER FOUNDATION.,1,2,0401,"___json[{""pathname"":""/Collected Media/map_1409686/layer_3667832/mdc_photo_mdc_96ed10_cdv_photo_000_1767799957010.jpg"",""rid"":41389734,""lid"":""3667832"",""fid"":""68335"",""field"":""photo_of_map"",""title"":""mdc_photo_mdc_96ed10_cdv_photo_000_1767799957010.jpg"",""ext"":""jpg"",""panorama"":false,""isDir"":false},{""pathname"":""/Collected Media/map_1409686/layer_3667832/mdc_photo_mdc_24b764_cdv_photo_016_1768925077396.jpg"",""rid"":41501587,""lid"":""3667832"",""fid"":""68335"",""field"":""photo_of_map"",""title"":""mdc_photo_mdc_24b764_cdv_photo_016_1768925077396.jpg"",""ext"":""jpg"",""panorama"":false,""isDir"":false}]",1,,81,42,0,TAP,GO,12T,57.9,12.0,49.9,,Yes,,06052582 ,,PRECON COMPLETE,,,,,/20,,,,,,,,,,,,,,,,,Lateral ,"___json[{""pathname"":""/Collected Media/map_1409686/layer_3667832/mdc_photo_mdc_52a4ca_cdv_photo_001_1767799957010.jpg"",""rid"":41389735,""lid"":""3667832"",""fid"":""68335"",""field"":""site_photo"",""title"":""mdc_photo_mdc_52a4ca_cdv_photo_001_1767799957010.jpg"",""ext"":""jpg"",""panorama"":false,""isDir"":false},{""pathname"":""/Collected Media/map_1409686/layer_3667832/mdc_photo_mdc_00a043_cdv_photo_002_1767799957010.jpg"",""rid"":41389736,""lid"":""3667832"",""fid"":""68335"",""field"":""site_photo"",""title"":""mdc_photo_mdc_00a043_cdv_photo_002_1767799957010.jpg"",""ext"":""jpg"",""panorama"":false,""isDir"":false},{""pathname"":""/Collected Media/map_1409686/layer_3667832/mdc_photo_mdc_337e92_cdv_photo_003_1767799957010.jpg"",""rid"":41389737,""lid"":""3667832"",""fid"":""68335"",""field"":""site_photo"",""title"":""mdc_photo_mdc_337e92_cdv_photo_003_1767799957010.jpg"",""ext"":""jpg"",""panorama"":false,""isDir"":false},{""pathname"":""/Collected Media/map_1409686/layer_3667832/mdc_photo_mdc_10f5be_cdv_photo_004_1767799957010.jpg"",""rid"":41389738,""lid"":""3667832"",""fid"":""68335"",""field"":""site_photo"",""title"":""mdc_photo_mdc_10f5be_cdv_photo_004_1767799957010.jpg"",""ext"":""jpg"",""panorama"":false,""isDir"":false},{""pathname"":""/Collected Media/map_1409686/layer_3667832/mdc_photo_mdc_8463d8_cdv_photo_017_1768925077396.jpg"",""rid"":41501588,""lid"":""3667832"",""fid"":""68335"",""field"":""site_photo"",""title"":""mdc_photo_mdc_8463d8_cdv_photo_017_1768925077396.jpg"",""ext"":""jpg"",""panorama"":false,""isDir"":false},{""pathname"":""/Collected Media/map_1409686/layer_3667832/mdc_photo_mdc_b2c60a_cdv_photo_018_1768925077396.jpg"",""rid"":41501589,""lid"":""3667832"",""fid"":""68335"",""field"":""site_photo"",""title"":""mdc_photo_mdc_b2c60a_cdv_photo_018_1768925077396.jpg"",""ext"":""jpg"",""panorama"":false,""isDir"":false},{""pathname"":""/Collected Media/map_1409686/layer_3667832/mdc_photo_mdc_f737cb_cdv_photo_019_1768925077396.jpg"",""rid"":41501590,""lid"":""3667832"",""fid"":""68335"",""field"":""site_photo"",""title"":""mdc_photo_mdc_f737cb_cdv_photo_019_1768925077396.jpg"",""ext"":""jpg"",""panorama"":false,""isDir"":false}]",,KS,,Sanitary,,James Atwood,James Atwood,,,2026-01-07,2026-01-20,,,2400 LETS,2400 PO,,,
PRECON COMPLETE,2026-01-20,Kansas,211,West,NEW ST,COFFEYVILLE ,2400,,0.50,2026-01-20,,,3145 ,James Atwood,Michael Parrish,,2026-01-20,,,,,,,27,39,,,,,0,0,0,0,,,,,,,GO,END,,,,,,,,No,East,,,,,,,32.5,86.8,,,,,,,,,,,Pre,BRADLEY.EDLIN@ATMOSENERGY.COM ,,,1,132.2,LETS,,MH 108 N ELM ST ,,,,,"OFFSET / HAS C/O
1/20/26 PUSHED TO CONNECT IN WHERE LETS ENDED ",1,2,0401,"___json[{""pathname"":""/Collected Media/map_1409686/layer_3667832/mdc_photo_mdc_bd70cd_cdv_photo_000_1767806138072.jpg"",""rid"":41390817,""lid"":""3667832"",""fid"":""68336"",""field"":""photo_of_map"",""title"":""mdc_photo_mdc_bd70cd_cdv_photo_000_1767806138072.jpg"",""ext"":""jpg"",""panorama"":false,""isDir"":false},{""pathname"":""/Collected Media/map_1409686/layer_3667832/mdc_photo_mdc_0390aa_cdv_photo_000_1768921276286.jpg"",""rid"":41500416,""lid"":""3667832"",""fid"":""68336"",""field"":""photo_of_map"",""title"":""mdc_photo_mdc_0390aa_cdv_photo_000_1768921276286.jpg"",""ext"":""jpg"",""panorama"":false,""isDir"":false}]",1,,84,39,29,TAP,END,C/O,132.2,9.1,0.00,,Yes,,06052582 ,,PRECON COMPLETE,,,,,/20,,,,,,,,,,,,,,,,,Lateral ,"___json[{""pathname"":""/Collected Media/map_1409686/layer_3667832/mdc_photo_mdc_cea70a_cdv_photo_001_1767806138072.jpg"",""rid"":41390818,""lid"":""3667832"",""fid"":""68336"",""field"":""site_photo"",""title"":""mdc_photo_mdc_cea70a_cdv_photo_001_1767806138072.jpg"",""ext"":""jpg"",""panorama"":false,""isDir"":false},{""pathname"":""/Collected Media/map_1409686/layer_3667832/mdc_photo_mdc_98dff4_cdv_photo_002_1767806138072.jpg"",""rid"":41390819,""lid"":""3667832"",""fid"":""68336"",""field"":""site_photo"",""title"":""mdc_photo_mdc_98dff4_cdv_photo_002_1767806138072.jpg"",""ext"":""jpg"",""panorama"":false,""isDir"":false},{""pathname"":""/Collected Media/map_1409686/layer_3667832/mdc_photo_mdc_86f95a_cdv_photo_003_1767806138072.jpg"",""rid"":41390820,""lid"":""3667832"",""fid"":""68336"",""field"":""site_photo"",""title"":""mdc_photo_mdc_86f95a_cdv_photo_003_1767806138072.jpg"",""ext"":""jpg"",""panorama"":false,""isDir"":false},{""pathname"":""/Collected Media/map_1409686/layer_3667832/mdc_photo_mdc_8fd08b_cdv_photo_011_1768921276286.jpg"",""rid"":41500417,""lid"":""3667832"",""fid"":""68336"",""field"":""site_photo"",""title"":""mdc_photo_mdc_8fd08b_cdv_photo_011_1768921276286.jpg"",""ext"":""jpg"",""panorama"":false,""isDir"":false},{""pathname"":""/Collected Media/map_1409686/layer_3667832/mdc_photo_mdc_dbe129_cdv_photo_012_1768921276286.jpg"",""rid"":41500418,""lid"":""3667832"",""fid"":""68336"",""field"":""site_photo"",""title"":""mdc_photo_mdc_dbe129_cdv_photo_012_1768921276286.jpg"",""ext"":""jpg"",""panorama"":false,""isDir"":false},{""pathname"":""/Collected Media/map_1409686/layer_3667832/mdc_photo_mdc_e1f4f5_cdv_photo_013_1768921276286.jpg"",""rid"":41500419,""lid"":""3667832"",""fid"":""68336"",""field"":""site_photo"",""title"":""mdc_photo_mdc_e1f4f5_cdv_photo_013_1768921276286.jpg"",""ext"":""jpg"",""panorama"":false,""isDir"":false},{""pathname"":""/Collected Media/map_1409686/layer_3667832/mdc_photo_mdc_0ac197_cdv_photo_014_1768921276286.jpg"",""rid"":41500420,""lid"":""3667832"",""fid"":""68336"",""field"":""site_photo"",""title"":""mdc_photo_mdc_0ac197_cdv_photo_014_1768921276286.jpg"",""ext"":""jpg"",""panorama"":false,""isDir"":false},{""pathname"":""/Collected Media/map_1409686/layer_3667832/mdc_photo_mdc_a947f3_cdv_photo_015_1768921276286.jpg"",""rid"":41500421,""lid"":""3667832"",""fid"":""68336"",""field"":""site_photo"",""title"":""mdc_photo_mdc_a947f3_cdv_photo_015_1768921276286.jpg"",""ext"":""jpg"",""panorama"":false,""isDir"":false}]",,KS,,Sanitary,,James Atwood,James Atwood,,,2026-01-07,2026-01-20,,,2400 LETS,2400 PO,,,
DOOR TAG,2026-01-19,Kansas,302,West,NEW ST,COFFEYVILLE ,2400,,0.50,2025-12-15,,,3145,James Atwood,Michael Parrish,,2026-01-19,,,,,,,0,0,,,,,0,0,0,0,,,,,,,12T,12T/END,,,,,,,,No,West,,,,,,,60.7,63.0,,,,,,,,,,,Pre,Bradley.edlin@atmosenergy.com ,,,1,78.0,LETS,,MH 207 N ELM ST ,,,"KNOCKED NO ANSWER NEED TO PUSH TO VERIFY LINE IN FENCED YARD
1/19/26 KNOCKED NO ANSWER DOOR TAG FROM PREVIOUS VISIT WAS STILL THERE AND 2 MORE FROM ATMOS",,,1,1,0401,"___json[{""pathname"":""/Collected Media/map_1409686/layer_3667832/mdc_photo_mdc_2a63b9_cdv_photo_000_1765810653007.jpg"",""rid"":41234943,""lid"":""3667832"",""fid"":""68295"",""field"":""photo_of_map"",""title"":""mdc_photo_mdc_2a63b9_cdv_photo_000_1765810653007.jpg"",""ext"":""jpg"",""panorama"":false,""isDir"":false}]",,,76,51,38,TAP,EOA,GO,78.0,5.5,11.5,,Yes,,06052582 ,,DOOR TAG,,,,,/20,,,,,,,,,,,,,,,,,Lateral ,"___json[{""pathname"":""/Collected Media/map_1409686/layer_3667832/mdc_photo_mdc_6ac725_cdv_photo_001_1765810653008.jpg"",""rid"":41234944,""lid"":""3667832"",""fid"":""68295"",""field"":""site_photo"",""title"":""mdc_photo_mdc_6ac725_cdv_photo_001_1765810653008.jpg"",""ext"":""jpg"",""panorama"":false,""isDir"":false},{""pathname"":""/Collected Media/map_1409686/layer_3667832/mdc_photo_mdc_951194_cdv_photo_002_1765810653008.jpg"",""rid"":41234945,""lid"":""3667832"",""fid"":""68295"",""field"":""site_photo"",""title"":""mdc_photo_mdc_951194_cdv_photo_002_1765810653008.jpg"",""ext"":""jpg"",""panorama"":false,""isDir"":false},{""pathname"":""/Collected Media/map_1409686/layer_3667832/mdc_photo_mdc_b0cb97_cdv_photo_003_1765810653008.jpg"",""rid"":41234946,""lid"":""3667832"",""fid"":""68295"",""field"":""site_photo"",""title"":""mdc_photo_mdc_b0cb97_cdv_photo_003_1765810653008.jpg"",""ext"":""jpg"",""panorama"":false,""isDir"":false},{""pathname"":""/Collected Media/map_1409686/layer_3667832/mdc_photo_mdc_c80726_cdv_photo_004_1765810653008.jpg"",""rid"":41234947,""lid"":""3667832"",""fid"":""68295"",""field"":""site_photo"",""title"":""mdc_photo_mdc_c80726_cdv_photo_004_1765810653008.jpg"",""ext"":""jpg"",""panorama"":false,""isDir"":false},{""pathname"":""/Collected Media/map_1409686/layer_3667832/mdc_photo_mdc_797e76_cdv_photo_035_1768843521500.jpg"",""rid"":41491975,""lid"":""3667832"",""fid"":""68295"",""field"":""site_photo"",""title"":""mdc_photo_mdc_797e76_cdv_photo_035_1768843521500.jpg"",""ext"":""jpg"",""panorama"":false,""isDir"":false},{""pathname"":""/Collected Media/map_1409686/layer_3667832/mdc_photo_mdc_fc52b9_cdv_photo_036_1768843521500.jpg"",""rid"":41491976,""lid"":""3667832"",""fid"":""68295"",""field"":""site_photo"",""title"":""mdc_photo_mdc_fc52b9_cdv_photo_036_1768843521500.jpg"",""ext"":""jpg"",""panorama"":false,""isDir"":false},{""pathname"":""/Collected Media/map_1409686/layer_3667832/mdc_photo_mdc_54a17d_cdv_photo_037_1768843521500.jpg"",""rid"":41491977,""lid"":""3667832"",""fid"":""68295"",""field"":""site_photo"",""title"":""mdc_photo_mdc_54a17d_cdv_photo_037_1768843521500.jpg"",""ext"":""jpg"",""panorama"":false,""isDir"":false},{""pathname"":""/Collected Media/map_1409686/layer_3667832/mdc_photo_mdc_91e2c3_cdv_photo_038_1768843521500.jpg"",""rid"":41491978,""lid"":""3667832"",""fid"":""68295"",""field"":""site_photo"",""title"":""mdc_photo_mdc_91e2c3_cdv_photo_038_1768843521500.jpg"",""ext"":""jpg"",""panorama"":false,""isDir"":false}]",,KS,,Sanitary,,James Atwood,,,,2025-12-15,,,,2400 LETS,,,,
PRECON COMPLETE NO POST,2026-01-19,Kansas,212,North,ELM ST,COFFEYVILLE,2400,,,2026-01-19,,,3145,James Atwood,Michael Parrish,,2026-01-19,,,,,,,28,,,,,,0,0,0,0,,,,,,,END,,,,,,,,,No,East,,,,,,,135.500000000000,,,,,,,,,,,,Pre,Bradley.edlin@atmosenergy.com ,,,1,207.200000000000,LETS,,MH 208 N WILLOW ST ,,,,,"HAS 12T / HAS DOGS 
1/19/26 DONT HAVE GAS AND WILL NOT BE GETTING GAS ALL ALL HAS 3 DOGS IN THE BACK AND CANT ACCESS C/O. IN PRECON COMPLETE NO POST PER BEN BONNELL",1,1,0401,"___json[{""pathname"":""/Collected Media/map_1409686/layer_3667832/mdc_photo_mdc_3880d6_cdv_photo_032_1765554432314.jpg"",""rid"":41216162,""lid"":""3667832"",""fid"":""68286"",""field"":""photo_of_map"",""title"":""mdc_photo_mdc_3880d6_cdv_photo_032_1765554432314.jpg"",""ext"":""jpg"",""panorama"":false,""isDir"":false}]",,,67,48,42,TAP,EOA,GO,207.200000000000,4,9,,Yes,,06052582 ,Yes,PRECON COMPLETE NO POST,"UPDATE: THIS CAN BE PASSED. NOT IN SCOPE. QA KT

BAD VISUAL 12/15/25 CAM",,,,01/22/26,,,,Katy Thompson,,,,Pass,,,,,,,,,Lateral ,"___json[{""pathname"":""/Collected Media/map_1409686/layer_3667832/mdc_photo_mdc_dd3139_cdv_photo_028_1765554174068.jpg"",""rid"":41216116,""lid"":""3667832"",""fid"":""68286"",""field"":""site_photo"",""title"":""mdc_photo_mdc_dd3139_cdv_photo_028_1765554174068.jpg"",""ext"":""jpg"",""panorama"":false,""isDir"":false},{""pathname"":""/Collected Media/map_1409686/layer_3667832/mdc_photo_mdc_591590_cdv_photo_029_1765554174068.jpg"",""rid"":41216117,""lid"":""3667832"",""fid"":""68286"",""field"":""site_photo"",""title"":""mdc_photo_mdc_591590_cdv_photo_029_1765554174068.jpg"",""ext"":""jpg"",""panorama"":false,""isDir"":false},{""pathname"":""/Collected Media/map_1409686/layer_3667832/mdc_photo_mdc_e3a5c5_cdv_photo_030_1765554174068.jpg"",""rid"":41216118,""lid"":""3667832"",""fid"":""68286"",""field"":""site_photo"",""title"":""mdc_photo_mdc_e3a5c5_cdv_photo_030_1765554174068.jpg"",""ext"":""jpg"",""panorama"":false,""isDir"":false},{""pathname"":""/Collected Media/map_1409686/layer_3667832/mdc_photo_mdc_de4e99_cdv_photo_031_1765554174068.jpg"",""rid"":41216119,""lid"":""3667832"",""fid"":""68286"",""field"":""site_photo"",""title"":""mdc_photo_mdc_de4e99_cdv_photo_031_1765554174068.jpg"",""ext"":""jpg"",""panorama"":false,""isDir"":false},{""pathname"":""/Collected Media/map_1409686/layer_3667832/mdc_photo_mdc_e16026_cdv_photo_032_1768840328936.jpg"",""rid"":41491457,""lid"":""3667832"",""fid"":""68286"",""field"":""site_photo"",""title"":""mdc_photo_mdc_e16026_cdv_photo_032_1768840328936.jpg"",""ext"":""jpg"",""panorama"":false,""isDir"":false},{""pathname"":""/Collected Media/map_1409686/layer_3667832/mdc_photo_mdc_05716a_cdv_photo_033_1768840328936.jpg"",""rid"":41491458,""lid"":""3667832"",""fid"":""68286"",""field"":""site_photo"",""title"":""mdc_photo_mdc_05716a_cdv_photo_033_1768840328936.jpg"",""ext"":""jpg"",""panorama"":false,""isDir"":false}]",,KS,,Sanitary,,James Atwood,,,,2025-12-12,,,,2400 LETS,,,,https://pioneer.sewerai.com/dashboard/review/3f7c0daa-dc9b-46b8-9dd1-953ec14b8f72?t=0&limit=30&offset=0&status=uploaded&client_reviewed=false&issues=false&project=24PV0401+ATMOS+-+KS&ordering=-Inspection_Date
PRECON COMPLETE,2026-01-20,Kansas,111,West,NEW ST,COFFEYVILLE,5200,,0.75,2026-01-20,,,3145 ,Eric Zerr,Preston Williams,,2026-01-20,,,,,,,49,0,20,40,49,,0,0,0,0,,,,,,,NON/VCO/12T,END,C/O,GO,END,,,,,No,East,,,,,,,12.900000000000,89.800000000000,0.00,22.8,62.7,,,,,,,,Pre,Bradley.edlin@atmosenergy.com ,,,1,54.800000000000,LETS,,MH 111 W NEW ST,,,,,"12/15/25 5200 TRUCK
HOUSE IS NOT GETTING GAS
COULD NOT ACCESS BACKYARD
NEEDS PUSHED JUST IN CASE
LEFT DOORTAG ON FENCE
1/20/26 PUSHED: THE ADRESS FOR THIS HOUSE IS 313 W NEW ST THE DOTS HAVE IT AS 111 W NEW ST",1,2,0401,"___json[{""pathname"":""/Collected Media/map_1409686/layer_3667832/mdc_photo_mdc_a1ca6d_cdv_photo_000_1765825061674.jpg"",""rid"":41238908,""lid"":""3667832"",""fid"":""68308"",""field"":""photo_of_map"",""title"":""mdc_photo_mdc_a1ca6d_cdv_photo_000_1765825061674.jpg"",""ext"":""jpg"",""panorama"":false,""isDir"":false},{""pathname"":""/Collected Media/map_1409686/layer_3667832/mdc_photo_mdc_6f170c_cdv_photo_034_1768933665003.jpg"",""rid"":41503254,""lid"":""3667832"",""fid"":""68308"",""field"":""photo_of_map"",""title"":""mdc_photo_mdc_6f170c_cdv_photo_034_1768933665003.jpg"",""ext"":""jpg"",""panorama"":false,""isDir"":false}]",1,,96,47,49,TAP,COA,EOA,54.800000000000,7.600000000000,11.700000000000,,Yes,,060,No,PRECON COMPLETE,BAD VISUAL,,,,12/18/25,,,,Charlton Moren,,,,Fail,,,,,,,,,Lateral ,"___json[{""pathname"":""/Collected Media/map_1409686/layer_3667832/mdc_photo_mdc_a7a2c0_cdv_photo_001_1765825061674.jpg"",""rid"":41238909,""lid"":""3667832"",""fid"":""68308"",""field"":""site_photo"",""title"":""mdc_photo_mdc_a7a2c0_cdv_photo_001_1765825061674.jpg"",""ext"":""jpg"",""panorama"":false,""isDir"":false},{""pathname"":""/Collected Media/map_1409686/layer_3667832/mdc_photo_mdc_3a7f51_cdv_photo_002_1765825061674.jpg"",""rid"":41238910,""lid"":""3667832"",""fid"":""68308"",""field"":""site_photo"",""title"":""mdc_photo_mdc_3a7f51_cdv_photo_002_1765825061674.jpg"",""ext"":""jpg"",""panorama"":false,""isDir"":false},{""pathname"":""/Collected Media/map_1409686/layer_3667832/mdc_photo_mdc_0dbc15_cdv_photo_003_1765825061674.jpg"",""rid"":41238911,""lid"":""3667832"",""fid"":""68308"",""field"":""site_photo"",""title"":""mdc_photo_mdc_0dbc15_cdv_photo_003_1765825061674.jpg"",""ext"":""jpg"",""panorama"":false,""isDir"":false},{""pathname"":""/Collected Media/map_1409686/layer_3667832/mdc_photo_mdc_5137d9_cdv_photo_011_1765827730755.jpg"",""rid"":41239740,""lid"":""3667832"",""fid"":""68308"",""field"":""site_photo"",""title"":""mdc_photo_mdc_5137d9_cdv_photo_011_1765827730755.jpg"",""ext"":""jpg"",""panorama"":false,""isDir"":false},{""pathname"":""/Collected Media/map_1409686/layer_3667832/mdc_photo_mdc_ac3694_cdv_photo_036_1768933665003.jpg"",""rid"":41503255,""lid"":""3667832"",""fid"":""68308"",""field"":""site_photo"",""title"":""mdc_photo_mdc_ac3694_cdv_photo_036_1768933665003.jpg"",""ext"":""jpg"",""panorama"":false,""isDir"":false},{""pathname"":""/Collected Media/map_1409686/layer_3667832/mdc_photo_mdc_5e8d72_cdv_photo_037_1768933665003.jpg"",""rid"":41503256,""lid"":""3667832"",""fid"":""68308"",""field"":""site_photo"",""title"":""mdc_photo_mdc_5e8d72_cdv_photo_037_1768933665003.jpg"",""ext"":""jpg"",""panorama"":false,""isDir"":false}]",,KS,,Sanitary,,Eric Zerr,James Atwood,,,2025-12-15,2026-01-20,,,5200 LETS,2400 PO,,,https://pioneer.sewerai.com/dashboard/review/69d07ecb-4492-4b4d-afd2-fde2daea4aa5?t=0&limit=30&offset=0&status=uploaded&client_reviewed=false&issues=false&project=24PV0401+ATMOS+-+KS&ordering=-Inspection_Date&inspection_datetime__lte=2025-12-15T23%3A59%3A59-06%3A00
PRECON COMPLETE NO POST,2026-01-20,Kansas,110,North,ELM ST,COFFEYVILLE,5200,,0,2026-01-20,,,3145 ,Eric Zerr,Preston Williams,,2026-01-20,,,,,,,,,,,,,0,0,0,0,,,,,,,,,,,,,,,,No,East,,,,,,,,,,,,,,,,,,,Pre,Bradley.edlin@atmosenergy.com ,,,1,285,LETS,,MH 111 W NEW ST,,,,,HOUSE IS CONDEMNED WILL NOT BE RECIEVING GAS VERIFIED WITH DRILLER ISAAC THAT ATMOS INSPECTOR CURTIS VERIFIED,1,1,0401,"___json[{""pathname"":""/Collected Media/map_1409686/layer_3667832/mdc_photo_mdc_0fef73_cdv_photo_070_1765910522005.jpg"",""rid"":41252645,""lid"":""3667832"",""fid"":""68319"",""field"":""photo_of_map"",""title"":""mdc_photo_mdc_0fef73_cdv_photo_070_1765910522005.jpg"",""ext"":""jpg"",""panorama"":false,""isDir"":false}]",,,89,56,,TAP,END,,285,2.900000000000,,,Yes,,06052582,Yes,PRECON COMPLETE NO POST," UPDATE:  HOUSE IS CONDEMNED WILL NOT BE RECIEVING GAS. QA KT

VIDEO GOOD, DIDNT MAKE IT TO FOUNDATION. 12/18/25 CAM",,,,01/22/26,,,,Katy Thompson,,,,Pass,,,,,,,,,Lateral ,"___json[{""pathname"":""/Collected Media/map_1409686/layer_3667832/mdc_photo_mdc_e9932e_cdv_photo_071_1765910522005.jpg"",""rid"":41252646,""lid"":""3667832"",""fid"":""68319"",""field"":""site_photo"",""title"":""mdc_photo_mdc_e9932e_cdv_photo_071_1765910522005.jpg"",""ext"":""jpg"",""panorama"":false,""isDir"":false},{""pathname"":""/Collected Media/map_1409686/layer_3667832/mdc_photo_mdc_eb9155_cdv_photo_072_1765910522005.jpg"",""rid"":41252647,""lid"":""3667832"",""fid"":""68319"",""field"":""site_photo"",""title"":""mdc_photo_mdc_eb9155_cdv_photo_072_1765910522005.jpg"",""ext"":""jpg"",""panorama"":false,""isDir"":false}]",,KS,,Sanitary,,Eric Zerr,,,,2025-12-16,,,,5200 LETS,,,,https://pioneer.sewerai.com/dashboard/review/70e1b622-6350-4d52-bf65-a58315abd632?t=0&limit=30&offset=0&status=uploaded&client_reviewed=false&issues=false&project=24PV0401+ATMOS+-+KS&ordering=-Inspection_Date&inspection_datetime__lte=2025-12-17T23%3A59%3A59-06%3A00
