stage,date_of_status_update,district,address,street_dir,street_name,city,cleared_by_employee,billed_adder_notes,billed_adder_other,cb_date,cb_report,clear_date,cleared_by,client_no,co_install_y_n,conflict_repair_date,crew_lead,crew_tech,depth_1,depth_2,depth_3,depth_4,depth_5,desc_1,desc_2,desc_3,desc_4,desc_5,dig_hrs,dig_y_n,dir_lat_frm_mh,dist_1,dist_2,dist_3,dist_4,dist_5,dist_mh_to_lat,door_tag_date1,door_tag_date2,door_tag_date3,end_mh,field_notes,gas_main_clr_date,gas_main_clr_method,gas_service_clr_date,gas_service_clr_method,inspection_hourly,inspection_type,inspector,lat_inspection_push_camera_ea,latitude,longitude,measurements_y_n,no_videos_today,no_videos_total,notes_doortag,notes_extra,num_of_co_installs,phase,photo_map,pipe_complete,project_no,pv_stage,qa_comments_1,qa_comments_2,qa_comments_3,qa_name,qa_pass_fail_1,qa_pass_fail_2,qa_pass_fail_3,qc_comments_1,qc_comments_2,qc_comments_3,qc_date_1,qc_date_2,qc_date_3,qc_name_1,qc_name_2,qc_name_3,qc_p_f_1,qc_p_f_2,qc_p_f_3,ref_1,ref_2,ref_3,ref_4,ref_5,rerun_deadline,rerun_y_n,sanitary_main_cleaning_lf,sanitary_main_inspection_lf,sewer_lat_inspection_lat_launch_ea,sewer_lateral_cleaning_lf,sewer_ml_ft,sewer_type,site_photos,start_mh,state,status_update,storm_main_cleaning_lf,storm_main_inspection_lf,street_direction,time,to_bldg,utility_type,video_1,video_2,video_3,video_date_1,video_date_2,video_date_3,video_device_1,video_device_2,video_device_3,video_type,video_url,video_url_2,video_url_3
COMPLETE,2025-06-06,,17501,,98TH ST,LENEXA ,,,,,,2025/06/06,1800,VISTA VILLAGE(PRAIRIE STAR PKWY/RIDGEVIEW) ,,,Edgar Atwood,Eric Zerr,0,107,,,,TAP,GMI/END@CAP,,,,,,,290.4,31.6,,,,290.4,,,,,,2025/06/06,LETS,2025/06/06,LETS,,Post,SCOTT.LOVELADY@ONEGAS.COM ,,38.9548,-94.7909,yes,1,1,,,,One Gas,"___json[{""pathname"":""/Collected Media/map_2662324/layer_6728851/mdc_photo_mdc_6720a4_cdv_photo_003_1749238042117.jpg"",""rid"":38810364,""lid"":""6728851"",""fid"":""954"",""field"":""photo_map"",""title"":""mdc_photo_mdc_6720a4_cdv_photo_003_1749238042117.jpg"",""ext"":""jpg"",""panorama"":false,""isDir"":false}]",Yes,0403,COMPLETE,,,,,,,,,,,2025/06/12,,,Katy Thompson,,,Pass,,,A,B,,,,,,,,1,,,Lateral Inspection,"___json[{""pathname"":""/Collected Media/map_2662324/layer_6728851/mdc_photo_mdc_a8b008_cdv_photo_002_1749237883684.jpg"",""rid"":38810350,""lid"":""6728851"",""fid"":""954"",""field"":""site_photos"",""title"":""mdc_photo_mdc_a8b008_cdv_photo_002_1749237883684.jpg"",""ext"":""jpg"",""panorama"":false,""isDir"":false}]",MH 17501 W 98TH ST ,KS,2025/06/06,,,West,14:18,M,2,Edgar Atwood,,,2025/06/06,,,1800 LETS,,,Lateral Launch,https://pioneer.sewerai.com/dashboard/review/9499e324-a3b2-458d-8857-abe7a2f19628?t=0&limit=30&offset=0&project=24PV0408+MESA+COUNTY-GATEWAY&ordering=-Inspection_Date&status=uploaded&client_reviewed=false,,
GAS LINE,2025-06-02,,,,QUINCY ST,COMMERCE ,,,,,,2025/06/02,,,,,,,,,,,,,,,,,,,,,,,,,,,,,,,,,,,,Post,,,36.9362,-94.8748,,,,,,,One Gas,,,0406,GAS LINE,,,,,,,,,,,,,,,,,,,,,,,,,,,,,,,,,,,OK,2025/06/02,,,,09:30,,1,,,,,,,,,,,,,
GAS LINE,2025-05-05,,228,,SW TERRA DR,TOPEKA,,,,,,2025/05/05,,,,,,,,,,,,,,,,,,,,,,,,,,,,,,,,,,,,Post,,,38.9784,-95.6858,,,,,,,One Gas,,,0406,GAS LINE,,,,,,,,,,,,,,,,,,,,,,,,,,,,,,,,,,,KS,2025/05/05,,,South,08:25,,1,,,,,,,,,,,,,
GAS LINE,2025-05-05,,,,SW TERRA DR ,TOPEKA ,,,,,,2025/05/05,,,,,,,,,,,,,,,,,,,,,,,,,,,,,,,,,,,,Post,,,38.9784,-95.6852,,,,,,,One Gas,,,0406,GAS LINE,,,,,,,,,,,,,,,,,,,,,,,,,,,,,,,,,,,KS,2025/05/05,,,South,08:41,,1,,,,,,,,,,,,,
RECON,2025-04-30,,,,,,,,,,,2025/04/30,,876876,,,N/A,,,,,,,,,,,,,,,,,,,,,,,,,,,,,,,Pre,7giguyguyg,,41.7666,-88.0581,,,,,,,One Gas,,N/A,0406,RECON,,,,,,,,,,,,,,,,,,,,,,,,,,,,145.9,,,145,Main Inspection,,,,2025/04/30,,,,09:34,,2,N/A,,,,,,N/A,,,,,,
GAS LINE,2025-05-05,,,,SW TERRA DR ,TOPEKA ,,,,,,2025/05/05,,,,,,,,,,,,,,,,,,,,,,,,,,,,,,,,,,,,Post,,,38.9784,-95.6851,,,,,,,One Gas,,,0406,GAS LINE,,,,,,,,,,,,,,,,,,,,,,,,,,,,,,,,,,,KS,2025/05/05,,,South,08:40,,1,,,,,,,,,,,,,
RECON,2025-06-05,,,,MOODY PARK DR,OVERLAND PARK ,,,,,,,1800,SOUTHDALE/95 AND NEIMAN ,,,Eric Zerr,,,,,,,,,,,,,,,,,,,,,,,,,,,,,,,Post,SCOTT.LOVELADY@ONEGAS.COM ,,38.9586,-94.701,,,,,TECH IS CHRIS,,One Gas,,N/A,0406,RECON,,,,,,,,,,,,,,,,,,,,,,,,,,,,,,,,Main Inspection,,,KS,2025/06/05,,,,,,2,N/A,,,,,,N/A,,,,,,
GAS LINE,2025-06-02,,217,,3RD ST,COMMERCE ,,,,,,2025/06/02,,,,,,,,,,,,,,,,,,,,,,,,,,,,,,,,,,,,Post,,,36.9362,-94.8748,,,,,,,One Gas,,,0406,GAS LINE,,,,,,,,,,,,,,,,,,,,,,,,,,,,,,,,,,,OK,2025/06/02,,,North,09:55,,1,,,,,,,,,,,,,
GAS LINE,2025-06-05,,,,,COMMERCE,,,,,,2025/06/05,,,,,,,,,,,,,,,,,,,,,,,,,,,,,,,,,,,,Post,,,36.9374,-94.8748,,,,,,,One Gas,,,0406,GAS LINE,,,,,,,,,,,,,,,,,,,,,,,,,,,,,,,,,,,OK,2025/06/05,,,,12:08,,1,,,,,,,,,,,,,
GAS LINE,2025-05-05,,,,SW TERRA DR ,TOPEKA ,,,,,,2025/05/05,,,,,,,,,,,,,,,,,,,,,,,,,,,,,,,,,,,,Post,,,38.9783,-95.6847,,,,,,,One Gas,,,0406,GAS LINE,,,,,,,,,,,,,,,,,,,,,,,,,,,,,,,,,,,KS,2025/05/05,,,South,09:02,,1,,,,,,,,,,,,,
GAS LINE,2025-05-05,,218,,SW TERRA DR  ,TOPEKA ,,,,,,2025/05/05,,,,,,,,,,,,,,,,,,,,,,,,,,,,,,,,,,,,Post,,,38.9784,-95.6846,,,,,,,One Gas,,,0406,GAS LINE,,,,,,,,,,,,,,,,,,,,,,,,,,,,,,,,,,,KS,2025/05/05,,,South,08:55,,1,,,,,,,,,,,,,
GAS LINE,2025-06-05,,,,,COMMERCEY,,,,,,2025/06/05,,,,,,,,,,,,,,,,,,,,,,,,,,,,,,,,,,,,Post,,,36.9375,-94.8748,,,,,,,One Gas,,,0406,GAS LINE,,,,,,,,,,,,,,,,,,,,,,,,,,,,,,,,,,,OK,2025/06/05,,,,12:30,,1,,,,,,,,,,,,,
GAS LINE,2025-05-05,,,,SW TERRA DR ,TOPEKA ,,,,,,2025/05/05,,,,,,,,,,,,,,,,,,,,,,,,,,,,,,,,,,,,Post,,,38.9783,-95.6854,,,,,,,One Gas,,,0406,GAS LINE,,,,,,,,,,,,,,,,,,,,,,,,,,,,,,,,,,,KS,2025/05/05,,,South,08:43,,1,,,,,,,,,,,,,
GAS LINE,2025-05-05,,225,,SW TERRA DR ,TOPEKA ,,,,,,2025/05/05,,,,,,,,,,,,,,,,,,,,,,,,,,,,,,,,,,,,Post,,,38.9783,-95.6856,,,,,,,One Gas,,,0406,GAS LINE,,,,,,,,,,,,,,,,,,,,,,,,,,,,,,,,,,,KS,2025/05/05,,,South,08:31,,1,,,,,,,,,,,,,
GAS LINE,2025-05-05,,224,,SW TERRA DR ,TOPEKA ,,,,,,2025/05/05,,,,,,,,,,,,,,,,,,,,,,,,,,,,,,,,,,,,Post,,,38.9783,-95.6856,,,,,,,One Gas,,,0406,GAS LINE,,,,,,,,,,,,,,,,,,,,,,,,,,,,,,,,,,,KS,2025/05/05,,,South,08:32,,1,,,,,,,,,,,,,
GAS LINE,2025-05-05,,,,SW TERRA DR,TOPEKA,,,,,,2025/05/05,,,,,,,,,,,,,,,,,,,,,,,,,,,,,,,,,,,,Post,,,38.9778,-95.6836,,,,,,,One Gas,,,0406,GAS LINE,,,,,,,,,,,,,,,,,,,,,,,,,,,,,,,,,,,KS,2025/05/05,,,,08:23,,1,,,,,,,,,,,,,
COMPLETE,2025-06-05,,319,,RIVER ST,COMMERCE,,,,,,2025/06/05,2400,5TH AND RIVER,,,James Atwood,Michael Parrish,0,0,,,,TAP,END,,,,,,South,87.1,1.1,,,,87.1,,,,,,2025/06/05,LETS,2025/06/05,LETS,,Post,SCOTT.LOVELADY@ONEGAS.COM ,,36.9375,-94.8748,yes,1,1,,DIRT BLOCKAGE WAS IN PRE VIDEO AS WELL NO GAS ON CROSSING ABANDONED ,,One Gas,"___json[{""pathname"":""/Collected Media/map_2662324/layer_6728851/mdc_photo_mdc_b8539e_cdv_photo_004_1749145071024.jpg"",""rid"":38796299,""lid"":""6728851"",""fid"":""886"",""field"":""photo_map"",""title"":""mdc_photo_mdc_b8539e_cdv_photo_004_1749145071024.jpg"",""ext"":""jpg"",""panorama"":false,""isDir"":false}]",Yes,0406,COMPLETE,,,,,,,,,,,2025/06/06,,,Katy Thompson,,,Pass,,,A,B,,,,,,,,1,,,Lateral Inspection,,MH 318 N QUINCY ST ,OK,2025/06/05,,,North,12:34,A,2,James Atwood,,,2025/06/05,,,2400 LETS,,,Lateral Launch,https://pioneer.sewerai.com/dashboard/review/c033d3fd-712f-4cfd-84c3-c474a6dc5560?t=1.988463&limit=30&offset=0&project=24PV0408+MESA+COUNTY-GATEWAY&ordering=-Inspection_Date&client_reviewed=false&city=COMMERCE,,
GAS LINE,2025-05-05,,227,,SW TERRA DR ,TOPEKA ,,,,,,2025/05/05,,,,,,,,,,,,,,,,,,,,,,,,,,,,,,,,,,,,Post,,,38.9784,-95.6862,,,,,,,One Gas,,,0406,GAS LINE,,,,,,,,,,,,,,,,,,,,,,,,,,,,,,,,,,,KS,2025/05/05,,,South,08:27,,1,,,,,,,,,,,,,
GAS LINE,2025-05-05,,232,,SANNEMAN DR,TOPEKA ,,,,,,2025/05/05,,,,,,,,,,,,,,,,,,,,,,,,,,,,,,,,,,,,Post,,,38.9767,-95.6858,,,,,,,One Gas,,,0406,GAS LINE,,,,,,,,,,,,,,,,,,,,,,,,,,,,,,,308.5,,,,KS,2025/05/05,,,,09:04,,1,,,,,,,,,,,,,
GAS LINE,2025-05-05,,,,SANNEMAN DR,TOPEKA ,,,,,,2025/05/05,,,,,,,,,,,,,,,,,,,,,,,,,,,,,,,,,,,,Post,,,38.9768,-95.6857,,,,,,,One Gas,,,0406,GAS LINE,,,,,,,,,,,,,,,,,,,,,,,,,,,,,,,,,,,KS,2025/05/05,,,,09:09,,1,,,,,,,,,,,,,
GAS LINE,2025-05-05,,,,SW TERRA DR ,TOPEKA ,,,,,,2025/05/05,,,,,,,,,,,,,,,,,,,,,,,,,,,,,,,,,,,,Post,,,38.9782,-95.6843,,,,,,,One Gas,,,0406,GAS LINE,,,,,,,,,,,,,,,,,,,,,,,,,,,,,,,,,,,KS,2025/05/05,,,South,09:07,,1,,,,,,,,,,,,,
GAS LINE,2025-05-05,,,,SW TERRA DR ,TOPEKA ,,,,,,2025/05/05,,,,,,,,,,,,,,,,,,,,,,,,,,,,,,,,,,,,Post,,,38.9782,-95.6843,,,,,,,One Gas,,,0406,GAS LINE,,,,,,,,,,,,,,,,,,,,,,,,,,,,,,,,,,,KS,2025/05/05,,,South,09:04,,1,,,,,,,,,,,,,
COMPLETE,2025-06-04,,645,,MERCHANT ST,OSWEGO ,,,,,,2025/06/04,2400,6 AND MERCHANT,,,James Atwood,Michael Parrish,0,0,,,,TAP,END,,,,,,South,282.9,59.7,,,,282.9,,,,,,2025/06/04,LETS,2025/06/04,LETS,,Post,SCOTT.LOVELADY@ONEGAS.COM ,,37.1637,-95.1082,yes,1,1,,NO GAS / CLEAR,,One Gas,"___json[{""pathname"":""/Collected Media/map_2662324/layer_6728851/mdc_photo_mdc_456b7e_cdv_photo_002_1749071892165.jpg"",""rid"":38783073,""lid"":""6728851"",""fid"":""865"",""field"":""photo_map"",""title"":""mdc_photo_mdc_456b7e_cdv_photo_002_1749071892165.jpg"",""ext"":""jpg"",""panorama"":false,""isDir"":false}]",Yes,0403,COMPLETE,,,,,,,,,,,2025/06/17,,,Katy Thompson,,,Pass,,,A,B,,,,,,,,1,,,Lateral Inspection,,MH 635 MERCHANT ST ,KS,2025/06/04,,,,16:12,,2,James Atwood,,,2025/06/04,,,2400 LETS,,,Lateral Launch,https://pioneer.sewerai.com/dashboard/review/af5f240d-a408-4bb2-84f5-a04e73792650?t=2.211047&limit=30&offset=0&project=24PV0408+MESA+COUNTY-GATEWAY&status=uploaded&client_reviewed=false&ordering=-Inspection_Date&city=OSWEGO,,
GAS LINE,2025-05-05,,,,,,,,,,,2025/05/05,,,,,,,,,,,,,,,,,,,,,,,,,,,,,,,,,,,,Post,,,38.9768,-95.6857,,,,,,,One Gas,,,0406,GAS LINE,,,,,,,,,,,,,,,,,,,,,,,,,,,,,,,,,,,KS,2025/05/05,,,,11:00,,1,,,,,,,,,,,,,
GAS LINE,2025-06-05,,,,,COMMERCE,,,,,,2025/06/05,,,,,,,,,,,,,,,,,,,,,,,,,,,,,,,,,,,,Post,,,36.9375,-94.8749,,,,,,,One Gas,,,0406,GAS LINE,,,,,,,,,,,,,,,,,,,,,,,,,,,,,,,,,,,OK,2025/06/05,,,,12:12,,1,,,,,,,,,,,,,
COMPLETE NO BILL,2025-08-08,,7603.1,,Kingsmans dr,El paso,,,,,,2025/08/08,---------------------,Kingsmans dr,,,---------------------,---------------------,0,,,,,End,,,,,,No,,1.5,,,,,,,,,,,2025/08/08,LETS,2025/08/08,LETS,,Post,Scott.lovelady@Onegas.com ,,31.7612,-106.362,yes,1,1,,"Truck5100 Lead - Christian E. Tech - Derek K. 
Caps off at 1.5",,One Gas,"___json[{""pathname"":""/Collected Media/map_2662324/layer_6728851/mdc_photo_mdc_98dc5e_cdv_photo_021_1754676560833.jpg"",""rid"":39661292,""lid"":""6728851"",""fid"":""1153"",""field"":""photo_map"",""title"":""mdc_photo_mdc_98dc5e_cdv_photo_021_1754676560833.jpg"",""ext"":""jpg"",""panorama"":false,""isDir"":false}]",Yes,0723,COMPLETE NO BILL,,,,,,,,,,,2025/12/10,,,Katy Thompson,,,Pass,,,A,,,,,,,,,1,,,Lateral Inspection,"___json[{""pathname"":""/Collected Media/map_2662324/layer_6728851/mdc_photo_mdc_40701d_cdv_photo_019_1754676560833.jpg"",""rid"":39661290,""lid"":""6728851"",""fid"":""1153"",""field"":""site_photos"",""title"":""mdc_photo_mdc_40701d_cdv_photo_019_1754676560833.jpg"",""ext"":""jpg"",""panorama"":false,""isDir"":false},{""pathname"":""/Collected Media/map_2662324/layer_6728851/mdc_photo_mdc_0d3ec2_cdv_photo_020_1754676560833.jpg"",""rid"":39661291,""lid"":""6728851"",""fid"":""1153"",""field"":""site_photos"",""title"":""mdc_photo_mdc_0d3ec2_cdv_photo_020_1754676560833.jpg"",""ext"":""jpg"",""panorama"":false,""isDir"":false}]",,TX,2025/08/08,,,,12:06,,2,---------------------,,,2025/08/08,,,-----------------,,,Lateral Launch,https://pioneer.sewerai.com/dashboard/review/a2413ce0-0b99-4437-9364-5d388b32e0f0?t=0&limit=30&offset=0&status=uploaded&client_reviewed=false&issues=false&ordering=-Inspection_Date&project=25PV0406+ONE+GAS+,,
GAS LINE,2025-05-05,,,,,,,,,,,2025/05/05,,,,,,,,,,,,,,,,,,,,,,,,,,,,,,,,,,,,,,,38.9783,-95.6863,,,,,,,,,,0406,GAS LINE,,,,,,,,,,,,,,,,,,,,,,,,,,,,,,,,,,,,2025/05/05,,,,12:30,,1,,,,,,,,,,,,,
COMPLETE NO BILL,2025-08-05,,Extra tap 4,,15th St,Monahans ,,,,,,2025/08/05,---------------------,15TH ST Monaghan ,,,---------------------,---------------------,,,,,,Capped 12T,,,,,,No,,84,,,,,,,,,,,2025/08/05,LETS,2025/08/05,LETS,,Post,Z,,31.5809,-102.888,yes,1,1,,"Truck5100
Lead - Christian E. Tech - Derek K.
Lat is capped at 84",,One Gas,"___json[{""pathname"":""/Collected Media/map_2662324/layer_6728851/mdc_photo_mdc_3e2a28_cdv_photo_006_1754422731230.jpg"",""rid"":39612969,""lid"":""6728851"",""fid"":""1006"",""field"":""photo_map"",""title"":""mdc_photo_mdc_3e2a28_cdv_photo_006_1754422731230.jpg"",""ext"":""jpg"",""panorama"":false,""isDir"":false}]",N/A,0723,COMPLETE NO BILL,,,,,,,,,,,,,,,,,,,,,,,,,,,,,1,,,Lateral Inspection,"___json[{""pathname"":""/Collected Media/map_2662324/layer_6728851/mdc_photo_mdc_803cee_cdv_photo_005_1754422731230.jpg"",""rid"":39612968,""lid"":""6728851"",""fid"":""1006"",""field"":""site_photos"",""title"":""mdc_photo_mdc_803cee_cdv_photo_005_1754422731230.jpg"",""ext"":""jpg"",""panorama"":false,""isDir"":false}]",,TX,2025/08/05,,,,14:36,,2,---------------------,,,2025/08/05,,,-----------------,,,Lateral Launch,,,
GAS LINE,2025-05-06,,,,SW LINDENWOOD AVE ,TOPEKA ,,,,,,2025/05/06,,,,,,,,,,,,,,,,,,,,,,,,,,,,,,,,,,,,Post,,,39.0602,-95.7002,,,,,,,One Gas,,,0406,GAS LINE,,,,,,,,,,,,,,,,,,,,,,,,,,,,,,,,,,,KS,2025/05/06,,,South,07:40,,1,,,,,,,,,,,,,
GAS LINE,2025-05-05,,,,,TOPEKA,,,,,,2025/05/05,,,,,,,,,,,,,,,,,,,,,,,,,,,,,,,,,,,,Post,,,38.9773,-95.683,,,,,,,One Gas,,,0406,GAS LINE,,,,,,,,,,,,,,,,,,,,,,,,,,,,,,,,,,,KS,2025/05/05,,,,14:10,,1,,,,,,,,,,,,,
GAS LINE,2025-05-05,,,,,TOPEKA,,,,,,2025/05/05,,,,,,,,,,,,,,,,,,,,,,,,,,,,,,,,,,,,Post,,,38.9767,-95.6823,,,,,,,One Gas,,,0406,GAS LINE,,,,,,,,,,,,,,,,,,,,,,,,,,,,,,,,,,,KS,2025/05/05,,,,13:59,,1,,,,,,,,,,,,,
COMPLETE,2025-06-02,,217,,3RD ST,COMMERCE ,,,,,,2025/06/02,2400,5TH AND RIVER,,,James Atwood,Michael Parrish,0,0,0,,,TAP,9T,12T/END,,,,,South,54.5,69.6,84.8,,,54.5,,,,,,2025/06/02,LETS,2025/06/02,LETS,,Post,SCOTT.LOVELADY@ONEGAS.COM ,,36.9362,-94.8747,yes,1,1,,9T NO CONFLICT,,One Gas,"___json[{""pathname"":""/Collected Media/map_2662324/layer_6728851/mdc_photo_mdc_2238c0_cdv_photo_004_1748876347297.jpg"",""rid"":38745906,""lid"":""6728851"",""fid"":""773"",""field"":""photo_map"",""title"":""mdc_photo_mdc_2238c0_cdv_photo_004_1748876347297.jpg"",""ext"":""jpg"",""panorama"":false,""isDir"":false}]",Yes,0406,COMPLETE,,,,,,,,,,,2025/06/03,,,Katy Thompson,,,Pass,,,A,B,,,,,,,,1,,,Lateral Inspection,"___json[{""pathname"":""/Collected Media/map_2662324/layer_6728851/mdc_photo_mdc_c2621f_cdv_photo_003_1748875853102.jpg"",""rid"":38745788,""lid"":""6728851"",""fid"":""773"",""field"":""site_photos"",""title"":""mdc_photo_mdc_c2621f_cdv_photo_003_1748875853102.jpg"",""ext"":""jpg"",""panorama"":false,""isDir"":false}]",MH 302 N QUINCY ST ,OK,2025/06/02,,,North,09:42,,2,Robert Gudgel,,,2025/06/02,,,2400 LETS,,,Lateral Launch,https://pioneer.sewerai.com/dashboard/review/b6e38b40-f60f-468c-954a-402b45a8e9c5?t=4.333835&limit=30&offset=0&project=24PV0408+MESA+COUNTY-GATEWAY&client_reviewed=false&city=COMMERCE,,
COMPLETE,2025-05-05,,218,,SW TERRA DR ,TOPEKA ,,,,,,2025/05/05,1800,PW-24R3-TOPEKA-SW SANNEMAN AND TERRA DR-CWO-5/31/25 ,,,Eric Zerr,Carter Pacheco,51,48,26,,,TAP,GMI,END,,,,,East,167.3,66.7,119.1,,,167.3,,,,,,2025/05/05,LETS,2025/05/05,LETS,,Post,SCOTT.LOVELADY@ONEGAS.COM ,,38.9783,-95.6854,yes,1,1,,,,,,N/A,0406,COMPLETE,,,,,,,,,,,,,,,,,,,,A,B,C,,,,,,,1,,,Lateral Inspection,"___json[{""pathname"":""/Collected Media/map_2662324/layer_6728851/mdc_photo_mdc_7ef521_cdv_photo_000_1746482911860.jpg"",""rid"":38442406,""lid"":""6728851"",""fid"":""577"",""field"":""site_photos"",""title"":""mdc_photo_mdc_7ef521_cdv_photo_000_1746482911860.jpg"",""ext"":""jpg"",""panorama"":false,""isDir"":false}]",MH 225 SW TERRA DR ,KS,2025/05/05,,,,16:57,,2,Eric Zerr,,,2025/05/05,,,1800 LETS,,,Lateral Launch,,,
GAS LINE,2025-05-06,,2208,,SW DUANE ST,TOPEKA ,,,,,,2025/05/06,,,,,,,,,,,,,,,,,,,,,,,,,,,,,,,,,,,,Post,,,39.0614,-95.7035,,,,,,,One Gas,,,0406,GAS LINE,,,,,,,,,,,,,,,,,,,,,,,,,,,,,,,,,,,KS,2025/05/06,,,,08:16,,1,,,,,,,,,,,,,
GAS LINE,2025-08-08,,,,,,,,,,,2025/08/08,,,,,,,,,,,,,,,,,,,,,,,,,,,,,,,,,,,,Post,,,31.7606,-106.363,,,,,,,One Gas,,,0723,GAS LINE,,,,,,,,,,,,,,,,,,,,,,,,,,,,,,,,,,,,2025/08/08,,,,08:57,,1,,,,,,,,,,,,,
GAS LINE,2025-05-07,,,,,,,,,,,2025/05/07,,,,,,,,,,,,,,,,,,,,,,,,,,,,,,,,,,,,Post,,,39.1902,-96.5667,,,,,,,One Gas,,,0406,GAS LINE,,,,,,,,,,,,,,,,,,,,,,,,,,,,,,,,,,,,2025/05/07,,,,09:03,,1,,,,,,,,,,,,,
GAS LINE,2025-05-08,,,,,HUTCHINSON ,,,,,,2025/05/08,,,,,,,,,,,,,,,,,,,,,,,,,,,,,,,,,,,,Post,,,38.0516,-97.9401,,,,,,,One Gas,,,0406,GAS LINE,,,,,,,,,,,,,,,,,,,,,,,,,,,,,,,,,,,KS,2025/05/08,,,,08:18,,1,,,,,,,,,,,,,
GAS LINE,2025-05-05,,,,,Topeka,,,,,,2025/05/05,,,,,,,,,,,,,,,,,,,,,,,,,,,,,,,,,,,,Post,,,38.977,-95.6818,,,,,,,One Gas,,,0406,GAS LINE,,,,,,,,,,,,,,,,,,,,,,,,,,,,,,,,,,,KS,2025/05/05,,,,13:50,,1,,,,,,,,,,,,,
LETS,2025-08-07,,7700,,Mojave Dr,El Paso,,,,,,2025/08/08,---------------------,Kingman Alpine relo El Paso ,,,---------------------,---------------------,0,0.36,,,,End,GMI,,,,,No,,61,32,,,,,,,,,,2025/08/08,PO,2025/08/08,PO,,Post,Scott.lovelady@Onegas.com ,,31.7606,-106.363,yes,1,1,,08/07/2025 4600 knocked but recieved no answer. Will try and clear through the mainline,,One Gas,,Yes,0723,LETS,,,,,,,,,,,2025/12/10,,,Katy Thompson,,,Pass,,,A,B,,,,,,,,1,,,Lateral Inspection,"___json[{""pathname"":""/Collected Media/map_2662324/layer_6728851/mdc_photo_mdc_2d92d2_cdv_photo_1754671100_1754671272024.jpg"",""rid"":39659960,""lid"":""6728851"",""fid"":""1093"",""field"":""site_photos"",""title"":""mdc_photo_mdc_2d92d2_cdv_photo_1754671100_1754671272024.jpg"",""ext"":""jpg"",""panorama"":false,""isDir"":false},{""pathname"":""/Collected Media/map_2662324/layer_6728851/mdc_photo_mdc_59e04b_cdv_photo_1754671109_1754671272024.jpg"",""rid"":39659961,""lid"":""6728851"",""fid"":""1093"",""field"":""site_photos"",""title"":""mdc_photo_mdc_59e04b_cdv_photo_1754671109_1754671272024.jpg"",""ext"":""jpg"",""panorama"":false,""isDir"":false},{""pathname"":""/Collected Media/map_2662324/layer_6728851/mdc_photo_mdc_fcfa69_cdv_photo_1754671119_1754671272024.jpg"",""rid"":39659962,""lid"":""6728851"",""fid"":""1093"",""field"":""site_photos"",""title"":""mdc_photo_mdc_fcfa69_cdv_photo_1754671119_1754671272024.jpg"",""ext"":""jpg"",""panorama"":false,""isDir"":false}]",,TX,2025/08/07,,,,10:35,,2,---------------------,,,2025/08/08,,,-----------------,,,Lateral Launch,https://pioneer.sewerai.com/dashboard/review/f25e8841-0ed1-4cc9-85c7-7925c417e410?t=0&limit=30&offset=0&status=uploaded&client_reviewed=false&issues=false&ordering=-Inspection_Date&project=25PV0406+ONE+GAS+,,
COMPLETE,2025-05-05,,227,,SW TERRA DR,TOPEKA ,,,,,,2025/05/05,1800,PW-24R3-TOPEKA-SW SANNEMAN AND TERRA DR-CWO-5/31/25,,,Benjamin Bonnell,Robert Gudgel,0,56,,,,C/O,END,,,,,No,,0,91,,,,,,,,,,2025/05/05,PO,2025/05/05,PO,,Post,Scott.Lovelady@onegas.com,1,38.9784,-95.6864,yes,1,1,,,,One Gas,"___json[{""pathname"":""/Collected Media/map_2662324/layer_6728851/mdc_photo_mdc_e846e2_cdv_photo_000_1748361479572.jpg"",""rid"":38678790,""lid"":""6728851"",""fid"":""566"",""field"":""photo_map"",""title"":""mdc_photo_mdc_e846e2_cdv_photo_000_1748361479572.jpg"",""ext"":""jpg"",""panorama"":false,""isDir"":false}]",Yes,0406,COMPLETE,,,,,Pass,,,,,,2025/09/18,,,Katy Thompson,,,Pass,,,A,,,,,,,,,,,,Lateral Inspection,,,KS,2025/05/05,,,,14:06,,2,Benjamin Bonnell,,,2025/05/05,,,1800 PO,,,Push Camera,https://pipeviewamerica.sharefile.com/d-s5ac27f81e18e401c905e4821046818a8,,
GAS LINE,2025-05-06,,,,SW LINDENWOOD AVE ,TOPEKA ,,,,,,2025/05/06,,,,,,,,,,,,,,,,,,,,,,,,,,,,,,,,,,,,Post,,,39.0612,-95.7002,,,,,,,One Gas,,,0406,GAS LINE,,,,,,,,,,,,,,,,,,,,,,,,,,,,,,,,,,,KS,2025/05/06,,,South,07:43,,1,,,,,,,,,,,,,
GAS LINE,2025-05-06,,2306,,SW DUANE ST,TOPEKA ,,,,,,2025/05/06,,,,,,,,,,,,,,,,,,,,,,,,,,,,,,,,,,,,Post,,,39.0614,-95.7034,,,,,,,One Gas,,,0406,GAS LINE,,,,,,,,,,,,,,,,,,,,,,,,,,,,,,,,,,,KS,2025/05/06,,,,08:11,,1,,,,,,,,,,,,,
PO,2025-05-06,,324,,SW LINDENWOOD AVE ,TOPEKA ,,,,,,2025/05/06,1800,PW-24R2-TOPEKA 2ND AND ORCHARD ,,,Eric Zerr,Carter Pacheco,107,95,,,,TAP,END/ROOTBALL,,,,,No,South,36.1,24.6,,,,36.1,,,,,,2025/05/06,LETS,2025/05/06,LETS,,Post,SCOTT.LOVELADY@ONEGAS.COM ,,39.0614,-95.7002,yes,1,1,,,,One Gas,"___json[{""pathname"":""/Collected Media/map_2662324/layer_6728851/mdc_photo_mdc_0f7eac_cdv_photo_003_1758297022427.jpg"",""rid"":40224671,""lid"":""6728851"",""fid"":""592"",""field"":""photo_map"",""title"":""mdc_photo_mdc_0f7eac_cdv_photo_003_1758297022427.jpg"",""ext"":""jpg"",""panorama"":false,""isDir"":false}]",Yes,0406,PO,THERE ARE NO GAS CROSSINGS. THIS LINE IS CLEAR.,,,Katy Thompson,Pass,,,"POOR VISUAL THROUGHOUT RUN, END INSPECTION @ ROOTBALL ",,,2025/05/08,,,Katy Thompson,,,N/A,,,A,B,,,,,,,,1,,,Lateral Inspection,,MH 320 SW LINDENWOOD AVE ,KS,2025/05/06,,,South,09:03,,2,Eric Zerr,,,2025/05/06,,,1800 LETS,,,Lateral Launch,https://pioneer.sewerai.com/dashboard/review/8b41109a-2a48-4b97-98c6-5a80ca439b21?t=4.949627&limit=30&offset=0&project=25PV0406+ONE+GAS+&ordering=Inspection_Date&client_reviewed=false,,
COMPLETE,2025-06-05,,18000,,97TH ST,LENEXA ,,,,,,2025/06/05,,VISTA VILLAGE (PRAIRIE STAR PKWY/RIDGEVIEW) ,,,Edgar Atwood,Carter Pacheco,0,52,114,,,CO,GMI,END,,,,No,,0,7.6,20.3,,,,,,,,,2025/06/05,PO,2025/06/05,PO,,Post,SCOTT.LOVELADY@ONEGAS.COM,1,38.9537,-94.7925,yes,1,1,,UPDATED BY TEAM #1059,,One Gas,"___json[{""pathname"":""/Collected Media/map_2662324/layer_6728851/mdc_photo_mdc_cb7b90_cdv_photo_003_1749150038214.jpg"",""rid"":38797208,""lid"":""6728851"",""fid"":""891"",""field"":""photo_map"",""title"":""mdc_photo_mdc_cb7b90_cdv_photo_003_1749150038214.jpg"",""ext"":""jpg"",""panorama"":false,""isDir"":false}]",N/A,0403,COMPLETE,,,,,,,,,,,,,,,,,,,,A,B,C,,,,,,,,,,Lateral Inspection,,,KS,2025/06/05,,,West,13:47,,2,Edgar Atwood,,,2025/06/05,,,1059 PO,,,Push Camera,,,
GAS LINE,2025-06-02,,9419,,MOODY PARK DR ,OVERLAND PARK ,,,,,,2025/06/02,,,,,,,,,,,,,,,,,,,,,,,,,,,,,,,,,,,,Post,,,38.9582,-94.7011,,,,,,,One Gas,,,0406,GAS LINE,,,,,,,,,,,,,,,,,,,,,,,,,,,,,,,,,,,KS,2025/06/02,,,,11:51,,1,,,,,,,,,,,,,
GAS LINE,2025-06-05,,,,,LENEXA ,,,,,,2025/06/05,,,,,,,,,,,,,,,,,,,,,,,,,,,,,,,,,,,,Post,,,38.9537,-94.7924,,,,,,,One Gas,,,0406,GAS LINE,,,,,,,,,,,,,,,,,,,,,,,,,,,,,,,,,,,KS,2025/06/05,,,,14:01,,1,,,,,,,,,,,,,
GAS LINE,2025-06-02,,9423,,MOODY PARK DR ,OVERLAND PARK ,,,,,,2025/06/02,,,,,,,,,,,,,,,,,,,,,,,,,,,,,,,,,,,,Post,,,38.9582,-94.7011,,,,,,,One Gas,,,0406,GAS LINE,,,,,,,,,,,,,,,,,,,,,,,,,,,,,,,,,,,KS,2025/06/02,,,,11:36,,1,,,,,,,,,,,,,
GAS LINE,2025-05-06,,,,SW LINDENWOOD AVE ,TOPEKA ,,,,,,2025/05/06,,,,,,,,,,,,,,,,,,,,,,,,,,,,,,,,,,,,Post,,,39.0615,-95.7003,,,,,,,One Gas,,,0406,GAS LINE,,,,,,,,,,,,,,,,,,,,,,,,,,,,,,,,,,,KS,2025/05/06,,,South,10:10,,1,,,,,,,,,,,,,
GAS LINE,2025-06-05,,,,,,,,,,,2025/06/05,,,,,,,,,,,,,,,,,,,,,,,,,,,,,,,,,,,,Post,,,38.9516,-94.792,,,,,,,One Gas,,,0406,GAS LINE,,,,,,,,,,,,,,,,,,,,,,,,,,,,,,,,,,,KS,2025/06/05,,,,13:41,,1,,,,,,,,,,,,,
GAS LINE,2025-05-07,,,,SW TERRA DR ,TOPEKA ,,,,,,2025/05/07,,,,,,,,,,,,,,,,,,,,,,,,,,,,,,,,,,,,Post,,,38.9779,-95.6838,,,,,,,,,,0406,GAS LINE,,,,,,,,,,,,,,,,,,,,,,,,,,,,,,,,,,,KS,2025/05/07,,,South,08:10,,1,,,,,,,,,,,,,
GAS LINE,2025-06-05,,,,,LENEXA ,,,,,,2025/06/05,,,,,,,,,,,,,,,,,,,,,,,,,,,,,,,,,,,,Post,,,38.9537,-94.7924,,,,,,,One Gas,,,0406,GAS LINE,,,,,,,,,,,,,,,,,,,,,,,,,,,,,,,,,,,KS,2025/06/05,,,,14:08,,1,,,,,,,,,,,,,
GAS LINE,2025-06-02,,,,MOODY PARK DR ,OVERLAND PARK ,,,,,,2025/06/02,,,,,,,,,,,,,,,,,,,,,,,,,,,,,,,,,,,,Post,,,38.9582,-94.7011,,,,,,,One Gas,,,0406,GAS LINE,,,,,,,,,,,,,,,,,,,,,,,,,,,,,,,,,,,KS,2025/06/02,,,,11:05,,1,,,,,,,,,,,,,
GAS LINE,2025-05-05,,,,,TOPEKA ,,,,,,2025/05/05,,,,,,,,,,,,,,,,,,,,,,,,,,,,,,,,,,,,Post,,,38.9767,-95.6822,,,,,,,One Gas,,,0406,GAS LINE,,,,,,,,,,,,,,,,,,,,,,,,,,,,,,,,,,,KS,2025/05/05,,,,12:24,,1,,,,,,,,,,,,,
COMPLETE,2025-05-05,,229,,SW TERRA DR ,TOPEKA ,,,,,,2025/05/05,1800,PW-24R3-TOPEKA-SW SANNEMAN AND TERRA DR-CWO-5/31/25 ,,,Eric Zerr,Carter Pacheco,67,27,17,,,TAP,GSI,END/VCO,,,,No,South,148.2,15.3,62,,,148.2,,,,,,2025/05/05,LETS,2025/05/05,LETS,,Post,SCOTT.LOVELADY@ONEGAS.COM ,,38.9784,-95.6862,yes,1,1,,,,One Gas,"___json[{""pathname"":""/Collected Media/map_2662324/layer_6728851/mdc_photo_mdc_fbed40_cdv_photo_000_1746465388547.jpg"",""rid"":38439916,""lid"":""6728851"",""fid"":""547"",""field"":""photo_map"",""title"":""mdc_photo_mdc_fbed40_cdv_photo_000_1746465388547.jpg"",""ext"":""jpg"",""panorama"":false,""isDir"":false}]",Yes,0406,COMPLETE,,,,,,,,,,,2025/05/08,,,Katy Thompson,,,Pass,,,A,B,C,,,,,,,1,,,Lateral Inspection,,MH 232 SW TERRA DR ,KS,2025/05/05,,,South,12:11,,2,Eric Zerr,,,2025/05/05,,,1800 LETS,,,Lateral Launch,https://pioneer.sewerai.com/dashboard/review/4b41f961-d85a-4dd7-bc39-6334e2d075c4?t=0&limit=30&offset=0&project=25PV0406+ONE+GAS+&client_reviewed=false&ordering=Inspection_Date,,
GAS LINE,2025-05-05,,,,,TOPEKA,,,,,,2025/05/05,,,,,,,,,,,,,,,,,,,,,,,,,,,,,,,,,,,,Post,,,38.9768,-95.6823,,,,,,,One Gas,,,0406,GAS LINE,,,,,,,,,,,,,,,,,,,,,,,,,,,,,,,,,,,KS,2025/05/05,,,,12:30,,1,,,,,,,,,,,,,
GAS LINE,2025-05-05,,,,,TOPEKA,,,,,,2025/05/05,,,,,,,,,,,,,,,,,,,,,,,,,,,,,,,,,,,,Post,,,38.9768,-95.6823,,,,,,,One Gas,,,0406,GAS LINE,,,,,,,,,,,,,,,,,,,,,,,,,,,,,,,,,,,KS,2025/05/05,,,West,12:32,,1,,,,,,,,,,,,,
COMPLETE,2025-06-04,,720,,COMMERCIAL ST,OSWEGO ,,,,,,2025/06/04,2400,6 AND MERCHANT,,,James Atwood,Michael Parrish,0,27,0,,,TAP,GMI,END/12T,,,,,South,262.3,14.6,86.2,,,262.3,,,,,,2025/06/04,LETS,2025/06/04,LETS,,Post,SCOTT.LOVELADY@ONEGAS.COM ,,37.1637,-95.1082,yes,1,1,,,,One Gas,"___json[{""pathname"":""/Collected Media/map_2662324/layer_6728851/mdc_photo_mdc_d44ff9_cdv_photo_001_1749070877502.jpg"",""rid"":38783029,""lid"":""6728851"",""fid"":""862"",""field"":""photo_map"",""title"":""mdc_photo_mdc_d44ff9_cdv_photo_001_1749070877502.jpg"",""ext"":""jpg"",""panorama"":false,""isDir"":false}]",Yes,0403,COMPLETE,,,,,,,,"21'- 26', CLEAR ON PULLBACK",,,2025/06/17,,,Katy Thompson,,,Pass,,,A,B,C,,,,,,,1,,,Lateral Inspection,"___json[{""pathname"":""/Collected Media/map_2662324/layer_6728851/mdc_photo_mdc_65776b_cdv_photo_000_1749070733285.jpg"",""rid"":38783019,""lid"":""6728851"",""fid"":""862"",""field"":""site_photos"",""title"":""mdc_photo_mdc_65776b_cdv_photo_000_1749070733285.jpg"",""ext"":""jpg"",""panorama"":false,""isDir"":false}]",MH 635 MERCHANT ST ,KS,2025/06/04,,,,15:56,,2,James Atwood,,,2025/06/04,,,2400 LETS,,,Lateral Launch,https://pioneer.sewerai.com/dashboard/review/df2e8f7c-c55b-47f3-874e-bcd0da86d04c?t=2.441152&limit=30&offset=0&project=24PV0408+MESA+COUNTY-GATEWAY&city=OSWEGO&client_reviewed=false,,
GAS LINE,2025-05-05,,,,SW TERRA DR ,TOPEKA ,,,,,,2025/05/05,,,,,,,,,,,,,,,,,,,,,,,,,,,,,,,,,,,,Post,,,38.9783,-95.6861,,,,,,,One Gas,,,0406,GAS LINE,,,,,,,,,,,,,,,,,,,,,,,,,,,,,,,,,,,KS,2025/05/05,,,South,08:36,,1,,,,,,,,,,,,,
COMPLETE,2025-06-06,,17501 ,,98TH ST ,LENEXA ,,,,,,2025/06/06,1800,VISTA VILLAGE (PRAIRIE STAR PKWY/RIDGEVIEW) ,,,Eric Zerr,Carter Pacheco,0,130,0,,,TAP,GMI,END,,,,No,North,126.4,41,43,,,126.4,,,,,,2025/06/06,LETS,2025/06/06,LETS,,Post,SCOTT.LOVELADY@ONEGAS.COM ,,38.9548,-94.791,yes,1,1,,,,One Gas,"___json[{""pathname"":""/Collected Media/map_2662324/layer_6728851/mdc_photo_mdc_2465d4_cdv_photo_003_1749221345281.jpg"",""rid"":38807170,""lid"":""6728851"",""fid"":""926"",""field"":""photo_map"",""title"":""mdc_photo_mdc_2465d4_cdv_photo_003_1749221345281.jpg"",""ext"":""jpg"",""panorama"":false,""isDir"":false}]",Yes,0403,COMPLETE,,,,,,,,,,,2025/06/06,,,Katy Thompson,,,Pass,,,A,B,C,,,,,,,1,,,Lateral Inspection,"___json[{""pathname"":""/Collected Media/map_2662324/layer_6728851/mdc_photo_mdc_2b1d60_cdv_photo_002_1749221256261.jpg"",""rid"":38807147,""lid"":""6728851"",""fid"":""926"",""field"":""site_photos"",""title"":""mdc_photo_mdc_2b1d60_cdv_photo_002_1749221256261.jpg"",""ext"":""jpg"",""panorama"":false,""isDir"":false}]",MH 17501 W 98TH ST ,KS,2025/06/06,,,West,09:43,C,2,Eric Zerr,,,2025/06/06,,,1800 LETS,,,Lateral Launch,https://pioneer.sewerai.com/dashboard/review/52f295f9-1c61-4e08-bbe1-ee74a24468a7?t=1.170916&limit=30&offset=0&project=24PV0408+MESA+COUNTY-GATEWAY&ordering=-Inspection_Date&client_reviewed=false&city=LENEXA,,
COMPLETE NO BILL,2025-08-04,,806 ,,W 15TH ST,Monaghan,,,,,,2025/08/04,---------------------,15T Monaghan ,,,---------------------,---------------------,,,,,,End,12T,Tie in line.,,,,No,,96,92,44,,,,,,,,,2025/08/04,PO,2025/08/04,PO,,Post,Z,1,31.5782,-102.897,yes,1,1,,"08/04/2025 
Truck5100
Christian E- Derek K  running parallel with sewerno crossings.",,One Gas,"___json[{""pathname"":""/Collected Media/map_2662324/layer_6728851/mdc_photo_mdc_d20579_cdv_photo_000_1754317711481.jpg"",""rid"":39591937,""lid"":""6728851"",""fid"":""956"",""field"":""photo_map"",""title"":""mdc_photo_mdc_d20579_cdv_photo_000_1754317711481.jpg"",""ext"":""jpg"",""panorama"":false,""isDir"":false}]",N/A,0723,COMPLETE NO BILL,,,,,,,,,,,,,,,,,,,,A,,,,,,,,,,,,Lateral Inspection,"___json[{""pathname"":""/Collected Media/map_2662324/layer_6728851/mdc_photo_mdc_bff13f_cdv_photo_1754317589_1754317711481.jpg"",""rid"":39591932,""lid"":""6728851"",""fid"":""956"",""field"":""site_photos"",""title"":""mdc_photo_mdc_bff13f_cdv_photo_1754317589_1754317711481.jpg"",""ext"":""jpg"",""panorama"":false,""isDir"":false},{""pathname"":""/Collected Media/map_2662324/layer_6728851/mdc_photo_mdc_990ae2_cdv_photo_1754317617_1754317711481.jpg"",""rid"":39591933,""lid"":""6728851"",""fid"":""956"",""field"":""site_photos"",""title"":""mdc_photo_mdc_990ae2_cdv_photo_1754317617_1754317711481.jpg"",""ext"":""jpg"",""panorama"":false,""isDir"":false},{""pathname"":""/Collected Media/map_2662324/layer_6728851/mdc_photo_mdc_7169be_cdv_photo_1754317624_1754317711481.jpg"",""rid"":39591934,""lid"":""6728851"",""fid"":""956"",""field"":""site_photos"",""title"":""mdc_photo_mdc_7169be_cdv_photo_1754317624_1754317711481.jpg"",""ext"":""jpg"",""panorama"":false,""isDir"":false},{""pathname"":""/Collected Media/map_2662324/layer_6728851/mdc_photo_mdc_13ffd0_cdv_photo_1754317632_1754317711481.jpg"",""rid"":39591935,""lid"":""6728851"",""fid"":""956"",""field"":""site_photos"",""title"":""mdc_photo_mdc_13ffd0_cdv_photo_1754317632_1754317711481.jpg"",""ext"":""jpg"",""panorama"":false,""isDir"":false},{""pathname"":""/Collected Media/map_2662324/layer_6728851/mdc_photo_mdc_19dc3c_cdv_photo_1754317654_1754317711481.jpg"",""rid"":39591936,""lid"":""6728851"",""fid"":""956"",""field"":""site_photos"",""title"":""mdc_photo_mdc_19dc3c_cdv_photo_1754317654_1754317711481.jpg"",""ext"":""jpg"",""panorama"":false,""isDir"":false}]",,TX,2025/08/04,,,,09:21,,2,N/A,,,,,,N/A,,,Push Camera,,,
GAS LINE,2025-06-05,,,,,COMMERCE,,,,,,,,,,,,,,,,,,,,,,,,,,,,,,,,,,,,,,,,,,Post,,,36.9375,-94.8747,,,,,,,One Gas,,,0406,GAS LINE,,,,,,,,,,,,,,,,,,,,,,,,,,,,,,,,,,,OK,2025/06/05,,,,,,1,,,,,,,,,,,,,
COMPLETE,2025-06-05,,313 ,,RIVER ST,COMMERCE,,,,,,2025/06/05,2400,5TH AND RIVER,,,James Atwood,Michael Parrish,0,0,,,,TAP,END,,,,,,South,216.7,79.3,,,,216.7,,,,,,2025/06/05,LETS,2025/06/05,LETS,,Post,SCOTT.LOVELADY@ONEGAS.COM ,,36.9375,-94.8748,yes,1,1,,CLEAR / POSSIBLE ABANDONED / SOLID DIRT BLOCKAGE ,,One Gas,"___json[{""pathname"":""/Collected Media/map_2662324/layer_6728851/mdc_photo_mdc_13121d_cdv_photo_000_1749150014421.jpg"",""rid"":38797204,""lid"":""6728851"",""fid"":""892"",""field"":""photo_map"",""title"":""mdc_photo_mdc_13121d_cdv_photo_000_1749150014421.jpg"",""ext"":""jpg"",""panorama"":false,""isDir"":false}]",No,0406,COMPLETE,,,,,,,,CLEAR UNTIL POSSIBLE ABANDONED / SOLID DIRT BLOCKAGE,,,2025/06/06,,,Katy Thompson,,,Pass,,,A,B,,,,,,,,1,,,Lateral Inspection,,MH 318 N QUINCY ST ,OK,2025/06/05,,,North,13:51,B,2,James Atwood,,,2025/06/05,,,2400 LETS,,,Lateral Launch,https://pioneer.sewerai.com/dashboard/review/a70d12b9-6b07-4853-a0a2-7b47d8ed4b34?t=0&limit=30&offset=0&project=24PV0408+MESA+COUNTY-GATEWAY&ordering=-Inspection_Date&client_reviewed=false&city=COMMERCE,,
GAS LINE,2025-08-08,,,,,,,,,,,2025/08/08,,,,,,,,,,,,,,,,,,,,,,,,,,,,,,,,,,,,Post,,,31.7606,-106.363,,,,,,,One Gas,,,0723,GAS LINE,,,,,,,,,,,,,,,,,,,,,,,,,,,,,,,,,,,,2025/08/08,,,,08:57,,1,,,,,,,,,,,,,
COMPLETE,2025-09-10,,MH 307 L ST NW,,,MIAMI,,,,,,2025/09/10,1700,K ST NW / 3 AVE NW ,,,Carter Pacheco,,0,42,0,,,START,GMI,END,,,,,,0,15.4,333.7,,,,,,,MH 311 L ST NW,,2025/09/10,ML,2025/09/10,ML,,Post,SCOTT.LOVELADY@ONEGAS.COM ,,36.8791,-94.8912,yes,1,1,,TECH: TINAI MITCHELL,,One Gas,,Yes,0406,COMPLETE,TECH HAS UPDATED GIS TO NOTE GMI.,,,Katy Thompson,Pass,,,GMI IS CLEAR IN VIDEO BUT NOT NOTED IN GIS. TECH WILL FIX,,,2025/09/29,,,Katy Thompson,,,Pass,,,,,,,,,,,333.7,,,333.7,Main Inspection,,MH 307 L ST NW,OK,2025/09/10,,,,11:10,,2,Carter Pacheco,,,2025/09/10,,,1700 LETS,,,CCTV,https://pioneer.sewerai.com/dashboard/review/25118704-7bef-4444-8dfd-7345c59ea039?t=0&limit=30&offset=0&status=uploaded&client_reviewed=false&issues=false&ordering=-Inspection_Date&project=25PV0406+ONE+GAS+,,
COMPLETE,2025-06-04,,720,,6TH ST,OSWEGO ,,,,,,2025/06/04,2400,6 AND MERCHANT,,,James Atwood,Michael Parrish,0,43,0,,,TAP,GMI,END/12T,,,,,North,174.4,9.5,48.8,,,174.4,,,,,,2025/06/04,LETS,2025/06/04,LETS,,Post,SCOTT.LOVELADY@ONEGAS.COM ,,37.1637,-95.1081,yes,1,1,,ABANDONED LOT LINE,,One Gas,"___json[{""pathname"":""/Collected Media/map_2662324/layer_6728851/mdc_photo_mdc_c5d84c_cdv_photo_008_1749050725902.jpg"",""rid"":38778625,""lid"":""6728851"",""fid"":""823"",""field"":""photo_map"",""title"":""mdc_photo_mdc_c5d84c_cdv_photo_008_1749050725902.jpg"",""ext"":""jpg"",""panorama"":false,""isDir"":false}]",Yes,0403,COMPLETE,,,,,,,,,,,2025/06/17,,,Katy Thompson,,,Pass,,,A,B,C,,,,,,,1,,,Lateral Inspection,"___json[{""pathname"":""/Collected Media/map_2662324/layer_6728851/mdc_photo_mdc_9d514c_cdv_photo_007_1749050521643.jpg"",""rid"":38778551,""lid"":""6728851"",""fid"":""823"",""field"":""site_photos"",""title"":""mdc_photo_mdc_9d514c_cdv_photo_007_1749050521643.jpg"",""ext"":""jpg"",""panorama"":false,""isDir"":false}]",MH 635 MERCHANT ST ,KS,2025/06/04,,,,10:19,,2,James Atwood,,,2025/06/04,,,2400 LETS,,,Lateral Launch,https://pioneer.sewerai.com/dashboard/review/e9db4cc2-a383-4d8e-99dc-feda2d00bf79?t=2.611636&limit=30&offset=0&project=24PV0408+MESA+COUNTY-GATEWAY&city=OSWEGO&client_reviewed=false,,
COMPLETE NO BILL,2025-08-06,,7700,,Acapulco Ave,El paso ,,,,,,2025/08/06,---------------------,Acapulco Ave El Paso tx ,,,---------------------,---------------------,0,0.39,,,,End/12T,GMI,,,,,No,,51,20,,,,80,,,,,,2025/08/06,LETS,2025/08/06,LETS,,Post,Scott lovelady One Gas ,1,31.748,-106.358,yes,1,1,,"08/06/2025 Truck5100
Lead - Christian E. Tech - Derek K. 

MH-LAT 80
End @ 51.0
GMI @ 20 @0.39 
Property is clear",,One Gas,"___json[{""pathname"":""/Collected Media/map_2662324/layer_6728851/mdc_photo_mdc_c2e131_cdv_photo_001_1754492252903.jpg"",""rid"":39625709,""lid"":""6728851"",""fid"":""1027"",""field"":""photo_map"",""title"":""mdc_photo_mdc_c2e131_cdv_photo_001_1754492252903.jpg"",""ext"":""jpg"",""panorama"":false,""isDir"":false}]",No,0723,COMPLETE NO BILL,,,,,,,,FAILED- THERE ARE A COUPLE SMALL OFFSETS NEAR GMI. SENDING TO QA FOR FURTHER REVIEW. 2/10/26 FF,,,2026/02/10,,,Fallon Farmer,,,Fail,,,A,B,,,,,,,,,,,Lateral Inspection,"___json[{""pathname"":""/Collected Media/map_2662324/layer_6728851/mdc_photo_mdc_019bd0_cdv_photo_002_1754492252903.jpg"",""rid"":39625706,""lid"":""6728851"",""fid"":""1027"",""field"":""site_photos"",""title"":""mdc_photo_mdc_019bd0_cdv_photo_002_1754492252903.jpg"",""ext"":""jpg"",""panorama"":false,""isDir"":false},{""pathname"":""/Collected Media/map_2662324/layer_6728851/mdc_photo_mdc_2223f7_cdv_photo_003_1754492252903.jpg"",""rid"":39625707,""lid"":""6728851"",""fid"":""1027"",""field"":""site_photos"",""title"":""mdc_photo_mdc_2223f7_cdv_photo_003_1754492252903.jpg"",""ext"":""jpg"",""panorama"":false,""isDir"":false},{""pathname"":""/Collected Media/map_2662324/layer_6728851/mdc_photo_mdc_fb11d6_cdv_photo_004_1754492252903.jpg"",""rid"":39625708,""lid"":""6728851"",""fid"":""1027"",""field"":""site_photos"",""title"":""mdc_photo_mdc_fb11d6_cdv_photo_004_1754492252903.jpg"",""ext"":""jpg"",""panorama"":false,""isDir"":false}]",,TX,2025/08/06,,,,08:47,,2,N/A,,,,,,N/A,,,Lateral Launch,https://pioneer.sewerai.com/dashboard/review/c8417992-b14f-4c21-9341-1233d535e093?limit=30&offset=0&client_reviewed=false&surveyed_by=CHRISTIAN+ES,,
GAS LINE,2025-08-07,,133,,Manor Pl,El Paso,,,,,,2025/08/07,,,,,,,,,,,,,,,,,,,,,,,,,,,,,,,,,,,,Post,,,31.7457,-106.386,,,,,,,One Gas,,,0723,GAS LINE,,,,,,,,,,,,,,,,,,,,,,,,,,,,,,,,,,,TX,2025/08/07,,,,10:54,Gas Service,1,,,,,,,,,,,,,
GAS LINE,2025-05-06,,,,,TOPEKA,,,,,,2025/05/06,,,,,,,,,,,,,,,,,,,,,,,,,,,,,,,,,,,,Post,,,39.0613,-95.7033,,,,,,,One Gas,,,0406,GAS LINE,,,,,,,,,,,,,,,,,,,,,,,,,,,,,,,,,,,KS,2025/05/06,,,,08:13,,1,,,,,,,,,,,,,
GAS LINE,2025-05-05,,,,SW TERRA DR ,TOPEKA,,,,,,2025/05/05,,,,,,,,,,,,,,,,,,,,,,,,,,,,,,,,,,,,Post,,,38.9773,-95.683,,,,,,,One Gas,,,0406,GAS LINE,,,,,,,,,,,,,,,,,,,,,,,,,,,,,,,,,,,,2025/05/05,,,,13:57,,1,,,,,,,,,,,,,
GAS LINE,2025-05-05,,,,SW TERRA DR ,TOPEKA,,,,,,2025/05/05,,,,,,,,,,,,,,,,,,,,,,,,,,,,,,,,,,,,Post,,,38.9769,-95.6824,,,,,,,One Gas,,,0406,GAS LINE,,,,,,,,,,,,,,,,,,,,,,,,,,,,,,,,,,,KS,2025/05/05,,,,13:51,,1,,,,,,,,,,,,,
GAS LINE,2025-05-05,,,,,TOPEKA ,,,,,,2025/05/05,,,,,,,,,,,,,,,,,,,,,,,,,,,,,,,,,,,,Post,,,38.9768,-95.6822,,,,,,,One Gas,,,0406,GAS LINE,,,,,,,,,,,,,,,,,,,,,,,,,,,,,,,,,,,KS,2025/05/05,,,,14:08,,1,,,,,,,,,,,,,
RECON,2025-05-07,,,,SW TERRA DR ,TOPEKA ,,,,,,2025/05/07,,,,,,,,,,,,,,,,,,,,,,,,,,,,,,,,,,,,Post,,,38.978,-95.6839,,,,,,,One Gas,,,0406,RECON,,,,,,,,,,,,,,,,,,,,,,,,,,,,,,,,,,,KS,2025/05/07,,,South,08:19,,1,,,,,,,,,,,,,
GAS LINE,2025-05-07,,,,SW TERRA DR ,TOPEKA ,,,,,,2025/05/07,,,,,,,,,,,,,,,,,,,,,,,,,,,,,,,,,,,,Post,,,38.9782,-95.6842,,,,,,,One Gas,,,0406,GAS LINE,,,,,,,,,,,,,,,,,,,,,,,,,,,,,,,,,,,KS,2025/05/07,,,South,08:11,,1,,,,,,,,,,,,,
GAS LINE,2025-05-05,,,,SW TERRA DR,TOPEKA,,,,,,2025/05/05,,,,,,,,,,,,,,,,,,,,,,,,,,,,,,,,,,,,Post,,,38.9768,-95.6822,,,,,,,One Gas,,,0406,GAS LINE,,,,,,,,,,,,,,,,,,,,,,,,,,,,,,,,,,,KS,2025/05/05,,,,13:54,,1,,,,,,,,,,,,,
GAS LINE,2025-05-05,,,,,TOPEKA,,,,,,2025/05/05,,,,,,,,,,,,,,,,,,,,,,,,,,,,,,,,,,,,Post,,,38.977,-95.6823,,,,,,,One Gas,,,0406,GAS LINE,,,,,,,,,,,,,,,,,,,,,,,,,,,,,,,,,,,KS,2025/05/05,,,,13:48,,1,,,,,,,,,,,,,
GAS LINE,2025-05-07,,,,SW TERRA DR ,TOPEKA ,,,,,,2025/05/07,,,,,,,,,,,,,,,,,,,,,,,,,,,,,,,,,,,,Post,,,38.9779,-95.6838,,,,,,,One Gas,,,0406,GAS LINE,,,,,,,,,,,,,,,,,,,,,,,,,,,,,,,,,,,KS,2025/05/07,,,South,08:13,,1,,,,,,,,,,,,,
COMPLETE,2025-05-05,,226 ,,SW HEIGHTS RD,TOPEKA ,,,,,,2025/05/05,2400,PW-24R3-TOPEKA-SW SANNEMAN AND TERRA DR-CWO-5/31/25,,,Edgar Atwood,Michael Parrish,,,,,,TAP,,,,,,,South,257.9,66.8,,,,257.9,,,,,,2025/05/05,LETS,2025/05/05,LETS,,Post,SCOTT.LOVELADY@ONEGAS.COM ,,38.9769,-95.6856,yes,1,1,,HAS DOGS NO ANSWER WHEN KNOCKED ON THE DOOR,,One Gas,"___json[{""pathname"":""/Collected Media/map_2662324/layer_6728851/mdc_photo_mdc_b869f8_cdv_photo_001_1746461570434.jpg"",""rid"":38439239,""lid"":""6728851"",""fid"":""544"",""field"":""photo_map"",""title"":""mdc_photo_mdc_b869f8_cdv_photo_001_1746461570434.jpg"",""ext"":""jpg"",""panorama"":false,""isDir"":false}]",Yes,0406,COMPLETE,,,,,,,,,,,2025/05/05,,,Katy Thompson,,,Pass,,,A,B,,,,,,,,1,,,Lateral Inspection,"___json[{""pathname"":""/Collected Media/map_2662324/layer_6728851/mdc_photo_mdc_7e3a42_cdv_photo_000_1746461367638.jpg"",""rid"":38439209,""lid"":""6728851"",""fid"":""544"",""field"":""site_photos"",""title"":""mdc_photo_mdc_7e3a42_cdv_photo_000_1746461367638.jpg"",""ext"":""jpg"",""panorama"":false,""isDir"":false}]",MH 232 SW SANNEMAN DR ,KS,2025/05/05,,,,11:00,,2,Edgar Atwood,,,2025/05/05,,,2400 LETS,,,Lateral Launch,https://pioneer.sewerai.com/dashboard/review/9438ceb9-3e8c-43e7-9480-83fdffb7a4d4?t=1.278712&limit=30&offset=0&project=25PV0406+ONE+GAS+,,
GAS LINE,2025-06-02,,9427,,MOODY PARK DR ,OVERLAND PARK ,,,,,,2025/06/02,,,,,,,,,,,,,,,,,,,,,,,,,,,,,,,,,,,,Post,,,38.9582,-94.701,,,,,,,One Gas,,,0406,GAS LINE,,,,,,,,,,,,,,,,,,,,,,,,,,,,,,,,,,,KS,2025/06/02,,,,12:11,,1,,,,,,,,,,,,,
COMPLETE,2025-05-05,,,,,,,,,,,2025/05/05,,,,,,,,,,,,,,,,,,,,,,,,,,,,,,,,,,,,,,,38.9784,-95.6851,,,,,,,One Gas,,,0406,COMPLETE,,,,,,,,,,,,,,,,,,,,,,,,,,,,,,,,,,,,2025/05/05,,,,,,1,,,,,,,,,,,,,
COMPLETE,2025-05-05,,220,,SW TERRA DR ,TOPEKA ,,,,,,2025/05/05,1800,PW-24R3-TOPEKA-SW SANNEMAN AND TERRA DR-CWO-5/31/25 ,,,Eric Zerr,Carter Pacheco,52,51,30,30,,TAP,GMI,VCO/12T,END,,,,East,106.5,65.8,115,116.3,,106.5,,,,,,2025/05/05,LETS,2025/05/05,LETS,,Post,SCOTT.LOVELADY@ONEGAS.COM ,,38.9783,-95.6854,yes,1,1,,,,One Gas,,Yes,0406,COMPLETE,,,,,,,,,,,2025/05/08,,,Katy Thompson,,,Pass,,,A,B,C,D,,,,,,1,,,Lateral Inspection,"___json[{""pathname"":""/Collected Media/map_2662324/layer_6728851/mdc_photo_mdc_ad5b47_cdv_photo_000_1746479458211.jpg"",""rid"":38442177,""lid"":""6728851"",""fid"":""572"",""field"":""site_photos"",""title"":""mdc_photo_mdc_ad5b47_cdv_photo_000_1746479458211.jpg"",""ext"":""jpg"",""panorama"":false,""isDir"":false}]",MH 225 SW TERRA DR ,KS,2025/05/05,,,,16:06,,2,Eric Zerr,,,2025/05/05,,,1800 LETS,,,Lateral Launch,https://pioneer.sewerai.com/dashboard/review/b6eaf875-e4b6-4a64-b370-d61f75c2b37b?t=3.328067&limit=30&offset=0&project=25PV0406+ONE+GAS+&client_reviewed=false&street_address=SW+TERRA+DR,,
COMPLETE,2025-06-06,,304,,QUINCY ST,COMMERCE,,,,,,2025/06/06,2400,5TH AND RIVER,,,James Atwood,Michael Parrish,0,0,0,44,0,C/O,END/FOUNDATION,C/O,GMI,END,,,,0,29.3,0,39,44.11,,,,,,,2025/06/06,PO,2025/06/06,PO,,Post,SCOTT.LOVELADY@ONEGAS.COM ,1,36.9375,-94.8748,yes,1,1,,,,One Gas,"___json[{""pathname"":""/Collected Media/map_2662324/layer_6728851/mdc_photo_mdc_483867_cdv_photo_012_1749225864456.jpg"",""rid"":38807970,""lid"":""6728851"",""fid"":""936"",""field"":""photo_map"",""title"":""mdc_photo_mdc_483867_cdv_photo_012_1749225864456.jpg"",""ext"":""jpg"",""panorama"":false,""isDir"":false}]",N/A,0406,COMPLETE,,,,,,,,,,,,,,,,,,,,A,B,C,D,E,,,,,,,,Lateral Inspection,"___json[{""pathname"":""/Collected Media/map_2662324/layer_6728851/mdc_photo_mdc_b225ef_cdv_photo_011_1749225738960.jpg"",""rid"":38807955,""lid"":""6728851"",""fid"":""936"",""field"":""site_photos"",""title"":""mdc_photo_mdc_b225ef_cdv_photo_011_1749225738960.jpg"",""ext"":""jpg"",""panorama"":false,""isDir"":false}]",,OK,2025/06/06,,,North,10:58,A,2,James Atwood,,,2025/06/06,,,2400 PO,,,Push Camera,,,
COMPLETE,2025-05-07,,MH 213 SW TERRA DR,,SW TERRA DR,TOPEKA,,,,,,2025/05/07,1800,PW-24R3-TOPEKA-SW SANNEMAN AND TERRA DR-CWO-5/31/25,,,Eric Zerr,Carter Pacheco,69,51,54,57,,MH 225 SW TERRA DR ,END,MH 213 SW TERRA DR ,END,,,No,,0,167.3,0,72.3,,,,,,MH 213 SW TERRA DR ,,2025/05/07,LETS,2025/05/07,LETS,,Post,SCOTT.LOVELADY@ONEGAS.COM,,38.9784,-95.6854,yes,1,2,,,,One Gas,,Yes,0406,COMPLETE,,,,,,,,,BOTH VIDEOS ARE CLEAR,,,2025/05/07,,,Katy Thompson,,,Pass,,A,B,C,D,,,,,72.3,,,72.3,Main Inspection,,MH 225 SW TERRA DR,KS,2025/05/07,,,,10:06,WEST,2,Eric Zerr,Eric Zerr,,2025/05/05,2025/05/07,,1800 LETS,1800 LETS,,Lateral Launch,https://pioneer.sewerai.com/dashboard/review/16ddbf50-727f-4b03-8b41-3ae3ba3e1914?t=0&limit=30&offset=0&project=25PV0406+ONE+GAS+&client_reviewed=false,https://pioneer.sewerai.com/dashboard/review/aa467724-44b3-4593-a36b-41f28ef273d0?t=0&limit=30&offset=0&project=25PV0406+ONE+GAS+&client_reviewed=false&ordering=Inspection_Date&street_address=SW+TERRA,
COMPLETE,2025-05-05,,124,,SW TERRA DR,TOPEKA,,,,,,2025/05/05,2400,PW-24R3-TOPEKA-SW SANNEMAN AND TERRA DR-CWO-5/31/25,,,Edgar Atwood,Michael Parrish,0,0,,,,C/O,END,,,,,,,0,51.1,,,,,,,,,,2025/05/05,,2025/05/05,,,Post,SCOTT.LOVELADY@ONEGAS.COM,1,38.9773,-95.683,yes,1,1,,,,One Gas,"___json[{""pathname"":""/Collected Media/map_2662324/layer_6728851/mdc_photo_mdc_db6e70_cdv_photo_002_1746479877894.jpg"",""rid"":38442209,""lid"":""6728851"",""fid"":""573"",""field"":""photo_map"",""title"":""mdc_photo_mdc_db6e70_cdv_photo_002_1746479877894.jpg"",""ext"":""jpg"",""panorama"":false,""isDir"":false}]",N/A,0406,COMPLETE,,,,,,,,,,,,,,,,,,,,A,,,,,,,,,,,,Lateral Inspection,,,KS,2025/05/05,,,,16:10,,2,Edgar Atwood,,,2025/05/05,,,2400 PO,,,Push Camera,,,
COMPLETE NO BILL,2025-08-06,,7701 MLN,,Veracruz Ave jetting,El Paso,,,1.00 hrs heavy cleaning. 0.50 hrs setup. 0.50 hrs setup. 2.00 total hrs.,,,,1069,Acapulco El Paso Tx,,,Bryan Cary,,,,,,,,,,,,,,,,,,,,,,,,,,,,,,,Post,Scott.lovelady@onegas.com,,31.7472,-106.358,,,,,08/06/25; 1069 truck: jetted 300ft north against flow using step method. 1.00 hrs heavy cleaning. 0.50 hrs setup. 0.50 hrs setup. 2.00 total hrs. ,,One Gas,,N/A,0723,COMPLETE NO BILL,,,,,,,,,,,,,,,,,,,,,,,,,,,300,,,,,Main Inspection,,7701 Veracruz Ave,TX,2025/08/06,,,,,,2,N/A,,,,,,N/A,,,,,,
GAS LINE,2025-05-06,,320,,SW LINDENWOOD AVE ,TOPEKA ,,,,,,2025/05/06,,,,,,,,,,,,,,,,,,,,,,,,,,,,,,,,,,,,Post,,,39.0613,-95.7004,,,,,,,One Gas,,,0406,GAS LINE,,,,,,,,,,,,,,,,,,,,,,,,,,,,,,,,,,,KS,2025/05/06,,,South,07:34,,1,,,,,,,,,,,,,
COMPLETE NO BILL,2025-08-06,,7701 MLE,,Veracruz Ave jetting,El Paso,,,1.00 hrs heavy cleaning. 0.50 hrs water fill. 1.50 total hrs. ,,,,1069,Acapulco El Paso Tx,,,Bryan Cary,,,,,,,,,,,,,,,,,,,,,,,,,,,,,,,Post,Scotty.lovelady@onegas.com,,31.7472,-106.358,,,,,08/06/25; 1069 truck: jetted 400 ft east against flow from drop ML. Used step cleaning method. 1.00 hrs heavy cleaning. 0.50 hrs water fill. 1.50 total hrs. ,,One Gas,,N/A,0723,COMPLETE NO BILL,,,,,,,,,,,,,,,,,,,,,,,,,,,400,,,,,Main Inspection,,7701 Veracruz Ave,TX,2025/08/06,,,,,,2,N/A,,,,,,N/A,,,,,,
GAS LINE,2025-05-06,,,,SW LINDENWOOD AVE ,TOPEKA,,,,,,2025/05/06,,,,,,,,,,,,,,,,,,,,,,,,,,,,,,,,,,,,Post,,,39.0608,-95.7002,,,,,,,One Gas,,,0406,GAS LINE,,,,,,,,,,,,,,,,,,,,,,,,,,,,,,,,,,,KS,2025/05/06,,,South,07:36,,1,,,,,,,,,,,,,
GAS LINE,2025-05-06,,,,SW LINDENWOOD AVE ,TOPEKA ,,,,,,2025/05/06,,,,,,,,,,,,,,,,,,,,,,,,,,,,,,,,,,,,Post,,,39.061,-95.7004,,,,,,,One Gas,,,0406,GAS LINE,,,,,,,,,,,,,,,,,,,,,,,,,,,,,,,,,,,KS,2025/05/06,,,South,07:37,,1,,,,,,,,,,,,,
GAS LINE,2025-05-06,,,,SW LINDENWOOD AVE ,TOPEKA ,,,,,,2025/05/06,,,,,,,,,,,,,,,,,,,,,,,,,,,,,,,,,,,,Post,,,39.0608,-95.7003,,,,,,,One Gas,,,0406,GAS LINE,,,,,,,,,,,,,,,,,,,,,,,,,,,,,,,,,,,KS,2025/05/06,,,South,07:39,,1,,,,,,,,,,,,,
GAS LINE,2025-05-06,,2212 ,,SW DUANE ST,TOPEKA ,,,,,,2025/05/06,,,,,,,,,,,,,,,,,,,,,,,,,,,,,,,,,,,,Post,,,39.0614,-95.7035,,,,,,,One Gas,,,0406,GAS LINE,,,,,,,,,,,,,,,,,,,,,,,,,,,,,,,,,,,KS,2025/05/06,,,,08:14,,1,,,,,,,,,,,,,
GAS LINE,2025-05-06,,,,SW LINDENWOOD AVE ,TOPEKA ,,,,,,2025/05/06,,,,,,,,,,,,,,,,,,,,,,,,,,,,,,,,,,,,Post,,,39.0615,-95.7003,,,,,,,One Gas,,,0406,GAS LINE,,,,,,,,,,,,,,,,,,,,,,,,,,,,,,,,,,,KS,2025/05/06,,,South,07:32,,1,,,,,,,,,,,,,
COMPLETE,2025-06-02,,9427,,MOODY PARK DR ,OVERLAND PARK ,,,,,,2025/06/02,1800,SOUTHDALE/95 AND NEIMAN ,,,Edgar Atwood,Carter Pacheco,0,0,,,,TAP,END,,,,,,South,270.7,46,,,,270.7,,,,,,2025/06/02,LETS,2025/06/02,LETS,,Post,SCOTT.LOVELADY@ONEGAS.COM ,,38.9582,-94.701,yes,1,1,,,,One Gas,"___json[{""pathname"":""/Collected Media/map_2662324/layer_6728851/mdc_photo_mdc_db7b04_cdv_photo_004_1748884616309.jpg"",""rid"":38748129,""lid"":""6728851"",""fid"":""785"",""field"":""photo_map"",""title"":""mdc_photo_mdc_db7b04_cdv_photo_004_1748884616309.jpg"",""ext"":""jpg"",""panorama"":false,""isDir"":false}]",Yes,0403,COMPLETE,,,,,,,,"POOR VISUAL WITH DEBRIS ON CAMERA, CLEAR ON PULLBACK",,,2025/06/03,,,Katy Thompson,,,Pass,,,A,B,,,,,,,,1,,,Lateral Inspection,,MH 9411 MOODY PARK DR ,KS,2025/06/02,,,,12:12,,2,Edgar Atwood,,,2025/06/02,,,1800 LETS,,,Lateral Launch,https://pioneer.sewerai.com/dashboard/review/71cd6bab-2a33-42a4-abb1-195938b39168?t=1.795495&limit=30&offset=0&project=24PV0408+MESA+COUNTY-GATEWAY&client_reviewed=false,,
COMPLETE,2025-06-04,,MH 635 MERCHANT ST ,,MERCHANT ST,OSWEGO ,,,,,,2025/06/04,2400,6 AND MERCHANT,,,James Atwood,Michael Parrish,0,0,,,,MH 635 MERCHANT ST ,MH 645 MERCHANT ST,,,,,,,0,358.4,,,,,,,,MH 645 MERCHANT ST,,2025/06/04,LETS,2025/06/04,LETS,,Post,SCOTT.LOVELADY@ONEGAS.COM ,,37.1636,-95.1083,yes,1,1,,,,One Gas,"___json[{""pathname"":""/Collected Media/map_2662324/layer_6728851/mdc_photo_mdc_8ba06f_cdv_photo_000_1749073034066.jpg"",""rid"":38783297,""lid"":""6728851"",""fid"":""836"",""field"":""photo_map"",""title"":""mdc_photo_mdc_8ba06f_cdv_photo_000_1749073034066.jpg"",""ext"":""jpg"",""panorama"":false,""isDir"":false}]",Yes,0403,COMPLETE,,,,,,,,"MAIN IS FULL OF WATER, LIMITED VISUAL AT TIMES",,,2025/06/17,,,Katy Thompson,,,Pass,,,A,B,,,,,,,358.4,,,358.4,Main Inspection,,MH 635 MERCHANT ST ,KS,2025/06/04,,,,,MH 645 MERCHANT ST,2,James Atwood,,,2025/06/04,,,2400 LETS,,,CCTV,https://pioneer.sewerai.com/dashboard/review/41cae628-00d5-4428-9bf4-05e7c4870e1a?t=1.235207&limit=30&offset=0&project=24PV0408+MESA+COUNTY-GATEWAY&city=OSWEGO&client_reviewed=false,,
COMPLETE,2025-06-04,,MH 635 MERCHANT ST ,,MERCHANT ST,OSWEGO ,,,,,,2025/06/04,2400,6 AND MERCHANT,,,James Atwood,Michael Parrish,0,36,0,,,MH,GMI,END,,,,,,0,379.4,400,,,,,,,ML NORTH,,2025/06/04,LETS,2025/06/04,LETS,,Post,SCOTT.LOVELADY@ONEGAS.COM ,,37.1637,-95.1081,yes,1,1,,CLEAR,,One Gas,"___json[{""pathname"":""/Collected Media/map_2662324/layer_6728851/mdc_photo_mdc_45be2c_cdv_photo_000_1749055211949.jpg"",""rid"":38779948,""lid"":""6728851"",""fid"":""818"",""field"":""photo_map"",""title"":""mdc_photo_mdc_45be2c_cdv_photo_000_1749055211949.jpg"",""ext"":""jpg"",""panorama"":false,""isDir"":false}]",Yes,0403,COMPLETE,,,,,,,,"MAIN IS FULL OF WATER, HOWEVER, PER RG, IT IS CLEAR @ GM,I LINE IS CLEAR",,,2025/06/17,,,Katy Thompson,,,Pass,,,A,B,C,,,,,,400,,,400,Main Inspection,"___json[{""pathname"":""/Collected Media/map_2662324/layer_6728851/mdc_photo_mdc_ccfb7c_cdv_photo_000_1749054414170.jpg"",""rid"":38779766,""lid"":""6728851"",""fid"":""818"",""field"":""site_photos"",""title"":""mdc_photo_mdc_ccfb7c_cdv_photo_000_1749054414170.jpg"",""ext"":""jpg"",""panorama"":false,""isDir"":false}]",MH 635 MERCHANT ST ,KS,2025/06/04,,,,11:25,ML NORTH,2,James Atwood,,,2025/06/04,,,2400 LETS,,,CCTV,https://pioneer.sewerai.com/dashboard/review/5c66ebb3-b989-4121-b65e-438f2c6cf343?t=1.59286&limit=30&offset=0&project=24PV0408+MESA+COUNTY-GATEWAY&client_reviewed=false&ordering=-Inspection_Date&city=oswego,,
GAS LINE,2025-06-02,,9431,,MOODY PARK DR ,OVERLAND PARK ,,,,,,2025/06/02,,,,,,,,,,,,,,,,,,,,,,,,,,,,,,,,,,,,Post,,,38.9582,-94.7011,,,,,,,One Gas,,,0406,GAS LINE,,,,,,,,,,,,,,,,,,,,,,,,,,,,,,,,,,,KS,2025/06/02,,,,12:34,,1,,,,,,,,,,,,,
GAS LINE,2025-05-06,,,,SW LINDENWOOD AVE ,TOPEKA ,,,,,,2025/05/06,,,,,,,,,,,,,,,,,,,,,,,,,,,,,,,,,,,,Post,,,39.0615,-95.7002,,,,,,,One Gas,,,0406,GAS LINE,,,,,,,,,,,,,,,,,,,,,,,,,,,,,,,,,,,KS,2025/05/06,,,South,10:49,,1,,,,,,,,,,,,,
COMPLETE NO BILL,2025-08-04,,1509,,S Helen St,Monahans,,,,,,2025/08/04,4600,One Gas,,,Jason Claunch,Kyle Graham ,,,,,,End,9T,12T,9T,9T,,,,130.7,112,88.1,78.3,77.2,,,,,,,2025/08/04,PO,2025/08/04,PO,,Post,One Gas,1,31.7397,-102.584,yes,1,1,,"8/4/2025 4600 pushed from mainline clean out east, this section is clear.

6. 49.0’ 3T
7. 30.0’ 3T",,One Gas,"___json[{""pathname"":""/Collected Media/map_2662324/layer_6728851/mdc_photo_mdc_d611fe_cdv_photo_027_1754396932793.jpg"",""rid"":39606278,""lid"":""6728851"",""fid"":""990"",""field"":""photo_map"",""title"":""mdc_photo_mdc_d611fe_cdv_photo_027_1754396932793.jpg"",""ext"":""jpg"",""panorama"":false,""isDir"":false}]",N/A,0723,COMPLETE NO BILL,,,,,,,,,,,,,,,,,,,,,,,,,,,,130.7,,,130.7,Main Inspection,"___json[{""pathname"":""/Collected Media/map_2662324/layer_6728851/mdc_photo_mdc_fbdcd7_cdv_photo_061_1754359833785.jpg"",""rid"":39599676,""lid"":""6728851"",""fid"":""990"",""field"":""site_photos"",""title"":""mdc_photo_mdc_fbdcd7_cdv_photo_061_1754359833785.jpg"",""ext"":""jpg"",""panorama"":false,""isDir"":false},{""pathname"":""/Collected Media/map_2662324/layer_6728851/mdc_photo_mdc_03cd31_cdv_photo_062_1754359833785.jpg"",""rid"":39599677,""lid"":""6728851"",""fid"":""990"",""field"":""site_photos"",""title"":""mdc_photo_mdc_03cd31_cdv_photo_062_1754359833785.jpg"",""ext"":""jpg"",""panorama"":false,""isDir"":false},{""pathname"":""/Collected Media/map_2662324/layer_6728851/mdc_photo_mdc_16d2ae_cdv_photo_064_1754359833785.jpg"",""rid"":39599678,""lid"":""6728851"",""fid"":""990"",""field"":""site_photos"",""title"":""mdc_photo_mdc_16d2ae_cdv_photo_064_1754359833785.jpg"",""ext"":""jpg"",""panorama"":false,""isDir"":false},{""pathname"":""/Collected Media/map_2662324/layer_6728851/mdc_photo_mdc_9d8b35_cdv_photo_063_1754359833785.jpg"",""rid"":39599679,""lid"":""6728851"",""fid"":""990"",""field"":""site_photos"",""title"":""mdc_photo_mdc_9d8b35_cdv_photo_063_1754359833785.jpg"",""ext"":""jpg"",""panorama"":false,""isDir"":false},{""pathname"":""/Collected Media/map_2662324/layer_6728851/mdc_photo_mdc_3f677b_cdv_photo_065_1754359833785.jpg"",""rid"":39599680,""lid"":""6728851"",""fid"":""990"",""field"":""site_photos"",""title"":""mdc_photo_mdc_3f677b_cdv_photo_065_1754359833785.jpg"",""ext"":""jpg"",""panorama"":false,""isDir"":false},{""pathname"":""/Collected Media/map_2662324/layer_6728851/mdc_photo_mdc_f1b27f_cdv_photo_066_1754359833785.jpg"",""rid"":39599681,""lid"":""6728851"",""fid"":""990"",""field"":""site_photos"",""title"":""mdc_photo_mdc_f1b27f_cdv_photo_066_1754359833785.jpg"",""ext"":""jpg"",""panorama"":false,""isDir"":false},{""pathname"":""/Collected Media/map_2662324/layer_6728851/mdc_photo_mdc_9c3ac0_cdv_photo_067_1754359833785.jpg"",""rid"":39599682,""lid"":""6728851"",""fid"":""990"",""field"":""site_photos"",""title"":""mdc_photo_mdc_9c3ac0_cdv_photo_067_1754359833785.jpg"",""ext"":""jpg"",""panorama"":false,""isDir"":false},{""pathname"":""/Collected Media/map_2662324/layer_6728851/mdc_photo_mdc_987b7f_cdv_photo_068_1754359833785.jpg"",""rid"":39599683,""lid"":""6728851"",""fid"":""990"",""field"":""site_photos"",""title"":""mdc_photo_mdc_987b7f_cdv_photo_068_1754359833785.jpg"",""ext"":""jpg"",""panorama"":false,""isDir"":false},{""pathname"":""/Collected Media/map_2662324/layer_6728851/mdc_photo_mdc_ee95e1_cdv_photo_069_1754359833785.jpg"",""rid"":39599684,""lid"":""6728851"",""fid"":""990"",""field"":""site_photos"",""title"":""mdc_photo_mdc_ee95e1_cdv_photo_069_1754359833785.jpg"",""ext"":""jpg"",""panorama"":false,""isDir"":false},{""pathname"":""/Collected Media/map_2662324/layer_6728851/mdc_photo_mdc_d37ab3_cdv_photo_070_1754359833785.jpg"",""rid"":39599685,""lid"":""6728851"",""fid"":""990"",""field"":""site_photos"",""title"":""mdc_photo_mdc_d37ab3_cdv_photo_070_1754359833785.jpg"",""ext"":""jpg"",""panorama"":false,""isDir"":false}]",,TX,2025/08/04,,,South,19:45,D CO ML E,2,Kyle Graham ,,,2025/08/04,,,-----------------,,,Push Camera,,,
GAS LINE,2025-05-07,,,,SW TERRA DR ,TOPEKA ,,,,,,2025/05/07,,,,,,,,,,,,,,,,,,,,,,,,,,,,,,,,,,,,Post,,,38.9777,-95.6837,,,,,,,One Gas,,,0406,GAS LINE,,,,,,,,,,,,,,,,,,,,,,,,,,,,,,,,,,,KS,2025/05/07,,,South,08:20,,1,,,,,,,,,,,,,
GAS LINE,2025-05-07,,,,SW TERRA DR ,TOPEKA ,,,,,,2025/05/07,,,,,,,,,,,,,,,,,,,,,,,,,,,,,,,,,,,,Post,,,38.9776,-95.6835,,,,,,,One Gas,,,0406,GAS LINE,,,,,,,,,,,,,,,,,,,,,,,,,,,,,,,,,,,KS,2025/05/07,,,South,08:28,,1,,,,,,,,,,,,,
GAS LINE,2025-06-02,,9407,,MOODY PARK DR ,OVERLAND PARK ,,,,,,2025/06/02,,,,,,,,,,,,,,,,,,,,,,,,,,,,,,,,,,,,Post,,,38.9582,-94.7011,,,,,,,One Gas,,,0406,GAS LINE,,,,,,,,,,,,,,,,,,,,,,,,,,,,,,,,,,,KS,2025/06/02,,,,13:55,,1,,,,,,,,,,,,,
PO,2025-05-07,,213,,SW TERRA DR ,TOPEKA ,,,,,,2025/05/07,1800,PW-24R3-TOPEKA-SW SANNEMAN AND TERRA DR-CWO-5/31/25 ,,,Eric Zerr,Carter Pacheco,52,50,,,,TAP,END,,,,,No,West,2.8,2.6,,,,2.8,,,,,,2025/05/07,LETS,2025/05/07,LETS,,Post,SCOTT.LOVELADY@ONEGAS.COM ,,38.9781,-95.6843,yes,1,1,,,,One Gas,,No,0406,PO,,,,,,,,VIDEO IS CLEAR UNTIL BLOCKAGE,,,2025/05/08,,,Katy Thompson,,,Pass,,,A,B,,,,,,,,1,,,Lateral Inspection,,MH 213 SW TERRA DR ,KS,2025/05/07,,,South,08:48,,2,Eric Zerr,,,2025/05/07,,,1800 LETS,,,Lateral Launch,https://pioneer.sewerai.com/dashboard/review/e9d6fa2c-1f1d-4611-8447-fe99fdf4a550?t=24.349903&limit=30&offset=0&project=25PV0406+ONE+GAS+&client_reviewed=false&street_address=SW+TERRA+DR,,
GAS LINE,2025-05-08,,,,,HUTCHINSON ,,,,,,2025/05/08,,,,,,,,,,,,,,,,,,,,,,,,,,,,,,,,,,,,Post,,,38.0515,-97.9411,,,,,,,One Gas,,,0406,GAS LINE,,,,,,,,,,,,,,,,,,,,,,,,,,,,,,,,,,,KS,2025/05/08,,,,09:16,,1,,,,,,,,,,,,,
GAS LINE,2025-06-05,,,,,COMMERCE,,,,,,,,,,,,,,,,,,,,,,,,,,,,,,,,,,,,,,,,,,Post,,,36.9374,-94.8748,,,,,,,One Gas,,,0406,GAS LINE,,,,,,,,,,,,,,,,,,,,,,,,,,,,,,,,,,,OK,2025/06/05,,,,,,1,,,,,,,,,,,,,
COMPLETE NO BILL,2025-08-07,,152,,Manor Pl,El Paso,,,,,,2025/08/07,4600,Manor Place El Paso ,,,Jason Claunch,Kyle Graham ,,,,,,End,GMI Gas@32” Sewer@54”,,,,,,,57.7,30.5,,,,,,,,,,2025/08/07,PO,2025/08/07,PO,,Post,One Gas,1,31.7464,-106.386,yes,1,1,,"08/07/2025 4600 pushed from cleanout to mainline, this lateral is clear. GMI is clear.",,One Gas,"___json[{""pathname"":""/Collected Media/map_2662324/layer_6728851/mdc_photo_mdc_6faf21_cdv_photo_010_1754585310816.jpg"",""rid"":39645049,""lid"":""6728851"",""fid"":""1069"",""field"":""photo_map"",""title"":""mdc_photo_mdc_6faf21_cdv_photo_010_1754585310816.jpg"",""ext"":""jpg"",""panorama"":false,""isDir"":false}]",Yes,0723,COMPLETE NO BILL,,,,,,,,,,,2025/08/19,,,Jay Brown,,,Pass,,,,,,,,,,,,,,,Lateral Inspection,"___json[{""pathname"":""/Collected Media/map_2662324/layer_6728851/mdc_photo_mdc_902d78_cdv_photo_1754584630_1754584826706.jpg"",""rid"":39644960,""lid"":""6728851"",""fid"":""1069"",""field"":""site_photos"",""title"":""mdc_photo_mdc_902d78_cdv_photo_1754584630_1754584826706.jpg"",""ext"":""jpg"",""panorama"":false,""isDir"":false},{""pathname"":""/Collected Media/map_2662324/layer_6728851/mdc_photo_mdc_ec0ac0_cdv_photo_1754584635_1754584826706.jpg"",""rid"":39644961,""lid"":""6728851"",""fid"":""1069"",""field"":""site_photos"",""title"":""mdc_photo_mdc_ec0ac0_cdv_photo_1754584635_1754584826706.jpg"",""ext"":""jpg"",""panorama"":false,""isDir"":false}]",,TX,2025/08/07,,,,10:37,,2,Jason Claunch,,,2025/08/07,,,-----------------,,,Push Camera,https://pipeviewamerica.sharefile.com/home/shared/fob15289-6f32-4a12-9123-5ec4da617388,,
GAS LINE,2025-05-06,,,,SW LINDENWOOD AVE ,TOPEKA ,,,,,,2025/05/06,,,,,,,,,,,,,,,,,,,,,,,,,,,,,,,,,,,,Post,,,39.0615,-95.7003,,,,,,,One Gas,,,0406,GAS LINE,,,,,,,,,,,,,,,,,,,,,,,,,,,,,,,,,,,KS,2025/05/06,,,South,11:55,,1,,,,,,,,,,,,,
COMPLETE,2025-06-02,,214,,QUINCY ST,COMMERCE ,,,,,,2025/06/02,2400,5TH AND RIVER,,,James Atwood,Michael Parrish,0,38,0,,,C/O,GMI,END,,,,,,0,57.4,63,,,,,,,,,2025/06/02,PO,2025/06/02,PO,,Post,SCOTT.LOVELADY@ONEGAS.COM ,1,36.9363,-94.8748,yes,1,1,,NO NEW GAS SERVICE ,,One Gas,"___json[{""pathname"":""/Collected Media/map_2662324/layer_6728851/mdc_photo_mdc_2f52cf_cdv_photo_002_1748891241397.jpg"",""rid"":38749720,""lid"":""6728851"",""fid"":""794"",""field"":""photo_map"",""title"":""mdc_photo_mdc_2f52cf_cdv_photo_002_1748891241397.jpg"",""ext"":""jpg"",""panorama"":false,""isDir"":false}]",N/A,0406,COMPLETE,,,,,,,,,,,,,,,,,,,,A,B,C,,,,,,,,,,Lateral Inspection,"___json[{""pathname"":""/Collected Media/map_2662324/layer_6728851/mdc_photo_mdc_165124_cdv_photo_000_1748890876682.jpg"",""rid"":38749646,""lid"":""6728851"",""fid"":""794"",""field"":""site_photos"",""title"":""mdc_photo_mdc_165124_cdv_photo_000_1748890876682.jpg"",""ext"":""jpg"",""panorama"":false,""isDir"":false},{""pathname"":""/Collected Media/map_2662324/layer_6728851/mdc_photo_mdc_fed2e7_cdv_photo_001_1748890876682.jpg"",""rid"":38749647,""lid"":""6728851"",""fid"":""794"",""field"":""site_photos"",""title"":""mdc_photo_mdc_fed2e7_cdv_photo_001_1748890876682.jpg"",""ext"":""jpg"",""panorama"":false,""isDir"":false}]",,OK,2025/06/02,,,North,13:58,A,2,James Atwood,,,2025/06/02,,,2400 PO,,,Push Camera,,,
GAS LINE,2025-08-06,,,,,El Paso,,,,,,2025/08/06,,,,,,,,,,,,,,,,,,,,,,,,,,,,,,,,,,,,Post,,,31.7479,-106.358,,,,,,,One Gas,,,0723,GAS LINE,,,,,,,,,,,,,,,,,,,,,,,,,,,,,,,,,,,TX,2025/08/06,,,,10:36,,1,,,,,,,,,,,,,
GAS LINE,2025-06-02,,9411,,MOODY PARK DR ,OVERLAND PARK ,,,,,,2025/06/02,,,,,,,,,,,,,,,,,,,,,,,,,,,,,,,,,,,,Post,,,38.9582,-94.7011,,,,,,,One Gas,,,0406,GAS LINE,,,,,,,,,,,,,,,,,,,,,,,,,,,,,,,,,,,KS,2025/06/02,,,,13:36,,1,,,,,,,,,,,,,
GAS LINE,2025-05-06,,342,,SW LINDENWOOD AVE ,TOPEKA ,,,,,,2025/05/06,,,,,,,,,,,,,,,,,,,,,,,,,,,,,,,,,,,,Post,,,39.0615,-95.7003,,,,,,,One Gas,,,0406,GAS LINE,,,,,,,,,,,,,,,,,,,,,,,,,,,,,,,,,,,KS,2025/05/06,,,South,13:15,,1,,,,,,,,,,,,,
GAS LINE,2025-05-08,,,,,,,,,,,2025/05/08,,,,,,,,,,,,,,,,,,,,,,,,,,,,,,,,,,,,Post,,,38.0526,-97.9391,,,,,,,One Gas,,,0406,GAS LINE,,,,,,,,,,,,,,,,,,,,,,,,,,,,,,,,,,,,2025/05/08,,,,09:17,,1,,,,,,,,,,,,,
GAS LINE,2025-05-06,,,,SW LINDENWOOD AVE ,TOPEKA ,,,,,,2025/05/06,,,,,,,,,,,,,,,,,,,,,,,,,,,,,,,,,,,,Post,,,39.0615,-95.7003,,,,,,,One Gas,,,0406,GAS LINE,,,,,,,,,,,,,,,,,,,,,,,,,,,,,,,,,,,KS,2025/05/06,,,South,13:59,,1,,,,,,,,,,,,,
GAS LINE,2025-05-06,,,,SW LINDENWOOD AVE ,TOPEKA ,,,,,,2025/05/06,,,,,,,,,,,,,,,,,,,,,,,,,,,,,,,,,,,,Post,,,39.0615,-95.7003,,,,,,,One Gas,,,0406,GAS LINE,,,,,,,,,,,,,,,,,,,,,,,,,,,,,,,,,,,KS,2025/05/06,,,South,14:01,,1,,,,,,,,,,,,,
COMPLETE,2025-06-06,,302,,QUINCY ST,COMMERCE,,,,,,2025/06/06,2400,5TH AND RIVER,,,James Atwood,Michael Parrish,0,40,0,,,C/O,GMI,END,,,,,,0,18.4,21,,,,,,,,,2025/06/06,PO,2025/06/06,PO,,Post,SCOTT.LOVELADY@ONEGAS.COM ,1,36.9375,-94.8748,yes,1,1,,DIDNT PUSH TO FOUNDATION NO GAS PUSHED TO MAIN FOR GMI,,One Gas,"___json[{""pathname"":""/Collected Media/map_2662324/layer_6728851/mdc_photo_mdc_a50fa2_cdv_photo_004_1749225338506.jpg"",""rid"":38807895,""lid"":""6728851"",""fid"":""934"",""field"":""photo_map"",""title"":""mdc_photo_mdc_a50fa2_cdv_photo_004_1749225338506.jpg"",""ext"":""jpg"",""panorama"":false,""isDir"":false}]",N/A,0406,COMPLETE,,,,,,,,,,,,,,,,,,,,A,B,C,,,,,,,,,,Lateral Inspection,"___json[{""pathname"":""/Collected Media/map_2662324/layer_6728851/mdc_photo_mdc_7df223_cdv_photo_013_1749225898856.jpg"",""rid"":38807984,""lid"":""6728851"",""fid"":""934"",""field"":""site_photos"",""title"":""mdc_photo_mdc_7df223_cdv_photo_013_1749225898856.jpg"",""ext"":""jpg"",""panorama"":false,""isDir"":false}]",,OK,2025/06/06,,,North,10:49,,2,James Atwood,,,2025/06/06,,,2400 PO,,,Push Camera,,,
COMPLETE NO BILL,2025-08-04,,1503 C,,S halen st,Monahans ,,,,,,2025/08/04,---------------------,15T Monaghan ,,,---------------------,---------------------,0,0.37,,,,End,GMI,,,,,,,21,8,,,,,,,,,,2025/08/04,PO,2025/08/04,PO,,Post,Z,1,31.5779,-102.897,yes,1,1,,"08/04/2025 
Christian E- Derek K
Truck5100 ",,One Gas,"___json[{""pathname"":""/Collected Media/map_2662324/layer_6728851/mdc_photo_mdc_ccd243_cdv_photo_014_1754326186717.jpg"",""rid"":39593853,""lid"":""6728851"",""fid"":""959"",""field"":""photo_map"",""title"":""mdc_photo_mdc_ccd243_cdv_photo_014_1754326186717.jpg"",""ext"":""jpg"",""panorama"":false,""isDir"":false}]",N/A,0723,COMPLETE NO BILL,,,,,,,,,,,,,,,,,,,,A,B,,,,,,,,,,,Lateral Inspection,"___json[{""pathname"":""/Collected Media/map_2662324/layer_6728851/mdc_photo_mdc_a51483_cdv_photo_012_1754326186717.jpg"",""rid"":39593851,""lid"":""6728851"",""fid"":""959"",""field"":""site_photos"",""title"":""mdc_photo_mdc_a51483_cdv_photo_012_1754326186717.jpg"",""ext"":""jpg"",""panorama"":false,""isDir"":false},{""pathname"":""/Collected Media/map_2662324/layer_6728851/mdc_photo_mdc_285ca4_cdv_photo_013_1754326186717.jpg"",""rid"":39593852,""lid"":""6728851"",""fid"":""959"",""field"":""site_photos"",""title"":""mdc_photo_mdc_285ca4_cdv_photo_013_1754326186717.jpg"",""ext"":""jpg"",""panorama"":false,""isDir"":false}]",,TX,2025/08/04,,,,11:44,,2,N/A,,,,,,N/A,,,Push Camera,,,
GAS LINE,2025-08-08,,,,,,,,,,,2025/08/08,,,,,,,,,,,,,,,,,,,,,,,,,,,,,,,,,,,,Post,,,31.7606,-106.363,,,,,,,One Gas,,,0723,GAS LINE,,,,,,,,,,,,,,,,,,,,,,,,,,,,,,,,,,,,2025/08/08,,,,08:58,,1,,,,,,,,,,,,,
COMPLETE,2025-06-02,,9411,,MOODY PARK DR ,OVERLAND PARK ,,,,,,2025/06/02,1800,SOUTHDALE/95 AND NEIMAN ,,,Edgar Atwood,Carter Pacheco,0,0,,,,TAP,END,,,,,No,North,2.6,39.1,,,,2.6,,,,,,2025/06/02,LETS,2025/06/02,LETS,,Post,SCOTT.LOVELADY@ONEGAS.COM ,,38.9581,-94.7011,yes,1,1,,,,One Gas,"___json[{""pathname"":""/Collected Media/map_2662324/layer_6728851/mdc_photo_mdc_3f8e0f_cdv_photo_001_1748890908665.jpg"",""rid"":38749655,""lid"":""6728851"",""fid"":""791"",""field"":""photo_map"",""title"":""mdc_photo_mdc_3f8e0f_cdv_photo_001_1748890908665.jpg"",""ext"":""jpg"",""panorama"":false,""isDir"":false}]",Yes,0403,COMPLETE,,,,,,,,,,,2025/06/02,,,Katy Thompson,,,Pass,,,A,B,,,,,,,,1,,,Lateral Inspection,,MH 9411 MOODY PARK DR ,KS,2025/06/02,,,,13:37,,2,Edgar Atwood,,,2025/06/02,,,1800 LETS,,,Lateral Launch,https://pioneer.sewerai.com/dashboard/review/e54374a8-350a-4eda-9820-89018bb0e18b?t=1.122153&limit=30&offset=0&project=24PV0408+MESA+COUNTY-GATEWAY&client_reviewed=false,,
OFFICE REVIEW,2025-06-05,,308,,QUINCY ST,COMMERCE,,,,,,,2400,5TH AND RIVER,,,James Atwood,Michael Parrish,0,0,,,,TAP,END,,,,,,South,179.2,5.8,,,,179.2,,,,,,,,,,,Post,SCOTT.LOVELADY@ONEGAS.COM ,,36.9375,-94.8748,yes,1,1,,POSSIBLE CAP / ABANDONED HAD DIRT IN IT TURN DOWN IN PRE AND SOME ON POST CLEANED CAMERA BELIVED TO BE CAPPED / ABANDONED LOT,,One Gas,"___json[{""pathname"":""/Collected Media/map_2662324/layer_6728851/mdc_photo_mdc_ce9191_cdv_photo_000_1749147876033.jpg"",""rid"":38796889,""lid"":""6728851"",""fid"":""888"",""field"":""photo_map"",""title"":""mdc_photo_mdc_ce9191_cdv_photo_000_1749147876033.jpg"",""ext"":""jpg"",""panorama"":false,""isDir"":false}]",Yes,0406,OFFICE REVIEW,BELIEVED TO BE CAPPED/ABANDONED,,,Katy Thompson,Pass,,,DEBRIS ON CAMERA @ 5',,,2025/06/06,,,Katy Thompson,,,Pass,,,A,B,,,,,,,,1,,,Lateral Inspection,,MH 318 N QUINCY ST ,OK,2025/06/05,,,North,,A,2,James Atwood,,,2025/06/05,,,2400 LETS,,,,https://pioneer.sewerai.com/dashboard/review/563fafbf-c720-4225-a9be-b9d91ba99123?t=2.577364&limit=30&offset=0&project=24PV0408+MESA+COUNTY-GATEWAY&ordering=-Inspection_Date&client_reviewed=false&city=COMMERCE,,
COMPLETE,2025-06-06,,415,,RIVER ST,COMMERCE,,,,,,2025/06/06,2400,5TH AND RIVER,,,James Atwood,Michael Parrish,0,0,,,,C/O,END,,,,,N/A,,0,73.9,,,,,,,,,,2025/06/06,PO,2025/06/06,PO,,Post,SCOTT.LOVELADY@ONEGAS.COM ,1,36.9384,-94.8743,yes,1,1,,CLEAR,,One Gas,"___json[{""pathname"":""/Collected Media/map_2662324/layer_6728851/mdc_photo_mdc_df91f9_cdv_photo_001_1749234001050.jpg"",""rid"":38809585,""lid"":""6728851"",""fid"":""947"",""field"":""photo_map"",""title"":""mdc_photo_mdc_df91f9_cdv_photo_001_1749234001050.jpg"",""ext"":""jpg"",""panorama"":false,""isDir"":false}]",N/A,0406,COMPLETE,,,,,,,,,,,,,,,,,,,,A,B,,,,,,,,,,,Lateral Inspection,,,OK,2025/06/06,,,North,13:16,,2,James Atwood,,,2025/06/06,,,2400 PO,,,Push Camera,,,
COMPLETE,2025-06-06,,411,,RIVER ST,COMMERCE,,,,,,2025/06/06,2400,5TH AND RIVER,,,James Atwood,Michael Parrish,0,0,0,,,C/O,12T,END,,,,,,0,65.2,80.11,,,,,,,,,2025/06/06,PO,2025/06/06,PO,,Post,SCOTT.LOVELADY@ONEGAS.COM ,1,36.9384,-94.8742,yes,1,1,,CLEAR,,One Gas,"___json[{""pathname"":""/Collected Media/map_2662324/layer_6728851/mdc_photo_mdc_a5ebb4_cdv_photo_000_1749233669229.jpg"",""rid"":38809549,""lid"":""6728851"",""fid"":""946"",""field"":""photo_map"",""title"":""mdc_photo_mdc_a5ebb4_cdv_photo_000_1749233669229.jpg"",""ext"":""jpg"",""panorama"":false,""isDir"":false}]",N/A,0406,COMPLETE,,,,,,,,,,,,,,,,,,,,A,B,C,,,,,,,,,,Lateral Inspection,,,OK,2025/06/06,,,North,13:08,,2,James Atwood,,,2025/06/06,,,2400 PO,,,Push Camera,,,
GAS LINE,2025-05-07,,,,SW TERRA DR ,TOPEKA ,,,,,,2025/05/07,,,,,,,,,,,,,,,,,,,,,,,,,,,,,,,,,,,,Post,,,38.9782,-95.6842,,,,,,,One Gas,,,0406,GAS LINE,,,,,,,,,,,,,,,,,,,,,,,,,,,,,,,,,,,KS,2025/05/07,,,South,08:01,,1,,,,,,,,,,,,,
GAS LINE,2025-05-06,,,,SW FRANKLIN AVE,TOPEKA ,,,,,,2025/05/06,,,,,,,,,,,,,,,,,,,,,,,,,,,,,,,,,,,,Post,,,39.0613,-95.7019,,,,,,,One Gas,,,0406,GAS LINE,,,,,,,,,,,,,,,,,,,,,,,,,,,,,,,,,,,KS,2025/05/06,,,South,16:43,,1,,,,,,,,,,,,,
GAS LINE,2025-05-06,,,,SW FRANKLIN AVE,TOPEKA ,,,,,,2025/05/06,,,,,,,,,,,,,,,,,,,,,,,,,,,,,,,,,,,,Post,,,39.0613,-95.7019,,,,,,,One Gas,,,0406,GAS LINE,,,,,,,,,,,,,,,,,,,,,,,,,,,,,,,,,,,KS,2025/05/06,,,South,16:48,,1,,,,,,,,,,,,,
COMPLETE,2025-06-06,,407,,RIVER ST,COMMERCE,,,,,,2025/06/06,2400,5TH AND RIVER,,,James Atwood,Michael Parrish,0,0,,,,C/O,END,,,,,,,0,81.3,,,,,,,,,,2025/06/06,PO,2025/06/06,PO,,Post,SCOTT.LOVELADY@ONEGAS.COM ,1,36.9385,-94.8743,yes,1,1,,CLEAR / NO CONFLICT,,One Gas,"___json[{""pathname"":""/Collected Media/map_2662324/layer_6728851/mdc_photo_mdc_38f4cb_cdv_photo_000_1749233112684.jpg"",""rid"":38809505,""lid"":""6728851"",""fid"":""945"",""field"":""photo_map"",""title"":""mdc_photo_mdc_38f4cb_cdv_photo_000_1749233112684.jpg"",""ext"":""jpg"",""panorama"":false,""isDir"":false}]",N/A,0406,COMPLETE,,,,,,,,,,,,,,,,,,,,A,B,,,,,,,,,,,Lateral Inspection,,,OK,2025/06/06,,,North,13:01,,2,James Atwood,,,2025/06/06,,,2400 PO,,,Push Camera,,,
GAS LINE,2025-05-07,,,,SW TERRA DR ,TOPEKA ,,,,,,2025/05/07,,,,,,,,,,,,,,,,,,,,,,,,,,,,,,,,,,,,Post,,,38.9778,-95.6836,,,,,,,One Gas,,,0406,GAS LINE,,,,,,,,,,,,,,,,,,,,,,,,,,,,,,,,,,,,2025/05/07,,,South,08:08,,1,,,,,,,,,,,,,
GAS LINE,2025-05-07,,,,SW TERRA DR ,TOPEKA ,,,,,,2025/05/07,,,,,,,,,,,,,,,,,,,,,,,,,,,,,,,,,,,,Post,,,38.9778,-95.6836,,,,,,,One Gas,,,0406,GAS LINE,,,,,,,,,,,,,,,,,,,,,,,,,,,,,,,,,,,KS,2025/05/07,,,South,08:09,,1,,,,,,,,,,,,,
GAS LINE,2025-06-06,,,,98TH ST ,LENEXA ,,,,,,2025/06/06,,,,,,,,,,,,,,,,,,,,,,,,,,,,,,,,,,,,Post,,,38.9548,-94.7909,,,,,,,One Gas,,,0406,GAS LINE,,,,,,,,,,,,,,,,,,,,,,,,,,,,,,,,,,,KS,2025/06/06,,,West,13:29,,1,,,,,,,,,,,,,
GAS LINE,2025-05-09,,330,,ATHENIAN AVE,WICHITA ,,,,,,2025/05/09,,,,,,,,,,,,,,,,,,,,,,,,,,,,,,,,,,,,Post,,,37.6884,-97.3666,,,,,,,One Gas,,,0406,GAS LINE,,,,,,,,,,,,,,,,,,,,,,,,,,,,,,,,,,,KS,2025/05/09,,,North,09:20,,1,,,,,,,,,,,,,
RECON,2025-05-06,,300 ,,SW FRANKLIN AVE,TOPEKA ,,,,,,2025/05/06,1800,PW-24R2-TOPEKA 2ND AND ORCHARD ,,,Eric Zerr,Carter Pacheco,,,,,,,,,,,,No,,,,,,,,,,,,,2025/05/06,LETS,2025/05/06,LETS,,Post,SCOTT.LOVELADY@ONEGAS.COM ,,39.0614,-95.7012,no,,,,,,One Gas,,N/A,0406,RECON,,,,,,,,,,,,,,,,,,,,,,,,,,,,,,,,Main Inspection,,301 SW LINDENWOOD AVE ,KS,2025/05/06,,,,16:26,,2,N/A,,,,,,N/A,,,Lateral Launch,,,
COMPLETE,2025-06-05,,MH 9403 MOODY PARK DR ,,MOODY PARK DR,OVERLAND PARK ,,,,,,2025/06/05,1800,SOUTHDALE/95 AND NEIMAN ,,,Eric Zerr,,0,0,,,,START,END,,,,,,,0,204.8,,,,,,,,MH 9309 MOODY PARK DR,,2025/06/05,LETS,,,,Post,SCOTT.LOVELADY@ONEGAS.COM ,,38.9587,-94.701,yes,1,1,,TECH IS CHRIS. VIDEO DEVICE 1 IS 1800ML,,One Gas,,Yes,0403,COMPLETE,,,,,,,,,,,2025/06/05,,,Katy Thompson,,,Pass,,,A,B,,,,,,204.8,204.8,0,,204.8,Main Inspection,,MH 9403 MOODY PARK DR ,KS,2025/06/05,,,,11:43,MH 9309 MOODY PARK DR,2,Eric Zerr,,,2025/06/05,,,N/A,,,CCTV,https://pioneer.sewerai.com/dashboard/review/bdc6159c-071a-46c6-89db-9ba17c659833?t=1.894968&limit=30&offset=0&project=24PV0408+MESA+COUNTY-GATEWAY&status=uploaded&client_reviewed=false,,
COMPLETE,2025-05-07,,600,,THURSTON ST,MANHATTAN,,,,,,2025/05/07,2400,BERTRAND / N 6 ST ,,,Edgar Atwood,Tiffanie Gibson,0,65,0,0,,TAP,GMI,3T,END,,,No,North,11.4,4.4,73.1,78.8,,11.4,,,,,,2025/05/07,LETS,2025/05/07,LETS,,Post,SCOTT.LOVELADY@ONEGAS.COM ,,39.1904,-96.5648,yes,1,1,,,,One Gas,"___json[{""pathname"":""/Collected Media/map_2662324/layer_6728851/mdc_photo_mdc_184678_cdv_photo_002_1746629416133.jpg"",""rid"":38466114,""lid"":""6728851"",""fid"":""636"",""field"":""photo_map"",""title"":""mdc_photo_mdc_184678_cdv_photo_002_1746629416133.jpg"",""ext"":""jpg"",""panorama"":false,""isDir"":false}]",Yes,0406,COMPLETE,,,,,,,,"POOR VISUAL DEBRIS ON LENS MAKES VIEW BLURRY, MORE CLEAR ON PULLBACK, GMI CLEAR",,,2025/05/07,,,Katy Thompson,,,Pass,,,A,B,C,,,,,,,1,,,Lateral Inspection,"___json[{""pathname"":""/Collected Media/map_2662324/layer_6728851/mdc_photo_mdc_59df48_cdv_photo_001_1746629332951.jpg"",""rid"":38466095,""lid"":""6728851"",""fid"":""636"",""field"":""site_photos"",""title"":""mdc_photo_mdc_59df48_cdv_photo_001_1746629332951.jpg"",""ext"":""jpg"",""panorama"":false,""isDir"":false}]",MH 1100 N 6TH ST,KS,2025/05/07,,,North,09:36,A,2,Edgar Atwood,,,2025/05/07,,,2400 LETS,,,Lateral Launch,https://pioneer.sewerai.com/dashboard/review/b762df77-6d7a-440e-9040-6a31f76f5083?t=1.965045&limit=30&offset=0&project=25PV0406+ONE+GAS+&client_reviewed=false,,
COMPLETE NO BILL,2025-08-04,,1503 D ,,S Halen St,Monahans ,,,,,,2025/08/04,---------------------,15Th St Monaghan ,,,---------------------,---------------------,0,0.38,,,,End,GMI,,,,,No,,24,15,,,,,,,,,,2025/08/04,PO,2025/08/04,PO,,Post,Z,1,31.578,-102.897,yes,1,1,,"08/01/2025 
Truck5100
Christian E- Derek K ",,One Gas,"___json[{""pathname"":""/Collected Media/map_2662324/layer_6728851/mdc_photo_mdc_5a483b_cdv_photo_017_1754326448848.jpg"",""rid"":39593920,""lid"":""6728851"",""fid"":""960"",""field"":""photo_map"",""title"":""mdc_photo_mdc_5a483b_cdv_photo_017_1754326448848.jpg"",""ext"":""jpg"",""panorama"":false,""isDir"":false}]",N/A,0723,COMPLETE NO BILL,,,,,,,,,,,,,,,,,,,,A,,,,,,,,,,,,Lateral Inspection,"___json[{""pathname"":""/Collected Media/map_2662324/layer_6728851/mdc_photo_mdc_1d0cdc_cdv_photo_015_1754326448848.jpg"",""rid"":39593918,""lid"":""6728851"",""fid"":""960"",""field"":""site_photos"",""title"":""mdc_photo_mdc_1d0cdc_cdv_photo_015_1754326448848.jpg"",""ext"":""jpg"",""panorama"":false,""isDir"":false},{""pathname"":""/Collected Media/map_2662324/layer_6728851/mdc_photo_mdc_f918ed_cdv_photo_016_1754326448848.jpg"",""rid"":39593919,""lid"":""6728851"",""fid"":""960"",""field"":""site_photos"",""title"":""mdc_photo_mdc_f918ed_cdv_photo_016_1754326448848.jpg"",""ext"":""jpg"",""panorama"":false,""isDir"":false}]",,TX,2025/08/04,,,,11:50,,2,---------------------,,,2025/08/04,,,SW2,,,Push Camera,,,
COMPLETE,2025-06-02,,9403,,MOODY PARK DR ,OVERLAND PARK ,,,,,,2025/06/02,1800,SOUTHDALE/95 AND NEIMAN ,,,Edgar Atwood,Carter Pacheco,0,0,,,,TAP,END,,,,,No,North,147.7,59,,,,147.7,,,,,,2025/06/02,LETS,2025/06/02,LETS,,Post,SCOTT.LOVELADY@ONEGAS.COM ,,38.9582,-94.7011,yes,1,1,,,,One Gas,"___json[{""pathname"":""/Collected Media/map_2662324/layer_6728851/mdc_photo_mdc_23cb5f_cdv_photo_002_1748892738216.jpg"",""rid"":38750110,""lid"":""6728851"",""fid"":""799"",""field"":""photo_map"",""title"":""mdc_photo_mdc_23cb5f_cdv_photo_002_1748892738216.jpg"",""ext"":""jpg"",""panorama"":false,""isDir"":false}]",Yes,0403,COMPLETE,,,,,,,,,,,2025/06/02,,,Katy Thompson,,,Pass,,,A,,,,,,,,,1,,,Lateral Inspection,,MH 9411 MOODY PARK DR ,KS,2025/06/02,,,,14:27,,2,Edgar Atwood,,,2025/06/02,,,1800 LETS,,,Lateral Launch,https://pioneer.sewerai.com/dashboard/review/0ce25b07-b7a9-4e29-8ef2-586bc4c3b2aa?t=4.607047&limit=30&offset=0&project=24PV0408+MESA+COUNTY-GATEWAY&client_reviewed=false,,
COMPLETE NO BILL,2025-08-04,,1509,,S Helen St,Monahans,,,,,,2025/08/04,4600,One Gas,,,Jason Claunch,Kyle Graham ,,,,,,End,,,,,,,,30.1,,,,,,,,,,,2025/08/04,PO,2025/08/04,PO,,Post,One Gas,1,32.3058,-102.542,yes,1,1,,8/4/2025 4600 pushed from CO to secondary main. This is clear,,One Gas,,N/A,0723,COMPLETE NO BILL,,,,,,,,,,,,,,,,,,,,,,,,,,,,,,,,Lateral Inspection,"___json[{""pathname"":""/Collected Media/map_2662324/layer_6728851/mdc_photo_mdc_58339b_cdv_photo_030_1754397792880.jpg"",""rid"":39606534,""lid"":""6728851"",""fid"":""993"",""field"":""site_photos"",""title"":""mdc_photo_mdc_58339b_cdv_photo_030_1754397792880.jpg"",""ext"":""jpg"",""panorama"":false,""isDir"":false},{""pathname"":""/Collected Media/map_2662324/layer_6728851/mdc_photo_mdc_534b5f_cdv_photo_034_1754397792880.jpg"",""rid"":39606535,""lid"":""6728851"",""fid"":""993"",""field"":""site_photos"",""title"":""mdc_photo_mdc_534b5f_cdv_photo_034_1754397792880.jpg"",""ext"":""jpg"",""panorama"":false,""isDir"":false}]",,TX,2025/08/04,,,,07:38,D,2,Kyle Graham ,,,2025/08/04,,,-----------------,,,Push Camera,,,
COMPLETE,2025-06-02,,213 ,,RIVER ST,COMMERCE ,,,,,,2025/06/02,2400,5TH AND RIVER,,,James Atwood,Michael Parrish,0,0,,,,C/O,END,,,,,,,0,60,,,,,,,,,NO GAS CROSSINGS ,2025/06/02,PO,2025/06/02,PO,,Post,SCOTT.LOVELADY@ONEGAS.COM ,1,36.9362,-94.8748,yes,1,1,,,,One Gas,"___json[{""pathname"":""/Collected Media/map_2662324/layer_6728851/mdc_photo_mdc_40a6a5_cdv_photo_006_1748892918198.jpg"",""rid"":38750117,""lid"":""6728851"",""fid"":""800"",""field"":""photo_map"",""title"":""mdc_photo_mdc_40a6a5_cdv_photo_006_1748892918198.jpg"",""ext"":""jpg"",""panorama"":false,""isDir"":false}]",N/A,0406,COMPLETE,,,,,,,,,,,,,,,,,,,,A,B,,,,,,,,,,,Lateral Inspection,,,OK,2025/06/02,,,North,14:29,,2,N/A,,,,,,N/A,,,Push Camera,,,
GAS LINE,2025-08-06,,7709,,Veracruz Ave,,,,,,,2025/08/06,,,,,,,,,,,,,,,,,,,,,,,,,,,,,,,,,,,,Post,,,31.7472,-106.358,,,,,,,One Gas,,,0723,GAS LINE,,,,,,,,,,,,,,,,,,,,,,,,,,,,,,,,,,,TX,2025/08/06,,,,10:58,Gas Service,1,,,,,,,,,,,,,
RECON,2025-06-05,,,,,,,,,,,,,VISTA VILLAGE (PRAIRIE STAR PKWY/RIDGEVIEW) ,,,N/A,,,,,,,,,,,,,,,,,,,,,,,,,,,,,,,Post,SCOTT.LOVELADY@ONEGAS.COM ,,38.9547,-94.791,,,,,,,One Gas,,N/A,0406,RECON,,,,,,,,,,,,,,,,,,,,,,,,,,,,,,,,Main Inspection,,,,2025/06/05,,,,,,3,N/A,,,,,,N/A,,,,,,
GAS LINE,2025-05-09,,,,,,,,,,,2025/05/09,,,,,,,,,,,,,,,,,,,,,,,,,,,,,,,,,,,,Post,,,37.6884,-97.3666,,,,,,,One Gas,,,0406,GAS LINE,,,,,,,,,,,,,,,,,,,,,,,,,,,,,,,,,,,,2025/05/09,,,,11:00,,1,,,,,,,,,,,,,
COMPLETE,2025-06-05,,17551,,PRAIRIE STAR PKWY ,LENEXA ,,,,,,2025/06/05,1800,VISTA VILLAGE (PRAIRIE STAR PKWY/RIDGEVIEW) ,,,Eric Zerr,Carter Pacheco,0,0,,,,TAP,END,,,,,No,North,66.8,32.2,,,,66.8,,,,,,2025/06/05,LETS,2025/06/05,LETS,,Post,SCOTT.LOVELADY@ONEGAS.COM ,,38.9536,-94.7925,yes,1,1,,,,One Gas,"___json[{""pathname"":""/Collected Media/map_2662324/layer_6728851/mdc_photo_mdc_9b46ed_cdv_photo_005_1749152522208.jpg"",""rid"":38797534,""lid"":""6728851"",""fid"":""901"",""field"":""photo_map"",""title"":""mdc_photo_mdc_9b46ed_cdv_photo_005_1749152522208.jpg"",""ext"":""jpg"",""panorama"":false,""isDir"":false}]",Yes,0403,COMPLETE,,,,,N/A,,,,,,2025/06/06,,,Katy Thompson,,,Pass,,,A,B,,,,,,,,1,,,Lateral Inspection,,MH 17551 PRAIRIE STAR PKWY ,KS,2025/06/05,,,,14:35,A,2,Eric Zerr,,,2025/06/05,,,1800 LETS,,,Lateral Launch,https://pioneer.sewerai.com/dashboard/review/a26d9f6b-e7bc-4ec0-9743-995e2a390cf7?t=5.301157&limit=30&offset=0&project=24PV0408+MESA+COUNTY-GATEWAY&ordering=-Inspection_Date&client_reviewed=false&city=LENEXA,,
GAS LINE,2025-05-07,,,,,,,,,,,2025/05/07,,,,,,,,,,,,,,,,,,,,,,,,,,,,,,,,,,,,Post,,,39.1904,-96.5648,,,,,,,One Gas,,,0406,GAS LINE,,,,,,,,,,,,,,,,,,,,,,,,,,,,,,,,,,,,2025/05/07,,,,11:45,,1,,,,,,,,,,,,,
GAS LINE,2025-05-07,,531,,BERTRAND ST,MANHATTAN,,,,,,2025/05/07,,,,,,,,,,,,,,,,,,,,,,,,,,,,,,,,,,,,Post,,,39.1904,-96.5646,,,,,,,One Gas,,,0406,GAS LINE,,,,,,,,,,,,,,,,,,,,,,,,,,,,,,,,,,,KS,2025/05/07,,,,11:48,,1,,,,,,,,,,,,,
COMPLETE,2025-05-08,,401,,1ST AVE,HUTCHINSON ,,,,,,2025/05/08,2400,PW-23R3-HUTCHINSON-SHERMAN AND MADISON ,,,Edgar Atwood,Michael Parrish,0,0,,,,TAP,END 9T,,,,,,West,26,2.6,,,,26,,,,,,2025/05/08,LETS,2025/05/08,LETS,,Post,SCOTT.LOVELADY@ONEGAS.COM ,,38.0528,-97.9392,yes,1,1,,,,One Gas,"___json[{""pathname"":""/Collected Media/map_2662324/layer_6728851/mdc_photo_mdc_9687db_cdv_photo_000_1746711817635.jpg"",""rid"":38479560,""lid"":""6728851"",""fid"":""684"",""field"":""photo_map"",""title"":""mdc_photo_mdc_9687db_cdv_photo_000_1746711817635.jpg"",""ext"":""jpg"",""panorama"":false,""isDir"":false}]",Yes,0406,COMPLETE,,,,,,,,,,,2025/05/16,,,Katy Thompson,,,Pass,,,A,,,,,,,,,1,,,Lateral Inspection,,MH 400 W SHERMAN ST ,KS,2025/05/08,,,West,08:35,,2,Edgar Atwood,,,2025/05/08,,,2400 LETS,,,Lateral Launch,https://pioneer.sewerai.com/dashboard/review/9f28aea9-de60-4043-943c-46a555990ab0?t=0&limit=30&offset=0&project=25PV0406+ONE+GAS+&client_reviewed=false,,
GAS LINE,2025-06-02,,210,,QUINCY ST,COMMERCE ,,,,,,2025/06/02,,,,,,,,,,,,,,,,,,,,,,,,,,,,,,,,,,,,Post,,,36.9362,-94.8748,,,,,,,One Gas,,,0406,GAS LINE,,,,,,,,,,,,,,,,,,,,,,,,,,,,,,,,,,,OK,2025/06/02,,,North,14:14,,1,,,,,,,,,,,,,
GAS LINE,2025-05-07,,527,,BERTRAND ST,MANHATTAN ,,,,,,2025/05/07,,,,,,,,,,,,,,,,,,,,,,,,,,,,,,,,,,,,Post,,,39.1905,-96.5645,,,,,,,One Gas,,,0406,GAS LINE,,,,,,,,,,,,,,,,,,,,,,,,,,,,,,,,,,,KS,2025/05/07,,,,11:58,,1,,,,,,,,,,,,,
GAS LINE,2025-05-08,,,,,HUTCHINSON ,,,,,,2025/05/08,,,,,,,,,,,,,,,,,,,,,,,,,,,,,,,,,,,,Post,,,38.0519,-97.9408,,,,,,,One Gas,,,0406,GAS LINE,,,,,,,,,,,,,,,,,,,,,,,,,,,,,,,,,,,KS,2025/05/08,,,,08:41,,1,,,,,,,,,,,,,
GAS LINE,2025-05-07,,526,,THURSTON ST,MANHATTAN,,,,,,2025/05/07,,,,,,,,,,,,,,,,,,,,,,,,,,,,,,,,,,,,Post,,,39.1904,-96.5644,,,,,,,One Gas,,,0406,GAS LINE,,,,,,,,,,,,,,,,,,,,,,,,,,,,,,,,,,,KS,2025/05/07,,,,11:56,,1,,,,,,,,,,,,,
GAS LINE,2025-05-07,,1107,,5TH ST,MANHATTAN ,,,,,,2025/05/07,,,,,,,,,,,,,,,,,,,,,,,,,,,,,,,,,,,,Post,,,39.1904,-96.5639,,,,,,,One Gas,,,0406,GAS LINE,,,,,,,,,,,,,,,,,,,,,,,,,,,,,,,,,,,KS,2025/05/07,,,North,12:13,,1,,,,,,,,,,,,,
GAS LINE,2025-05-07,,505,,BERTRAND ST,MANHATTAN,,,,,,2025/05/07,,,,,,,,,,,,,,,,,,,,,,,,,,,,,,,,,,,,Post,,,39.1904,-96.5636,,,,,,,One Gas,,,0406,GAS LINE,,,,,,,,,,,,,,,,,,,,,,,,,,,,,,,,,,,KS,2025/05/07,,,,12:15,,1,,,,,,,,,,,,,
COMPLETE,2025-06-02,,9415,,MOODY PARK DR,OVERLAND PARK ,,,,,,2025/06/02,1800,SOUTHDALE/95 AND NEIMAN,,,Edgar Atwood,Carter Pacheco,0,0,,,,TAP,END,,,,,No,South,55.7,38.6,,,,55.7,,,,,,2025/06/02,LETS,2025/06/02,LETS,,Post,SCOTT.LOVELADY@ONEGAS.COM ,,38.9582,-94.7011,yes,1,1,,NO GAS CROSSING,,One Gas,"___json[{""pathname"":""/Collected Media/map_2662324/layer_6728851/mdc_photo_mdc_947d2a_cdv_photo_002_1748883508245.jpg"",""rid"":38747961,""lid"":""6728851"",""fid"":""777"",""field"":""photo_map"",""title"":""mdc_photo_mdc_947d2a_cdv_photo_002_1748883508245.jpg"",""ext"":""jpg"",""panorama"":false,""isDir"":false}]",Yes,0403,COMPLETE,,,,,,,,,,,2025/06/03,,,Katy Thompson,,,Pass,,,A,B,,,,,,,,1,,,Lateral Inspection,,MH 9411 MOODY PARK DR ,KS,2025/06/02,,,,10:49,,2,Edgar Atwood,,,2025/06/02,,,1800 LETS,,,Lateral Launch,https://pioneer.sewerai.com/dashboard/review/3d445403-4ed1-4c7d-8e5a-566bcdb2df0b?t=1.180592&limit=30&offset=0&project=24PV0408+MESA+COUNTY-GATEWAY&client_reviewed=false,,
GAS LINE,2025-05-07,,1101,,5TH ST,MANHATTAN,,,,,,2025/05/07,,,,,,,,,,,,,,,,,,,,,,,,,,,,,,,,,,,,Post,,,39.1904,-96.5641,,,,,,,One Gas,,,0406,GAS LINE,,,,,,,,,,,,,,,,,,,,,,,,,,,,,,,,,,,KS,2025/05/07,,,North,12:22,,1,,,,,,,,,,,,,
GAS LINE,2025-05-07,,520,,THURSTON ST,MANHATTAN ,,,,,,2025/05/07,,,,,,,,,,,,,,,,,,,,,,,,,,,,,,,,,,,,Post,,,39.1904,-96.5644,,,,,,,One Gas,,,0406,GAS LINE,,,,,,,,,,,,,,,,,,,,,,,,,,,,,,,,,,,KS,2025/05/07,,,,12:00,,1,,,,,,,,,,,,,
GAS LINE,2025-05-07,,510,,THURSTON ST,MANHATTAN,,,,,,2025/05/07,,,,,,,,,,,,,,,,,,,,,,,,,,,,,,,,,,,,Post,,,39.1903,-96.5638,,,,,,,One Gas,,,0406,GAS LINE,,,,,,,,,,,,,,,,,,,,,,,,,,,,,,,,,,,KS,2025/05/07,,,,12:18,,1,,,,,,,,,,,,,
GAS LINE,2025-05-07,,519,,BERTRAND ST,MANHATTAN ST,,,,,,2025/05/07,,,,,,,,,,,,,,,,,,,,,,,,,,,,,,,,,,,,Post,,,39.1905,-96.5648,,,,,,,One Gas,,,0406,GAS LINE,,,,,,,,,,,,,,,,,,,,,,,,,,,,,,,,,,,KS,2025/05/07,,,,15:09,,1,,,,,,,,,,,,,
GAS LINE,2025-06-02,,9403,,MOODY PARK DR ,OVERLAND PARK ,,,,,,2025/06/02,,,,,,,,,,,,,,,,,,,,,,,,,,,,,,,,,,,,Post,,,38.9582,-94.7011,,,,,,,One Gas,,,0406,GAS LINE,,,,,,,,,,,,,,,,,,,,,,,,,,,,,,,,,,,KS,2025/06/02,,,,14:25,,1,,,,,,,,,,,,,
COMPLETE NO BILL,2025-08-04,,1503 E,,S Halen St,Monahans ,,,,,,2025/08/04,---------------------,15Th St Monaghan ,,,---------------------,---------------------,0,0.39,,,,End,GMI,,,,,No,,23,17,,,,,,,,,,2025/08/04,PO,2025/08/04,PO,,Post,Z,1,31.578,-102.897,yes,1,1,,"08/04/2025
Christian E- Derek K
Truck5100 ",,One Gas,"___json[{""pathname"":""/Collected Media/map_2662324/layer_6728851/mdc_photo_mdc_317ad7_cdv_photo_019_1754326845202.jpg"",""rid"":39594036,""lid"":""6728851"",""fid"":""961"",""field"":""photo_map"",""title"":""mdc_photo_mdc_317ad7_cdv_photo_019_1754326845202.jpg"",""ext"":""jpg"",""panorama"":false,""isDir"":false}]",N/A,0723,COMPLETE NO BILL,,,,,,,,,,,,,,,,,,,,A,,,,,,,,,,,,Lateral Inspection,"___json[{""pathname"":""/Collected Media/map_2662324/layer_6728851/mdc_photo_mdc_e07caf_cdv_photo_018_1754326845202.jpg"",""rid"":39594035,""lid"":""6728851"",""fid"":""961"",""field"":""site_photos"",""title"":""mdc_photo_mdc_e07caf_cdv_photo_018_1754326845202.jpg"",""ext"":""jpg"",""panorama"":false,""isDir"":false}]",,TX,2025/08/04,,,,11:55,,2,---------------------,,,2025/08/04,,,SW2,,,Push Camera,,,
GAS LINE,2025-05-07,,1100,,6TH ST,MANHATTAN ,,,,,,2025/05/07,,,,,,,,,,,,,,,,,,,,,,,,,,,,,,,,,,,,Post,,,39.1903,-96.5649,,,,,,,One Gas,,,0406,GAS LINE,,,,,,,,,,,,,,,,,,,,,,,,,,,,,,,,,,,KS,2025/05/07,,,North,11:51,,1,,,,,,,,,,,,,
COMPLETE NO BILL,2025-08-04,,1509,,S Helen St,Monahans,,,,,,2025/08/04,4600,One Gas,,,Jarrod Hardy,Kyle Graham ,,,,,,End,,,,,,,,29,,,,,,,,,,,2025/08/04,PO,2025/08/04,PO,,Post,One Gas,1,32.3091,-102.544,yes,1,1,,8/4/2025 4600,,One Gas,,N/A,0723,COMPLETE NO BILL,,,,,,,,,,,,,,,,,,,,,,,,,,,,,,,,Lateral Inspection,,,TX,2025/08/04,,,,07:44,C,2,N/A,,,,,,N/A,,,Push Camera,,,
GAS LINE,2025-08-05,,200 ,,Sw ave i,Andrews,,,,,,2025/08/05,,,,,,,,,,,,,,,,,,,,,,,,,,,,,,,,,,,,Post,,,32.3085,-102.544,,,,,,,One Gas,,,0723,GAS LINE,,,,,,,,,,,,,,,,,,,,,,,,,,,,,,,,,,,TX,2025/08/05,,,South,08:52,,1,,,,,,,,,,,,,
GAS LINE,2025-05-08,,,,,,,,,,,2025/05/08,,,,,,,,,,,,,,,,,,,,,,,,,,,,,,,,,,,,Post,,,38.0528,-97.9392,,,,,,,One Gas,,,0406,GAS LINE,,,,,,,,,,,,,,,,,,,,,,,,,,,,,,,,,,,,2025/05/08,,,,08:17,,1,,,,,,,,,,,,,
COMPLETE NO BILL,2025-08-04,,1503 B,,S Halen St,Monahans ,,,,,,2025/08/04,---------------------,15TH ST Monaghan ,,,---------------------,---------------------,0,,,,,End,,,,,,No,,80,,,,,,,,,,,2025/08/04,PO,2025/08/04,PO,,Post,Z,1,31.578,-102.897,yes,1,1,,"08/01/2025 
Truck5100
Christian E- Derek K ",,One Gas,"___json[{""pathname"":""/Collected Media/map_2662324/layer_6728851/mdc_photo_mdc_fb02be_cdv_photo_021_1754327212965.jpg"",""rid"":39594139,""lid"":""6728851"",""fid"":""962"",""field"":""photo_map"",""title"":""mdc_photo_mdc_fb02be_cdv_photo_021_1754327212965.jpg"",""ext"":""jpg"",""panorama"":false,""isDir"":false}]",N/A,0723,COMPLETE NO BILL,,,,,,,,,,,,,,,,,,,,A,,,,,,,,,,,,Lateral Inspection,"___json[{""pathname"":""/Collected Media/map_2662324/layer_6728851/mdc_photo_mdc_9e8261_cdv_photo_020_1754327212965.jpg"",""rid"":39594138,""lid"":""6728851"",""fid"":""962"",""field"":""site_photos"",""title"":""mdc_photo_mdc_9e8261_cdv_photo_020_1754327212965.jpg"",""ext"":""jpg"",""panorama"":false,""isDir"":false}]",,TX,2025/08/04,,,,12:04,,2,N/A,,,,,,N/A,,,Push Camera,,,
COMPLETE,2025-06-06,,319,,RIVER ST,COMMERCE,,,,,,2025/06/06,2400,5TH AND RIVER,,,James Atwood,Michael Parrish,0,0,0,0,0,TAP,END,C/O,12T,END,,,South,49.5,3.8,0,40.8,67,49.5,,,,,,2025/06/06,PO,2025/06/06,PO,,Post,SCOTT.LOVELADY@ONEGAS.COM ,1,36.9376,-94.8748,yes,1,2,,OFFSET VOID HAS VCO NEEDS PUSHED / CLEAR PUSHED TO MAIN ,,One Gas,"___json[{""pathname"":""/Collected Media/map_2662324/layer_6728851/mdc_photo_mdc_b68905_cdv_photo_003_1749144768169.jpg"",""rid"":38796156,""lid"":""6728851"",""fid"":""884"",""field"":""photo_map"",""title"":""mdc_photo_mdc_b68905_cdv_photo_003_1749144768169.jpg"",""ext"":""jpg"",""panorama"":false,""isDir"":false},{""pathname"":""/Collected Media/map_2662324/layer_6728851/mdc_photo_mdc_c6bd55_cdv_photo_000_1749223402378.jpg"",""rid"":38807602,""lid"":""6728851"",""fid"":""884"",""field"":""photo_map"",""title"":""mdc_photo_mdc_c6bd55_cdv_photo_000_1749223402378.jpg"",""ext"":""jpg"",""panorama"":false,""isDir"":false}]",No,0406,COMPLETE,,,,,,,,"DAMAGED PIPE, OFFSET VOID, WAITING FOR 2400 PO VIDEO",,,2025/06/06,,,Katy Thompson,,,Fail,,,A,B,C,D,E,,,,,1,,,Lateral Inspection,,MH 318 N QUINCY ST ,OK,2025/06/06,,,North,10:17,,2,James Atwood,James Atwood,,2025/06/05,2025/06/06,,2400 LETS,2400 PO,,Push Camera,https://pioneer.sewerai.com/dashboard/review/41a48f0b-9059-4993-bd35-0011a2f6a1fb?t=0&limit=30&offset=0&project=24PV0408+MESA+COUNTY-GATEWAY&ordering=-Inspection_Date&client_reviewed=false&city=COMMERCE,,
OFFICE REVIEW,2025-05-07,,217,,SW TERRA DR ,TOPEKA ,,,,,,2025/05/07,1800,PW-24R3-TOPEKA-SW SANNEMAN AND TERRA DR-CWO-5/31/25 ,,,Eric Zerr,Carter Pacheco,58,54,,,,TAP,END/ROOTBALL,,,,,No,West,68.3,1.9,,,,68.3,,,,,,2025/05/07,LETS,2025/05/07,LETS,,Post, SCOTT.LOVELADY@ONEGAS.COM ,,38.9781,-95.6842,yes,1,1,,,,One Gas,,No,0406,OFFICE REVIEW,,,,,,,,"VIDEO IS SEMI CLEAR, END @ROOTBALL",,,2025/05/07,,,Katy Thompson,,,Pass,,,A,B,,,,,,,,1,,,Lateral Inspection,"___json[{""pathname"":""/Collected Media/map_2662324/layer_6728851/mdc_photo_mdc_cfe40d_cdv_photo_1746627589_1746627593271.jpg"",""rid"":38465309,""lid"":""6728851"",""fid"":""635"",""field"":""site_photos"",""title"":""mdc_photo_mdc_cfe40d_cdv_photo_1746627589_1746627593271.jpg"",""ext"":""jpg"",""panorama"":false,""isDir"":false}]",MH 213 SW TERRA DR  ,KS,2025/05/07,,,South,09:14,,2,Eric Zerr,,,2025/05/07,,,1800 LETS,,,Lateral Launch,https://pioneer.sewerai.com/dashboard/review/b21f3dec-354b-43eb-bbd3-79ca3165f4d5?t=1.53013&limit=30&offset=0&project=25PV0406+ONE+GAS+&client_reviewed=false&street_address=SW+TERRA+DR,,
GAS LINE,2025-08-06,,7721,,Veracruz,El Paso,,,,,,2025/08/06,,,,,,,,,,,,,,,,,,,,,,,,,,,,,,,,,,,,Post,,,31.7473,-106.358,,,,,,,One Gas,,,0723,GAS LINE,,,,,,,,,,,,,,,,,,,,,,,,,,,,,,,,,,,TX,2025/08/06,,,,12:05,Gas Service,1,,,,,,,,,,,,,
COMPLETE,2025-05-07,,521,,BERTRAND ST,MANHATTAN,,,,,,2025/05/07,2400,BERTRAND / N 6 ST,,,Edgar Atwood,Michael Parrish,0,0,0,0,,TAP,12T,12T,END,,,,West,170,81.8,82.6,97.6,,170.5,,,,,,2025/05/07,LETS,2025/05/07,LETS,,Post,SCOTT.LOVELADY@ONEGAS.COM ,,39.1905,-96.5648,yes,1,1,,,,One Gas,,Yes,0406,COMPLETE,,,,,,,,CLEAR ON PULLBACK,,,2025/05/16,,,Katy Thompson,,,Pass,,,A,B,C,,,,,,,1,,,Lateral Inspection,,MH  1100 N 6TH ST,KS,2025/05/07,,,,13:33,,2,Edgar Atwood,,,2025/05/07,,,2400 LETS,,,Lateral Launch,https://pioneer.sewerai.com/dashboard/review/4681ed04-6661-4289-99d8-5420aa4bde34?t=6.540949&limit=30&offset=0&project=25PV0406+ONE+GAS+&client_reviewed=false,,
COMPLETE,2025-06-03,,214,,QUINCY ST,COMMERCE ,,,,,,2025/06/03,2400,5TH AND RIVER,,,James Atwood,Michael Parrish,0,0,,,,TAP,CAPPED/END,,,,,,South,130.3,5,,,,130.3,,,,,,2025/06/03,LETS,2025/06/03,LETS,,Post,SCOTT.LOVELADY@ONEGAS.COM ,,36.9363,-94.8747,yes,1,1,,CAPPED / CLEAR,,One Gas,"___json[{""pathname"":""/Collected Media/map_2662324/layer_6728851/mdc_photo_mdc_88ce89_cdv_photo_000_1748959442368.jpg"",""rid"":38759201,""lid"":""6728851"",""fid"":""801"",""field"":""photo_map"",""title"":""mdc_photo_mdc_88ce89_cdv_photo_000_1748959442368.jpg"",""ext"":""jpg"",""panorama"":false,""isDir"":false}]",Yes,0406,COMPLETE,,,,,,,,,,,2025/06/03,,,Katy Thompson,,,Pass,,,A,B,,,,,,,,1,,,Lateral Inspection,,MH 302 N QUINCY ST ,OK,2025/06/03,,,North,08:58,C,2,James Atwood,,,2025/06/03,,,2400 LETS,,,Lateral Launch,https://pioneer.sewerai.com/dashboard/review/080ca948-0b99-4c72-bb92-b53534e202f7?t=1.444955&limit=30&offset=0&project=24PV0408+MESA+COUNTY-GATEWAY&client_reviewed=false,,
COMPLETE,2025-06-02,,MH 9411 MOODY PARK DR ,,MOODY PARK DR ,OVERLAND PARK ,,,,,,2025/06/02,1800,SOUTHDALE/95 AND NEIMAN ,,,Edgar Atwood,Carter Pacheco,0,0,,,,MH 9411 MOODY PARK DR ,END/MH 9431 MOODY PARK DR,,,,,No,,0,371.8,,,,,,,,MH 9431 MOODY PARK DR,,2025/06/02,LETS,2025/06/02,LETS,,Post,SCOTT.LOVELADY@ONEGAS.COM ,,38.9582,-94.7011,yes,1,1,,,,One Gas,,Yes,0403,COMPLETE,,,,,,,,,,,2025/06/02,,,Katy Thompson,,,Pass,,,A,B,,,,,,,371.8,,,371.8,Main Inspection,,MH 9411 MOODY PARK DR ,KS,2025/06/02,,,,12:54,TO MH 9431 MOODY PARK DR,2,Edgar Atwood,,,2025/06/02,,,1800 LETS,,,CCTV,https://pioneer.sewerai.com/dashboard/review/d49938b8-c328-4ec3-95ed-4ef88c8e2d96?t=1.512991&limit=30&offset=0&project=24PV0408+MESA+COUNTY-GATEWAY&client_reviewed=false,,
GAS LINE,2025-08-08,,,,,,,,,,,2025/08/08,,,,,,,,,,,,,,,,,,,,,,,,,,,,,,,,,,,,Post,,,31.7606,-106.363,,,,,,,One Gas,,,0723,GAS LINE,,,,,,,,,,,,,,,,,,,,,,,,,,,,,,,,,,,,2025/08/08,,,,08:59,,1,,,,,,,,,,,,,
GAS LINE,2025-05-07,,,,JULIETTE AVE ,MANHATTAN ,,,,,,2025/05/07,,,,,,,,,,,,,,,,,,,,,,,,,,,,,,,,,,,,Post,,,39.1903,-96.5666,,,,,,,One Gas,,,0406,GAS LINE,,,,,,,,,,,,,,,,,,,,,,,,,,,,,,,,,,,KS,2025/05/07,,,North,13:00,,1,,,,,,,,,,,,,
CLIENT REVIEW,2025-06-03,,202,,QUINCY ST,COMMERCE ,,,,,,2025/06/03,2400,5TH AND RIVER ,,,James Atwood,Michael Parrish,0,49,0,,,TAP,GMI,END,,,,,South,373.4,5,5.2,,,373.4,,,,,,2025/06/03,LETS,2025/06/03,LETS,,Post,SCOTT.LOVELADY@ONEGAS.COM ,,36.9363,-94.8747,yes,1,1,,OFFSET ABANDONED/ SEWER DEPTH WAS 49” & GAS DEPTH IS 35”,,One Gas,"___json[{""pathname"":""/Collected Media/map_2662324/layer_6728851/mdc_photo_mdc_208c38_cdv_photo_001_1748978897896.jpg"",""rid"":38766128,""lid"":""6728851"",""fid"":""812"",""field"":""photo_map"",""title"":""mdc_photo_mdc_208c38_cdv_photo_001_1748978897896.jpg"",""ext"":""jpg"",""panorama"":false,""isDir"":false}]",Yes,0406,CLIENT REVIEW,	OFFSET ABANDONED/ SEWER DEPTH WAS 49” & GAS DEPTH IS 35”,,,Katy Thompson,Pass,,,NO VISUAL @ GMI WHERE OFFSET IS.,,,2025/06/04,,,Katy Thompson,,,Pass,,,A,B,,,,,,,,1,,,Lateral Inspection,"___json[{""pathname"":""/Collected Media/map_2662324/layer_6728851/mdc_photo_mdc_09453b_cdv_photo_000_1748978728468.jpg"",""rid"":38766117,""lid"":""6728851"",""fid"":""812"",""field"":""site_photos"",""title"":""mdc_photo_mdc_09453b_cdv_photo_000_1748978728468.jpg"",""ext"":""jpg"",""panorama"":false,""isDir"":false}]",MH 302 N QUINCY ST ,OK,2025/06/03,,,North,14:21,A,2,James Atwood,,,2025/06/03,,,2400 LETS,,,Lateral Launch,https://pioneer.sewerai.com/dashboard/review/7e07f945-c691-41d6-a111-e9044afbe938?t=3.803185&limit=30&offset=0&project=24PV0408+MESA+COUNTY-GATEWAY&ordering=-Inspection_Date&client_reviewed=false&inspection_datetime__gte=2025-06-03T00%3A00%3A00-05%3A00&inspection_datetime__lte=2025-06-03T23%3A59%3A59-05%3A00,,
COMPLETE,2025-06-06,,17501 ,,98TH ST ,LENEXA ,,,,,,2025/06/06,1800,VISTA VILLAGE (PRAIRIE STAR PKWY/RIDGEVIEW) ,,,Eric Zerr,Carter Pacheco,0,0,,,,TAP,END,,,,,No,South,229.1,31.7,,,,229.1,,,,,,2025/06/06,LETS,2025/06/06,LETS,,Post,SCOTT.LOVELADY@ONEGAS.COM ,,38.9548,-94.791,yes,1,1,,,,One Gas,,Yes,0403,COMPLETE,,,,,,,,,,,2025/06/12,,,Katy Thompson,,,Pass,,,A,B,,,,,,,,1,,,Lateral Inspection,,MH 17501 W 98TH ST ,KS,2025/06/06,,,West,13:52,L,2,Edgar Atwood,,,2025/06/06,,,1800 LETS,,,Lateral Launch,https://pioneer.sewerai.com/dashboard/review/70c99a95-e639-4ca4-a261-549a5b4404fe?t=4.867085&limit=30&offset=0&project=24PV0408+MESA+COUNTY-GATEWAY&ordering=-Inspection_Date&status=uploaded&client_reviewed=false,,
GAS LINE,2025-05-07,,521,,BERTRAND ST,MANHATTAN ,,,,,,2025/05/07,,,,,,,,,,,,,,,,,,,,,,,,,,,,,,,,,,,,Post,,,39.1905,-96.5642,,,,,,,One Gas,,,0406,GAS LINE,,,,,,,,,,,,,,,,,,,,,,,,,,,,,,,,,,,KS,2025/05/07,,,,15:07,,1,,,,,,,,,,,,,
COMPLETE,2025-06-06,,417,,RIVER ST,COMMERCE,,,,,,2025/06/06,2400,5TH AND RIVER,,,James Atwood,Michael Parrish,0,0,0,,,C/O,3T,END,,,,,,0,1.1,76.3,,,,,,,,,2025/06/06,PO,2025/06/06,PO,,Post,SCOTT.LOVELADY@ONEGAS.COM ,1,36.9385,-94.8742,yes,1,1,,CLEAR / NO GAS DID NOT RECIEVE NEW GAS,,One Gas,"___json[{""pathname"":""/Collected Media/map_2662324/layer_6728851/mdc_photo_mdc_860118_cdv_photo_000_1749235704008.jpg"",""rid"":38809946,""lid"":""6728851"",""fid"":""951"",""field"":""photo_map"",""title"":""mdc_photo_mdc_860118_cdv_photo_000_1749235704008.jpg"",""ext"":""jpg"",""panorama"":false,""isDir"":false}]",N/A,0406,COMPLETE,,,,,,,,,,,,,,,,,,,,A,B,C,,,,,,,,,,Lateral Inspection,,,OK,2025/06/06,,,North,13:44,,2,James Atwood,,,2025/06/06,,,2400 PO,,,Push Camera,,,
GAS LINE,2025-05-07,,,,,MANHATTAN ,,,,,,2025/05/07,,,,,,,,,,,,,,,,,,,,,,,,,,,,,,,,,,,,Post,,,39.1903,-96.5665,,,,,,,One Gas,,,0406,GAS LINE,,,,,,,,,,,,,,,,,,,,,,,,,,,,,,,,,,,KS,2025/05/07,,,,13:57,,1,,,,,,,,,,,,,
COMPLETE,2025-06-06,,17501 ,,98TH ST ,LENEXA ,,,,,,2025/06/06,1800,VISTA VILLAGE (PRAIRIE STAR PKWY/RIDGEVIEW) ,,,Eric Zerr,Carter Pacheco,0,78,0,,,TAP,GMI,END,,,,No,South,209,32.3,33,,,209,,,,,,2025/06/06,LETS,2025/06/06,LETS,,Post,SCOTT.LOVELADY@ONEGAS.COM ,,38.9548,-94.7909,yes,1,1,,,,One Gas,"___json[{""pathname"":""/Collected Media/map_2662324/layer_6728851/mdc_photo_mdc_a71eb5_cdv_photo_003_1749234974289.jpg"",""rid"":38809707,""lid"":""6728851"",""fid"":""950"",""field"":""photo_map"",""title"":""mdc_photo_mdc_a71eb5_cdv_photo_003_1749234974289.jpg"",""ext"":""jpg"",""panorama"":false,""isDir"":false}]",Yes,0403,COMPLETE,,,,,,,,GMI IS CLEAR,,,2025/06/13,,,Katy Thompson,,,Pass,,,A,B,C,,,,,,,1,,,Lateral Inspection,"___json[{""pathname"":""/Collected Media/map_2662324/layer_6728851/mdc_photo_mdc_e4e364_cdv_photo_002_1749234842896.jpg"",""rid"":38809683,""lid"":""6728851"",""fid"":""950"",""field"":""site_photos"",""title"":""mdc_photo_mdc_e4e364_cdv_photo_002_1749234842896.jpg"",""ext"":""jpg"",""panorama"":false,""isDir"":false}]",MH 17501 W 98TH ST ,KS,2025/06/06,,,West,13:31,K,2,Edgar Atwood,,,2025/06/06,,,1800 LETS,,,Lateral Launch,https://pioneer.sewerai.com/dashboard/review/c8f56600-2b5a-4ab5-9d91-fb84d939864f?t=7.54435&limit=30&offset=0&project=24PV0408+MESA+COUNTY-GATEWAY&ordering=-Inspection_Date&status=uploaded&client_reviewed=false,,
GAS LINE,2025-05-07,,,,,MANHATTAN ,,,,,,2025/05/07,,,,,,,,,,,,,,,,,,,,,,,,,,,,,,,,,,,,Post,,,39.1903,-96.5666,,,,,,,One Gas,,,0406,GAS LINE,,,,,,,,,,,,,,,,,,,,,,,,,,,,,,,,,,,KS,2025/05/07,,,,14:34,,1,,,,,,,,,,,,,
COMPLETE,2025-06-04,,10002,,W 93RD ST,OVERLAND PARK ,,,,,,2025/06/04,1800,SOUTHDALE/95 AND NEIMAN ,,,Edgar Atwood,Tiffanie Gibson,0,92,0,,,TAP,GMI,END,,,,,West,51.3,3.4,29.8,,,51.3,,,,10100 W 93RD ST,,2025/06/04,LETS,2025/06/04,LETS,,Post,SCOTT.LOVELADY@ONEGAS.COM ,,38.9598,-94.7016,yes,1,1,,VIDEO 1 IS CAI,,One Gas,,Yes,0403,COMPLETE,,,,,,,,,,,2025/09/11,,,Katy Thompson,,,Pass,,,A,B,C,,,,,,,1,,,Lateral Inspection,"___json[{""pathname"":""/Collected Media/map_2662324/layer_6728851/mdc_photo_mdc_96d30c_cdv_photo_000_1749055270263.jpg"",""rid"":38779985,""lid"":""6728851"",""fid"":""832"",""field"":""site_photos"",""title"":""mdc_photo_mdc_96d30c_cdv_photo_000_1749055270263.jpg"",""ext"":""jpg"",""panorama"":false,""isDir"":false}]",MH 10002 W 93RD ST ,KS,2025/06/04,,,West,11:31,,2,N/A,,,2025/06/04,,,1800 LETS,,,Lateral Launch,https://pioneer.sewerai.com/dashboard/review/c03dfd68-6add-472d-a369-204f9bb2d13b?t=4.200037&limit=30&offset=0&status=uploaded&issues=false&project=25PV0406+ONE+GAS+&ordering=Inspection_Date&client_reviewed=false,,
GAS LINE,2025-05-07,,512,,THURSTON ST,MANHATTAN,,,,,,2025/05/07,,,,,,,,,,,,,,,,,,,,,,,,,,,,,,,,,,,,Post,,,39.1905,-96.5648,,,,,,,One Gas,,,0406,GAS LINE,,,,,,,,,,,,,,,,,,,,,,,,,,,,,,,,,,,KS,2025/05/07,,,,14:39,,1,,,,,,,,,,,,,
GAS LINE,2025-05-07,,,,,MANHATTAN ,,,,,,2025/05/07,,,,,,,,,,,,,,,,,,,,,,,,,,,,,,,,,,,,Post,,,39.1903,-96.5666,,,,,,,One Gas,,,0406,GAS LINE,,,,,,,,,,,,,,,,,,,,,,,,,,,,,,,,,,,KS,2025/05/07,,,,13:52,,1,,,,,,,,,,,,,
GAS LINE,2025-05-07,,,,,MANHATTAN ,,,,,,2025/05/07,,,,,,,,,,,,,,,,,,,,,,,,,,,,,,,,,,,,Post,,,39.1903,-96.5666,,,,,,,,,,0406,GAS LINE,,,,,,,,,,,,,,,,,,,,,,,,,,,,,,,,,,,KS,2025/05/07,,,,13:55,,1,,,,,,,,,,,,,
GAS LINE,2025-05-07,,,,,MANHATTAN ,,,,,,2025/05/07,,,,,,,,,,,,,,,,,,,,,,,,,,,,,,,,,,,,Post,,,39.1903,-96.5666,,,,,,,One Gas,,,0406,GAS LINE,,,,,,,,,,,,,,,,,,,,,,,,,,,,,,,,,,,KS,2025/05/07,,,,15:35,,1,,,,,,,,,,,,,
GAS LINE,2025-05-08,,,,,HUTCHINSON ,,,,,,2025/05/08,,,,,,,,,,,,,,,,,,,,,,,,,,,,,,,,,,,,Post,,,38.0516,-97.9401,,,,,,,One Gas,,,0406,GAS LINE,,,,,,,,,,,,,,,,,,,,,,,,,,,,,,,,,,,KS,2025/05/08,,,,08:02,,1,,,,,,,,,,,,,
GAS LINE,2025-05-08,,,,,HUTCHINSON ,,,,,,2025/05/08,,,,,,,,,,,,,,,,,,,,,,,,,,,,,,,,,,,,Post,,,38.0516,-97.9394,,,,,,,One Gas,,,0406,GAS LINE,,,,,,,,,,,,,,,,,,,,,,,,,,,,,,,,,,,KS,2025/05/08,,,,08:03,,1,,,,,,,,,,,,,
GAS LINE,2025-05-08,,,,,HUTCHINSON ,,,,,,2025/05/08,,,,,,,,,,,,,,,,,,,,,,,,,,,,,,,,,,,,Post,,,38.0512,-97.94,,,,,,,One Gas,,,0406,GAS LINE,,,,,,,,,,,,,,,,,,,,,,,,,,,,,,,,,,,KS,2025/05/08,,,,09:26,,1,,,,,,,,,,,,,
COMPLETE NO BILL,2025-08-06,,7700,,Acapulco Ave,El paso,,,,,,2025/08/06,---------------------,Acapulco Ave El Paso tx ,,,---------------------,---------------------,0,0.47,,,,End,GMI,,,,,No,,60,16,,,,,,,,,,2025/08/06,LETS,2025/08/06,LETS,,Post,Scott.lovelady@Onegas.com ,,31.7481,-106.358,yes,1,1,,"08/06/2025 Truck5100 
Lead - Christian E. Tech - Derek K. 

End @ 60 
GMI @ ",,One Gas,"___json[{""pathname"":""/Collected Media/map_2662324/layer_6728851/mdc_photo_mdc_0e1c31_cdv_photo_000_1754525675529.jpg"",""rid"":39632994,""lid"":""6728851"",""fid"":""1059"",""field"":""photo_map"",""title"":""mdc_photo_mdc_0e1c31_cdv_photo_000_1754525675529.jpg"",""ext"":""jpg"",""panorama"":false,""isDir"":false}]",No,0723,COMPLETE NO BILL,,,,,,,,"GMI NOT CLEAR, SITE PHOTO NEEDED",,,2025/10/07,,,Katy Thompson,,,Fail,,,A,,,,,,,,,1,,,Lateral Inspection,,,TX,2025/08/06,,,,18:02,,2,N/A,,,,,,N/A,,,Lateral Launch,https://pioneer.sewerai.com/dashboard/review/35097ff6-c377-4f0f-b1f0-ad147ae4d0ea?t=2.003487&limit=30&offset=0&status=uploaded&client_reviewed=false&issues=false&project=25PV0406+ONE+GAS+&ordering=Inspection_Date,,
PO,2025-05-08,,400 W AVENUE A,,AVENUE A,HUTCHINSON,,,,,,,1800,PW-23R3-HUTCHINSON-SHERMAN AND MADISON ,,,Eric Zerr,,,,,,,,,,,,,,West,,,,,,73.7,,,,,,,,,,,Post,SCOTT.LOVELADY@ONEGAS.COM ,,38.0518,-97.9394,,,,,UNABLE TO GET INTO TAP MORE THAN 1FT WILL NEED TO PO TO CLEAR,,One Gas,,N/A,0406,PO,,,,,,,,,,,,,,,,,,,,,,,,,,,,,,,,Lateral Inspection,,MH 401 W SHERMAN ST,KS,2025/05/08,,,West,,,2,N/A,,,,,,N/A,,,,,,
COMPLETE,2025-05-05,,219,,SW TERRA DR ,TOPEKA ,,,,,,2025/05/05,1800,PW-24R3-TOPEKA-SW SANNEMAN AND TERRA DR-CWO-5/31/25 ,,,Eric Zerr,Carter Pacheco,49,26,15,,,TAP,GSI,END/12T,,,,No,East,145.3,29,61,,,145.3,,,,,,2025/05/05,LETS,2025/05/05,LETS,,Post,SCOTT.LOVELADY@ONEGAS.COM ,,38.9784,-95.6854,yes,1,1,,,,One Gas,,Yes,0406,COMPLETE,,,,,,,,,,,2025/05/08,,,Katy Thompson,,,Pass,,,A,B,C,,,,,,,1,,,Lateral Inspection,"___json[{""pathname"":""/Collected Media/map_2662324/layer_6728851/mdc_photo_mdc_cecc23_cdv_photo_000_1746481160129.jpg"",""rid"":38442317,""lid"":""6728851"",""fid"":""575"",""field"":""site_photos"",""title"":""mdc_photo_mdc_cecc23_cdv_photo_000_1746481160129.jpg"",""ext"":""jpg"",""panorama"":false,""isDir"":false}]",MH 225 SW TERRA DR ,KS,2025/05/05,,,,16:30,,2,Carter Pacheco,,,2025/05/05,,,1800 LETS,,,Lateral Launch,https://pioneer.sewerai.com/dashboard/review/324b6a44-c801-463b-9c07-d786645d23ab?t=2.161615&limit=30&offset=0&project=25PV0406+ONE+GAS+&client_reviewed=false&street_address=SW+TERRA+DR,,
GAS LINE,2025-05-08,,,,,HUTCHINSON ,,,,,,2025/05/08,,,,,,,,,,,,,,,,,,,,,,,,,,,,,,,,,,,,Post,,,38.0513,-97.9401,,,,,,,One Gas,,,0406,GAS LINE,,,,,,,,,,,,,,,,,,,,,,,,,,,,,,,,,,,KS,2025/05/08,,,,09:36,,1,,,,,,,,,,,,,
GAS LINE,2025-05-08,,,,,,,,,,,2025/05/08,,,,,,,,,,,,,,,,,,,,,,,,,,,,,,,,,,,,Post,,,38.0527,-97.9393,,,,,,,One Gas,,,0406,GAS LINE,,,,,,,,,,,,,,,,,,,,,,,,,,,,,,,,,,,,2025/05/08,,,,09:46,,1,,,,,,,,,,,,,
COMPLETE NO BILL,2025-08-04,,804,,W 15Th St,Monahans ,,,,,,2025/08/04,---------------------,15TH ST Monaghan ,,,---------------------,---------------------,0,,,,,End ,,,,,,No,,10,,,,,,,,,,,2025/08/04,PO,2025/08/04,PO,,Post,Z,1,31.5779,-102.897,yes,1,1,,"08/04/2025 
Truck5100
Christian E- Derek K ",,One Gas,"___json[{""pathname"":""/Collected Media/map_2662324/layer_6728851/mdc_photo_mdc_bc8f01_cdv_photo_027_1754327620074.jpg"",""rid"":39594364,""lid"":""6728851"",""fid"":""964"",""field"":""photo_map"",""title"":""mdc_photo_mdc_bc8f01_cdv_photo_027_1754327620074.jpg"",""ext"":""jpg"",""panorama"":false,""isDir"":false}]",N/A,0723,COMPLETE NO BILL,,,,,,,,,,,,,,,,,,,,A,,,,,,,,,,,,Lateral Inspection,"___json[{""pathname"":""/Collected Media/map_2662324/layer_6728851/mdc_photo_mdc_e7d37e_cdv_photo_026_1754327620074.jpg"",""rid"":39594363,""lid"":""6728851"",""fid"":""964"",""field"":""site_photos"",""title"":""mdc_photo_mdc_e7d37e_cdv_photo_026_1754327620074.jpg"",""ext"":""jpg"",""panorama"":false,""isDir"":false}]",,TX,2025/08/04,,,,12:10,,2,---------------------,,,2025/08/04,,,SW2,,,Push Camera,,,
GAS LINE,2025-05-08,,,,,HUTCHINSON ,,,,,,2025/05/08,,,,,,,,,,,,,,,,,,,,,,,,,,,,,,,,,,,,Post,,,38.0516,-97.9402,,,,,,,One Gas,,,0406,GAS LINE,,,,,,,,,,,,,,,,,,,,,,,,,,,,,,,,,,,KS,2025/05/08,,,,09:41,,1,,,,,,,,,,,,,
COMPLETE,2025-06-02,,220 ,,QUINCY ST,COMMERCE ,,,,,,2025/06/02,2400,5TH AND RIVER,,,James Atwood,Michael Parrish,0,49,0,,,TAP,GMI,END/12T,,,,,South,48.9,6.5,52.1,,,48.9,,,,,,2025/06/02,LETS,2025/06/02,LETS,,Post,SCOTT.LOVELADY@ONEGAS.COM ,,36.9362,-94.8747,yes,1,1,, NO GAS SERVICE ,,One Gas,"___json[{""pathname"":""/Collected Media/map_2662324/layer_6728851/mdc_photo_mdc_1cc92c_cdv_photo_002_1748874839944.jpg"",""rid"":38745448,""lid"":""6728851"",""fid"":""771"",""field"":""photo_map"",""title"":""mdc_photo_mdc_1cc92c_cdv_photo_002_1748874839944.jpg"",""ext"":""jpg"",""panorama"":false,""isDir"":false}]",Yes,0406,COMPLETE,,,,,,,,CLEAR ON PULLBACK,,,2025/06/03,,,Katy Thompson,,,Pass,,,A,B,,,,,,,,1,,,Lateral Inspection,"___json[{""pathname"":""/Collected Media/map_2662324/layer_6728851/mdc_photo_mdc_2fb687_cdv_photo_000_1748874477810.jpg"",""rid"":38745353,""lid"":""6728851"",""fid"":""771"",""field"":""site_photos"",""title"":""mdc_photo_mdc_2fb687_cdv_photo_000_1748874477810.jpg"",""ext"":""jpg"",""panorama"":false,""isDir"":false},{""pathname"":""/Collected Media/map_2662324/layer_6728851/mdc_photo_mdc_9c8876_cdv_photo_001_1748874477811.jpg"",""rid"":38745354,""lid"":""6728851"",""fid"":""771"",""field"":""site_photos"",""title"":""mdc_photo_mdc_9c8876_cdv_photo_001_1748874477811.jpg"",""ext"":""jpg"",""panorama"":false,""isDir"":false}]",MH 302 N QUINCY ST ,OK,2025/06/02,,,North,09:21,,2,Robert Gudgel,,,2025/06/02,,,2400 LETS,,,Lateral Launch,https://pioneer.sewerai.com/dashboard/review/9855bc4e-bae5-45f7-9b3f-9b6e2678afb8?t=1.529846&limit=30&offset=0&project=24PV0408+MESA+COUNTY-GATEWAY&client_reviewed=false&city=COMMERCE,,
COMPLETE,2025-06-03,,211,,RIVER ST,COMMERCE ,,,,,,2025/06/03,2400,5TH AND RIVER,,,James Atwood,Michael Parrish,0,0,,,,TAP,CAP/END,,,,,,South,223.1,2.9,,,,223.1,,,,,,2025/06/03,LETS,2025/06/03,LETS,,Post,SCOTT.LOVELADY@ONEGAS.COM ,,36.9363,-94.8747,yes,1,1,,CAPPED / HOME OWNER REFUSED ACCESS ON PRE . KNOCKED NO ANSWER ON POST,,One Gas,"___json[{""pathname"":""/Collected Media/map_2662324/layer_6728851/mdc_photo_mdc_6d9963_cdv_photo_000_1748966706363.jpg"",""rid"":38763775,""lid"":""6728851"",""fid"":""804"",""field"":""photo_map"",""title"":""mdc_photo_mdc_6d9963_cdv_photo_000_1748966706363.jpg"",""ext"":""jpg"",""panorama"":false,""isDir"":false}]",Yes,0406,COMPLETE,,,,,,,,,,,2025/06/03,,,Katy Thompson,,,Pass,,,A,B,,,,,,,,1,,,Lateral Inspection,,MH 302 N QUINCY ST ,OK,2025/06/03,,,North,10:58,,2,James Atwood,,,2025/06/03,,,2400 LETS,,,Lateral Launch,https://pioneer.sewerai.com/dashboard/review/3299fc26-5eb5-4ca7-afa5-ee8f67db3841?t=1.133731&limit=30&offset=0&project=24PV0408+MESA+COUNTY-GATEWAY&client_reviewed=false,,
COMPLETE,2025-09-09,,MH 320 W SOUTH ST ,,SOUTH ST,VINITA ,,,,,,2025/09/09,2400,K AND 3 ST NW ,,,James Atwood,Michael Parrish,0,146,0,,,MH ,GMI,END,,,,,,0,91.4,100,,,,,,,ML WEST,,2025/09/09,LETS,2025/09/09,LETS,,Post,SCOTT.LOVELADY@ONEGAS.COM ,,36.6343,-95.161,yes,1,1,,,,One Gas,"___json[{""pathname"":""/Collected Media/map_2662324/layer_6728851/mdc_photo_mdc_0615e0_cdv_photo_001_1757444923896.jpg"",""rid"":40091219,""lid"":""6728851"",""fid"":""1212"",""field"":""photo_map"",""title"":""mdc_photo_mdc_0615e0_cdv_photo_001_1757444923896.jpg"",""ext"":""jpg"",""panorama"":false,""isDir"":false}]",Yes,0406,COMPLETE,,,,,,,,LOTS OF WATER AND DEBRIS IN PIPE. GMI IS CLEAR.,,,2025/09/11,,,Katy Thompson,,,,,,A,B,C,,,,,,100,,,100,Main Inspection,"___json[{""pathname"":""/Collected Media/map_2662324/layer_6728851/mdc_photo_mdc_965b8a_cdv_photo_000_1757444728934.jpg"",""rid"":40091197,""lid"":""6728851"",""fid"":""1212"",""field"":""site_photos"",""title"":""mdc_photo_mdc_965b8a_cdv_photo_000_1757444728934.jpg"",""ext"":""jpg"",""panorama"":false,""isDir"":false}]",MH 320 W SOUTH ST ,OK,2025/09/09,,,West,14:02,ML WEST,2,James Atwood,,,2025/09/09,,,2400 LETS,,,CCTV,https://pioneer.sewerai.com/dashboard/review/4a04a101-d8e5-4d5d-adee-7f97172772c9?t=6.785406&limit=30&offset=0&status=uploaded&issues=false&project=25PV0406+ONE+GAS+&ordering=Inspection_Date&client_reviewed=false&surveyed_by=JAMES,,
COMPLETE,2025-05-08,,410,,SHERMAN ST,HUTCHINSON ,,,,,,2025/05/08,2400,PW-23R3-HUTCHINSON-SHERMAN AND MADISON ,,,Edgar Atwood,Michael Parrish,0,0,,,,TAP,END,,,,,,West,122.5,8.6,,,,122.5,,,,,BLOCKAGE DEAD LINE,2025/05/08,LETS,2025/05/08,LETS,,Post,SCOTT.LOVELADY@ONEGAS.COM ,,38.0528,-97.9392,yes,1,1,,,,One Gas,"___json[{""pathname"":""/Collected Media/map_2662324/layer_6728851/mdc_photo_mdc_a6eaa7_cdv_photo_000_1746718882481.jpg"",""rid"":38481672,""lid"":""6728851"",""fid"":""705"",""field"":""photo_map"",""title"":""mdc_photo_mdc_a6eaa7_cdv_photo_000_1746718882481.jpg"",""ext"":""jpg"",""panorama"":false,""isDir"":false}]",Yes,0406,COMPLETE,THERE ARE NO CONFLICTS THIS IS A DEAD LINE,,,Katy Thompson,Pass,,,POOR VISUAL DUE TO DEBRIS ON CAMERA AND IN LINE,,,2025/05/16,,,Katy Thompson,,,Pass,,,A,,,,,,,,,1,,,Lateral Inspection,,MH 400 W SHERMAN ST ,KS,2025/05/08,,,West,10:36,C,2,Edgar Atwood,,,2025/05/08,,,2400 LETS,,,Lateral Launch,https://pioneer.sewerai.com/dashboard/review/b863a511-6a97-4de1-a344-1409ae91e26e?t=1.1853&limit=30&offset=0&project=25PV0406+ONE+GAS+&client_reviewed=false,,
OFFICE REVIEW,2025-08-05,,1509,,S Helen St,Monahans,,,,,,,4600,One Gas,,,Jason Claunch,Kyle Graham ,,,,,,,,,,,,,,,,,,,,,,,,,,,,,,Post,One Gas,,32.3083,-102.544,,,,,"8/4/2025 4600 Could not locate a CO for this property, leaving under office review. Did find tap in rear when we pushed the secondary main. ",,One Gas,,N/A,0723,OFFICE REVIEW,,,,,,,,,,,,,,,,,,,,,,,,,,,,,,,,Lateral Inspection,"___json[{""pathname"":""/Collected Media/map_2662324/layer_6728851/mdc_photo_mdc_32f00a_cdv_photo_000_1754404975970.jpg"",""rid"":39608818,""lid"":""6728851"",""fid"":""996"",""field"":""site_photos"",""title"":""mdc_photo_mdc_32f00a_cdv_photo_000_1754404975970.jpg"",""ext"":""jpg"",""panorama"":false,""isDir"":false},{""pathname"":""/Collected Media/map_2662324/layer_6728851/mdc_photo_mdc_1bf667_cdv_photo_002_1754404975970.jpg"",""rid"":39608819,""lid"":""6728851"",""fid"":""996"",""field"":""site_photos"",""title"":""mdc_photo_mdc_1bf667_cdv_photo_002_1754404975970.jpg"",""ext"":""jpg"",""panorama"":false,""isDir"":false}]",,TX,2025/08/05,,,,,B,2,N/A,,,,,,N/A,,,,,,
GAS LINE,2025-05-08,,406,,SHERMAN ST,HUTCHINSON ,,,,,,2025/05/08,,,,,,,,,,,,,,,,,,,,,,,,,,,,,,,,,,,,Post,,,38.0528,-97.9393,,,,,,,One Gas,,,0406,GAS LINE,,,,,,,,,,,,,,,,,,,,,,,,,,,,,,,,,,,KS,2025/05/08,,,West,10:29,,1,,,,,,,,,,,,,
COMPLETE,2025-05-08,,401,,1ST AVE,HUTCHINSON,,,,,,2025/05/08,2400,PW-23R3-HUTCHINSON-SHERMAN AND MADISON ,,,Edgar Atwood,Robert Gudgel,0,0,,,,TAP,END,,,,,,North,97,2.1,,,,97,,,,,,2025/05/08,LETS,2025/05/08,LETS,,Post,SCOTT.LOVELADY@ONEGAS.COM,,38.0527,-97.9393,yes,1,1,,THIS LINE WAS AN INACTIVE SERVICE RG,,One Gas,"___json[{""pathname"":""/Collected Media/map_2662324/layer_6728851/mdc_photo_mdc_d1ebea_cdv_photo_013_1746716798045.jpg"",""rid"":38480923,""lid"":""6728851"",""fid"":""702"",""field"":""photo_map"",""title"":""mdc_photo_mdc_d1ebea_cdv_photo_013_1746716798045.jpg"",""ext"":""jpg"",""panorama"":false,""isDir"":false}]",Yes,0406,COMPLETE,,,,,,,,,,,2025/05/13,,,Katy Thompson,,,Pass,,,A,,,,,,,,,1,,,Lateral Inspection,,MH 400 W SHERMAN ST,KS,2025/05/08,,,West,09:59,B,2,Edgar Atwood,,,2025/05/08,,,2400 LETS,,,Lateral Launch,https://pioneer.sewerai.com/dashboard/review/288d445e-07ae-49cd-b8e9-c1df30a18cd1?t=1.764405&limit=30&offset=0&project=25PV0406+ONE+GAS+&client_reviewed=false&ordering=Lateral_Segment_Reference,,
COMPLETE,2025-06-06,,17501,,98TH ST ,LENEXA ,,,,,,2025/06/06,1800,VISTA VILLAGE (PRAIRIE STAR PKWY/RIDGEVIEW) ,,,Eric Zerr,Carter Pacheco,0,0,,,,TAP,END,,,,,No,South,203.2,17.6,,,,203.2,,,,,,2025/06/06,LETS,2025/06/06,LETS,,Post,SCOTT.LOVELADY@ONEGAS.COM ,,38.9548,-94.791,yes,1,1,,,,One Gas,"___json[{""pathname"":""/Collected Media/map_2662324/layer_6728851/mdc_photo_mdc_79ee3a_cdv_photo_001_1749234083189.jpg"",""rid"":38809587,""lid"":""6728851"",""fid"":""948"",""field"":""photo_map"",""title"":""mdc_photo_mdc_79ee3a_cdv_photo_001_1749234083189.jpg"",""ext"":""jpg"",""panorama"":false,""isDir"":false}]",Yes,0403,COMPLETE,,,,,,,,,,,2025/06/06,,,Katy Thompson,,,Pass,,,A,B,,,,,,,,1,,,Lateral Inspection,,MH 17501 W 98TH ST ,KS,2025/06/06,,,West,13:14,J,2,Edgar Atwood,,,2025/06/06,,,1800 LETS,,,Lateral Launch,https://pioneer.sewerai.com/dashboard/review/9d632b89-8d0f-4d68-90ca-df6a15f08e6c?t=3.036649&limit=30&offset=0&project=24PV0408+MESA+COUNTY-GATEWAY&ordering=-Inspection_Date&client_reviewed=false&city=LENEXA,,
COMPLETE,2025-06-02,,9423,,MOODY PARK DR ,OVERLAND PARK ,,,,,,2025/06/02,1800,SOUTHDALE/95 AND NEIMAN ,,,Edgar Atwood,Carter Pacheco,0,0,,,,TAP,END,,,,,No,South,198.7,47.4,,,,198.7,,,,,,2025/06/02,LETS,2025/06/02,LETS,,Post,SCOTT.LOVELADY@ONEGAS.COM ,,38.9582,-94.7011,yes,1,1,,NO GAS CROSSING,,One Gas,"___json[{""pathname"":""/Collected Media/map_2662324/layer_6728851/mdc_photo_mdc_82e87f_cdv_photo_003_1748883551355.jpg"",""rid"":38747967,""lid"":""6728851"",""fid"":""780"",""field"":""photo_map"",""title"":""mdc_photo_mdc_82e87f_cdv_photo_003_1748883551355.jpg"",""ext"":""jpg"",""panorama"":false,""isDir"":false}]",Yes,0403,COMPLETE,,,,,,,,CLEAR ON PULLBACK,,,2025/06/02,,,Katy Thompson,,,Pass,,,A,B,,,,,,,,1,,,Lateral Inspection,,MH 9411 MOODY PARK DR ,KS,2025/06/02,,,,11:37,,2,Edgar Atwood,,,2025/06/02,,,1800 LETS,,,Lateral Launch,https://pioneer.sewerai.com/dashboard/review/3123de10-87e7-422d-a6f7-e8e461e0d409?t=1.457691&limit=30&offset=0&project=24PV0408+MESA+COUNTY-GATEWAY&client_reviewed=false,,
GAS LINE,2025-06-03,,202 ,,QUINCY ST,COMMERCE ,,,,,,2025/06/03,,,,,,,,,,,,,,,,,,,,,,,,,,,,,,,,,,,,Post,,,36.9363,-94.8747,,,,,,,One Gas,,,0406,GAS LINE,,,,,,,,,,,,,,,,,,,,,,,,,,,,,,,,,,,,2025/06/03,,,North,13:42,,1,,,,,,,,,,,,,
CLIENT REVIEW,2025-06-03,,210,,QUINCY ST,COMMERCE ,,,,,,2025/06/03,2400,5TH AND RIVER ,,,James Atwood,Michael Parrish,0,,,,,TAP,,,,,,,South,253.7,,,,,253.7,,,,,,2025/06/03,LETS,2025/06/03,LETS,,Post,SCOTT.LOVELADY@ONEGAS.COM ,,36.9363,-94.8747,yes,,,,CANT RUN DUE TO OFFSET ON PRE THEY TALKED WITH GAS DRILLER WAS SUPPOSE TO EXPOSE IF POSSIBLE ABANDONED LINE ,,One Gas,"___json[{""pathname"":""/Collected Media/map_2662324/layer_6728851/mdc_photo_mdc_fccc59_cdv_photo_006_1748968728607.jpg"",""rid"":38764065,""lid"":""6728851"",""fid"":""806"",""field"":""photo_map"",""title"":""mdc_photo_mdc_fccc59_cdv_photo_006_1748968728607.jpg"",""ext"":""jpg"",""panorama"":false,""isDir"":false}]",N/A,0406,CLIENT REVIEW,,,,,,,,,,,,,,,,,,,,A,,,,,,,,,,,,Lateral Inspection,"___json[{""pathname"":""/Collected Media/map_2662324/layer_6728851/mdc_photo_mdc_45aec3_cdv_photo_004_1748968631005.jpg"",""rid"":38764048,""lid"":""6728851"",""fid"":""806"",""field"":""site_photos"",""title"":""mdc_photo_mdc_45aec3_cdv_photo_004_1748968631005.jpg"",""ext"":""jpg"",""panorama"":false,""isDir"":false}]",MH 302 N QUINCY ST ,OK,2025/06/03,,,North,11:31,B,2,N/A,,,,,,N/A,,,Lateral Launch,,,
COMPLETE NO BILL,2025-08-04,,802,,W 15TH ST,Monahans ,,,,,,2025/08/04,---------------------,15TH ST Monaghan ,,,---------------------,---------------------,0,,,,,End,,,,,,No,,8,,,,,,,,,,,2025/08/04,PO,2025/08/04,PO,,Post,Z,1,31.578,-102.897,yes,1,1,,"08/04/2025 
Truck5100
Christian E- Derek K
",,One Gas,"___json[{""pathname"":""/Collected Media/map_2662324/layer_6728851/mdc_photo_mdc_80fd3d_cdv_photo_030_1754327824501.jpg"",""rid"":39594421,""lid"":""6728851"",""fid"":""966"",""field"":""photo_map"",""title"":""mdc_photo_mdc_80fd3d_cdv_photo_030_1754327824501.jpg"",""ext"":""jpg"",""panorama"":false,""isDir"":false},{""pathname"":""/Collected Media/map_2662324/layer_6728851/mdc_photo_mdc_dacf38_cdv_photo_031_1754327824501.jpg"",""rid"":39594422,""lid"":""6728851"",""fid"":""966"",""field"":""photo_map"",""title"":""mdc_photo_mdc_dacf38_cdv_photo_031_1754327824501.jpg"",""ext"":""jpg"",""panorama"":false,""isDir"":false}]",N/A,0723,COMPLETE NO BILL,,,,,,,,,,,,,,,,,,,,A,,,,,,,,,,,,Lateral Inspection,"___json[{""pathname"":""/Collected Media/map_2662324/layer_6728851/mdc_photo_mdc_ae1a49_cdv_photo_028_1754327824501.jpg"",""rid"":39594420,""lid"":""6728851"",""fid"":""966"",""field"":""site_photos"",""title"":""mdc_photo_mdc_ae1a49_cdv_photo_028_1754327824501.jpg"",""ext"":""jpg"",""panorama"":false,""isDir"":false}]",,TX,2025/08/04,,,,12:15,,2,N/A,,,,,,N/A,,,Push Camera,,,
CLIENT REVIEW,2025-06-03,,204,,QUINCY ST,COMMERCE ,,,,,,2025/06/03,2400,5TH AND RIVER,,,James Atwood,Michael Parrish,0,0,,,,TAP,END,,,,,,South,315.3,2.5,,,,315.3,,,,,,2025/06/03,LETS,2025/06/03,LETS,,Post,SCOTT.LOVELADY@ONEGAS.COM ,,36.9363,-94.8747,yes,1,1,,ROOTBALL POSSIBLE CAP / BELIVED TO BE GOING TO VACANT LOT,,One Gas,"___json[{""pathname"":""/Collected Media/map_2662324/layer_6728851/mdc_photo_mdc_5f06e5_cdv_photo_000_1748971508435.jpg"",""rid"":38764781,""lid"":""6728851"",""fid"":""807"",""field"":""photo_map"",""title"":""mdc_photo_mdc_5f06e5_cdv_photo_000_1748971508435.jpg"",""ext"":""jpg"",""panorama"":false,""isDir"":false}]",No,0406,CLIENT REVIEW,,,,,,,,VIDEO CLEAR OF CONFLICTS UNTIL END/ROOTBALL OR UNKONWN BLOCKAGE,,,2025/06/04,,,Katy Thompson,,,Pass,,,A,,,,,,,,,1,,,Lateral Inspection,,MH 302 N QUINCY ST ,OK,2025/06/03,,,North,12:19,,2,James Atwood,,,2025/06/03,,,2400 LETS,,,Lateral Launch,https://pioneer.sewerai.com/dashboard/review/1071aa86-8df1-4e15-aee8-286282d37ea7?t=5.436263&limit=30&offset=0&project=24PV0408+MESA+COUNTY-GATEWAY&ordering=-Inspection_Date&client_reviewed=false&inspection_datetime__gte=2025-06-03T00%3A00%3A00-05%3A00&inspection_datetime__lte=2025-06-03T23%3A59%3A59-05%3A00,,
COMPLETE NO BILL,2025-08-04,,1503 B COML W,,S Halen st,Monahans ,,,,,,2025/08/04,---------------------,15T Monaghan ,,,---------------------,---------------------,,,,,,,,,,,,,,,,,,,,,,,,,2025/08/04,PO,2025/08/04,PO,,Post,Z,,31.578,-102.897,,1,1,,"08/04/2025 
Christian E- Derek K
Truck5100 ",,One Gas,"___json[{""pathname"":""/Collected Media/map_2662324/layer_6728851/mdc_photo_mdc_376358_cdv_photo_001_1754325761293.jpg"",""rid"":39593753,""lid"":""6728851"",""fid"":""958"",""field"":""photo_map"",""title"":""mdc_photo_mdc_376358_cdv_photo_001_1754325761293.jpg"",""ext"":""jpg"",""panorama"":false,""isDir"":false},{""pathname"":""/Collected Media/map_2662324/layer_6728851/mdc_photo_mdc_8f79ac_cdv_photo_034_1754328356407.jpg"",""rid"":39594581,""lid"":""6728851"",""fid"":""958"",""field"":""photo_map"",""title"":""mdc_photo_mdc_8f79ac_cdv_photo_034_1754328356407.jpg"",""ext"":""jpg"",""panorama"":false,""isDir"":false}]",N/A,0723,COMPLETE NO BILL,,,,,,,,,,,,,,,,,,,,,,,,,,,,70,,,,Main Inspection,"___json[{""pathname"":""/Collected Media/map_2662324/layer_6728851/mdc_photo_mdc_6da068_cdv_photo_002_1754325761292.jpg"",""rid"":39593743,""lid"":""6728851"",""fid"":""958"",""field"":""site_photos"",""title"":""mdc_photo_mdc_6da068_cdv_photo_002_1754325761292.jpg"",""ext"":""jpg"",""panorama"":false,""isDir"":false},{""pathname"":""/Collected Media/map_2662324/layer_6728851/mdc_photo_mdc_539935_cdv_photo_003_1754325761293.jpg"",""rid"":39593744,""lid"":""6728851"",""fid"":""958"",""field"":""site_photos"",""title"":""mdc_photo_mdc_539935_cdv_photo_003_1754325761293.jpg"",""ext"":""jpg"",""panorama"":false,""isDir"":false},{""pathname"":""/Collected Media/map_2662324/layer_6728851/mdc_photo_mdc_b73d01_cdv_photo_004_1754325761293.jpg"",""rid"":39593745,""lid"":""6728851"",""fid"":""958"",""field"":""site_photos"",""title"":""mdc_photo_mdc_b73d01_cdv_photo_004_1754325761293.jpg"",""ext"":""jpg"",""panorama"":false,""isDir"":false},{""pathname"":""/Collected Media/map_2662324/layer_6728851/mdc_photo_mdc_a287d0_cdv_photo_005_1754325761293.jpg"",""rid"":39593746,""lid"":""6728851"",""fid"":""958"",""field"":""site_photos"",""title"":""mdc_photo_mdc_a287d0_cdv_photo_005_1754325761293.jpg"",""ext"":""jpg"",""panorama"":false,""isDir"":false},{""pathname"":""/Collected Media/map_2662324/layer_6728851/mdc_photo_mdc_964cc1_cdv_photo_006_1754325761293.jpg"",""rid"":39593747,""lid"":""6728851"",""fid"":""958"",""field"":""site_photos"",""title"":""mdc_photo_mdc_964cc1_cdv_photo_006_1754325761293.jpg"",""ext"":""jpg"",""panorama"":false,""isDir"":false},{""pathname"":""/Collected Media/map_2662324/layer_6728851/mdc_photo_mdc_01a74b_cdv_photo_007_1754325761293.jpg"",""rid"":39593748,""lid"":""6728851"",""fid"":""958"",""field"":""site_photos"",""title"":""mdc_photo_mdc_01a74b_cdv_photo_007_1754325761293.jpg"",""ext"":""jpg"",""panorama"":false,""isDir"":false},{""pathname"":""/Collected Media/map_2662324/layer_6728851/mdc_photo_mdc_3b1857_cdv_photo_008_1754325761293.jpg"",""rid"":39593749,""lid"":""6728851"",""fid"":""958"",""field"":""site_photos"",""title"":""mdc_photo_mdc_3b1857_cdv_photo_008_1754325761293.jpg"",""ext"":""jpg"",""panorama"":false,""isDir"":false},{""pathname"":""/Collected Media/map_2662324/layer_6728851/mdc_photo_mdc_5e50ae_cdv_photo_009_1754325761293.jpg"",""rid"":39593750,""lid"":""6728851"",""fid"":""958"",""field"":""site_photos"",""title"":""mdc_photo_mdc_5e50ae_cdv_photo_009_1754325761293.jpg"",""ext"":""jpg"",""panorama"":false,""isDir"":false},{""pathname"":""/Collected Media/map_2662324/layer_6728851/mdc_photo_mdc_6cdc3b_cdv_photo_010_1754325761293.jpg"",""rid"":39593751,""lid"":""6728851"",""fid"":""958"",""field"":""site_photos"",""title"":""mdc_photo_mdc_6cdc3b_cdv_photo_010_1754325761293.jpg"",""ext"":""jpg"",""panorama"":false,""isDir"":false},{""pathname"":""/Collected Media/map_2662324/layer_6728851/mdc_photo_mdc_eb8bba_cdv_photo_011_1754325761293.jpg"",""rid"":39593752,""lid"":""6728851"",""fid"":""958"",""field"":""site_photos"",""title"":""mdc_photo_mdc_eb8bba_cdv_photo_011_1754325761293.jpg"",""ext"":""jpg"",""panorama"":false,""isDir"":false}]",,TX,2025/08/04,,,,11:22,,2,N/A,,,,,,N/A,,,Push Camera,,,
COMPLETE NO BILL,2025-08-06,,7725,,Acapulco ,El paso,,,,,,2025/08/06,---------------------,Acapulco Ave El Paso tx ,,,---------------------,---------------------,0,,,,,End,,,,,,No,,55,,,,,,,,,,,2025/08/06,LETS,2025/08/06,LETS,,Post,Scott.lovelady@Onegas.com ,,31.7481,-106.358,yes,1,1,,"08/06/2025 Truck5100 
Lead - Christian E. Tech - Derek K. 

End @ 55
",,One Gas,,No,0723,COMPLETE NO BILL,,,,,,,,"NEED MAP AND SITE PHOTOS, VIDEO IS CLEAR",,,2025/10/07,,,Katy Thompson,,,Fail,,,A,,,,,,,,,1,,,Lateral Inspection,,,TX,2025/08/06,,,,16:56,,2,---------------------,,,2025/08/06,,,-----------------,,,Lateral Launch,https://pioneer.sewerai.com/dashboard/review/c2cc9f95-5f9e-4ec8-8957-0dfce724e7a4?t=2.530713&limit=30&offset=0&status=uploaded&client_reviewed=false&issues=false&project=25PV0406+ONE+GAS+&ordering=Inspection_Date,,
GAS LINE,2025-05-08,,409,,1ST AVE,HUTCHINSON ,,,,,,2025/05/08,,,,,,,,,,,,,,,,,,,,,,,,,,,,,,,,,,,,Post,,,38.0528,-97.9392,,,,,,,One Gas,,,0406,GAS LINE,,,,,,,,,,,,,,,,,,,,,,,,,,,,,,,,,,,KS,2025/05/08,,,West,11:30,,1,,,,,,,,,,,,,
GAS LINE,2025-05-09,,320,,ATHENIAN AVE,WICHITA ,,,,,,2025/05/09,,,,,,,,,,,,,,,,,,,,,,,,,,,,,,,,,,,,Post,,,37.6883,-97.3667,,,,,,,One Gas,,,0406,GAS LINE,,,,,,,,,,,,,,,,,,,,,,,,,,,,,,,,,,,KS,2025/05/09,,,North,08:38,,1,,,,,,,,,,,,,
GAS LINE,2025-05-08,,410,,SHERMAN ST,HUTCHINSON ,,,,,,2025/05/08,,,,,,,,,,,,,,,,,,,,,,,,,,,,,,,,,,,,Post,,,38.0528,-97.9392,,,,,,,One Gas,,,0406,GAS LINE,,,,,,,,,,,,,,,,,,,,,,,,,,,,,,,,,,,KS,2025/05/08,,,West,11:09,,1,,,,,,,,,,,,,
COMPLETE NO BILL,2025-08-08,,7606,,Kingsmen dr,El paso,,,,,,2025/08/08,---------------------,Kingmens dr,,,---------------------,---------------------,0,0.27,,,,End,GMI,,,,,No,,41,29,,,,,,,,,,2025/08/08,LETS,2025/08/08,LETS,,Post,Scott.lovelady@Onegas.com ,,31.7607,-106.363,yes,1,1,,"Truck5100 Lead - Christian E. Tech - Derek K.
Made it past GMI and up to foundation 
End @ 41 GMI @29 depth @ 0.27",,One Gas,"___json[{""pathname"":""/Collected Media/map_2662324/layer_6728851/mdc_photo_mdc_f7de5e_cdv_photo_037_1754670882425.jpg"",""rid"":39659906,""lid"":""6728851"",""fid"":""1148"",""field"":""photo_map"",""title"":""mdc_photo_mdc_f7de5e_cdv_photo_037_1754670882425.jpg"",""ext"":""jpg"",""panorama"":false,""isDir"":false}]",Yes,0723,COMPLETE NO BILL,,,,,,,,GMI IS CLEAR,,,2025/12/10,,,Katy Thompson,,,Pass,,,A,B,,,,,,,,1,,,Lateral Inspection,"___json[{""pathname"":""/Collected Media/map_2662324/layer_6728851/mdc_photo_mdc_113323_cdv_photo_038_1754670882425.jpg"",""rid"":39659903,""lid"":""6728851"",""fid"":""1148"",""field"":""site_photos"",""title"":""mdc_photo_mdc_113323_cdv_photo_038_1754670882425.jpg"",""ext"":""jpg"",""panorama"":false,""isDir"":false},{""pathname"":""/Collected Media/map_2662324/layer_6728851/mdc_photo_mdc_6bc64e_cdv_photo_039_1754670882425.jpg"",""rid"":39659904,""lid"":""6728851"",""fid"":""1148"",""field"":""site_photos"",""title"":""mdc_photo_mdc_6bc64e_cdv_photo_039_1754670882425.jpg"",""ext"":""jpg"",""panorama"":false,""isDir"":false},{""pathname"":""/Collected Media/map_2662324/layer_6728851/mdc_photo_mdc_4aa1b3_cdv_photo_040_1754670882425.jpg"",""rid"":39659905,""lid"":""6728851"",""fid"":""1148"",""field"":""site_photos"",""title"":""mdc_photo_mdc_4aa1b3_cdv_photo_040_1754670882425.jpg"",""ext"":""jpg"",""panorama"":false,""isDir"":false}]",,TX,2025/08/08,,,,09:01,,2,---------------------,,,2025/08/08,,,-----------------,,,Lateral Launch,https://pioneer.sewerai.com/dashboard/review/cf447068-e0b5-41b6-bf0f-07cbb3107dd5?t=1.25942&limit=30&offset=0&status=uploaded&client_reviewed=false&issues=false&ordering=-Inspection_Date&project=25PV0406+ONE+GAS+,,
GAS LINE,2025-05-08,,413,,1ST AVE,HUTCHINSON ,,,,,,2025/05/08,,,,,,,,,,,,,,,,,,,,,,,,,,,,,,,,,,,,Post,,,38.0528,-97.9393,,,,,,,One Gas,,,0406,GAS LINE,,,,,,,,,,,,,,,,,,,,,,,,,,,,,,,,,,,KS,2025/05/08,,,West,11:59,,1,,,,,,,,,,,,,
RECON,2025-06-05,,,,,COMMERCE,,,,,,,,5TH AND RIVER,,,N/A,,,,,,,,,,,,,,,,,,,,,,,,,,,,,,,Post,SCOTT.LOVELADY@ONEGAS.COM ,,36.9384,-94.8743,,,,,,,One Gas,,N/A,0406,RECON,,,,,,,,,,,,,,,,,,,,,,,,,,,,,,,,Main Inspection,,,OK,2025/06/05,,,,,,2,N/A,,,,,,N/A,,,,,,
COMPLETE NO BILL,2025-08-04,, 800,,W 15TH ST,Monahans ,,,,,,2025/08/04,---------------------,15TH ST Monaghan,,,---------------------,---------------------,,,,,,,,,,,,,,,,,,,,,,,,,2025/08/04,PO,2025/08/04,PO,,Post,Z ,,31.5779,-102.897,,,,,,,One Gas,"___json[{""pathname"":""/Collected Media/map_2662324/layer_6728851/mdc_photo_mdc_199a95_cdv_photo_033_1754327976454.jpg"",""rid"":39594475,""lid"":""6728851"",""fid"":""967"",""field"":""photo_map"",""title"":""mdc_photo_mdc_199a95_cdv_photo_033_1754327976454.jpg"",""ext"":""jpg"",""panorama"":false,""isDir"":false}]",N/A,0723,COMPLETE NO BILL,,,,,,,,,,,,,,,,,,,,,,,,,,,,,,,,Lateral Inspection,"___json[{""pathname"":""/Collected Media/map_2662324/layer_6728851/mdc_photo_mdc_00c00d_cdv_photo_032_1754327976454.jpg"",""rid"":39594474,""lid"":""6728851"",""fid"":""967"",""field"":""site_photos"",""title"":""mdc_photo_mdc_00c00d_cdv_photo_032_1754327976454.jpg"",""ext"":""jpg"",""panorama"":false,""isDir"":false}]",,TX,2025/08/04,,,,12:18,,2,N/A,,,,,,N/A,,,Push Camera,,,
COMPLETE,2025-09-08,,MH 310 W EXCELSIOR AVE ,,W EXCELSIOR AVE,VINITA ,,,,,,2025/09/08,2400,K & 3 STNW ,,,James Atwood,Michael Parrish,0,75,0,,,START,GMI,END,,,,,,0,183.7,189.3,,,,,,,TO ML EAST,,2025/09/08,LETS,2025/09/08,LETS,,Post,SCOTT.LOVELADY@ONEGAS.COM ,,36.6326,-95.1619,yes,1,1,,NO CONFLICT,,One Gas,"___json[{""pathname"":""/Collected Media/map_2662324/layer_6728851/mdc_photo_mdc_d29c21_cdv_photo_003_1757598331730.jpg"",""rid"":40115950,""lid"":""6728851"",""fid"":""1171"",""field"":""photo_map"",""title"":""mdc_photo_mdc_d29c21_cdv_photo_003_1757598331730.jpg"",""ext"":""jpg"",""panorama"":false,""isDir"":false}]",Yes,0406,COMPLETE,,,,,,,,VIDEO IS CLEAR,,,2025/09/11,,,Katy Thompson,,,Pass,,,A,B,,,,,,,189.3,,,189.3,Main Inspection,"___json[{""pathname"":""/Collected Media/map_2662324/layer_6728851/mdc_photo_mdc_1f31ab_cdv_photo_000_1757358076789.jpg"",""rid"":40077212,""lid"":""6728851"",""fid"":""1171"",""field"":""site_photos"",""title"":""mdc_photo_mdc_1f31ab_cdv_photo_000_1757358076789.jpg"",""ext"":""jpg"",""panorama"":false,""isDir"":false}]",MH 310 W EXCELSIOR AVE ,OK,2025/09/08,,,West,13:56,TO ML EAST,2,James Atwood,,,2025/09/08,,,2400 LETS,,,CCTV,https://pioneer.sewerai.com/dashboard/review/1443ce99-ebad-4ad6-a8c0-42c1c8ffe815?t=0&limit=30&offset=0&status=uploaded&issues=false&project=25PV0406+ONE+GAS+&ordering=Inspection_Date&client_reviewed=false,,
GAS LINE,2025-05-08,,414,,SHERMAN ST,HUTCHINSON ,,,,,,2025/05/08,,,,,,,,,,,,,,,,,,,,,,,,,,,,,,,,,,,,Post,,,38.0528,-97.9393,,,,,,,One Gas,,,0406,GAS LINE,,,,,,,,,,,,,,,,,,,,,,,,,,,,,,,,,,,KS,2025/05/08,,,West,12:51,,1,,,,,,,,,,,,,
COMPLETE,2025-05-06,,300,,SW ORCHARD ST,TOPEKA ,,,,,,2025/05/06,2400,PW-24R2-TOPEKA-2ND AND ORCHARD ,,,Edgar Atwood,Michael Parrish,0,62,0,,,TAP,GMI,END,,,,,South,1.4,6.8,57.2,,,1.4,,,,,,2025/05/06,LETS,2025/05/06,LETS,,Post,SCOTT.LOVELADY@ONEGAS.COM ,,39.0613,-95.7034,yes,1,1,,,,One Gas,"___json[{""pathname"":""/Collected Media/map_2662324/layer_6728851/mdc_photo_mdc_a6c7e6_cdv_photo_000_1746548990817.jpg"",""rid"":38452027,""lid"":""6728851"",""fid"":""603"",""field"":""photo_map"",""title"":""mdc_photo_mdc_a6c7e6_cdv_photo_000_1746548990817.jpg"",""ext"":""jpg"",""panorama"":false,""isDir"":false}]",Yes,0406,COMPLETE,,,,,,,,GMI IS CLEAR,,,2025/05/08,,,Katy Thompson,,,Pass,,,A,B,,,,,,,,1,,,Lateral Inspection,"___json[{""pathname"":""/Collected Media/map_2662324/layer_6728851/mdc_photo_mdc_4ee2e8_cdv_photo_000_1746548791489.jpg"",""rid"":38451968,""lid"":""6728851"",""fid"":""603"",""field"":""site_photos"",""title"":""mdc_photo_mdc_4ee2e8_cdv_photo_000_1746548791489.jpg"",""ext"":""jpg"",""panorama"":false,""isDir"":false}]",MH 300 SW ORCHARD ST,KS,2025/05/06,,,,11:20,,2,Edgar Atwood,,,2025/05/06,,,2400 LETS,,,Lateral Launch,https://pioneer.sewerai.com/dashboard/review/a92edd44-e428-4e45-9579-4d265803d8c4?t=8.532692&limit=30&offset=0&project=25PV0406+ONE+GAS+&ordering=Inspection_Date&client_reviewed=false,,
COMPLETE,2025-05-07,,216/216,,SW TERRA DR ,TOPEKA ,,,,,,2025/05/07,1800,PW-24R3-TOPEKA-SW SANNEMAN AND TERRA DR-CWO-5/31/25 ,,,Eric Zerr,Carter Pacheco,57,36,37,28,25,TAP,12T,GMI,END,CO,,No,West,72,60.7,63.7,100.7,0,72,,,,,"REFERENCE 6- 30.0,END,27.",2025/05/07,LETS,2025/05/07,LETS,,Post,SCOTT.LOVELADY@ONEGAS.COM ,1,38.9784,-95.685,yes,2,2,,,,One Gas,,Yes,0406,COMPLETE,,,,,,,,END INSPECTION HERE AT 3OCLOCK BEND ,NO CONFLICTS,,2025/05/07,2025/10/07,,Katy Thompson,Katy Thompson,,Pass,Pass,,A,B,C,D,E,,,,,1,,,Lateral Inspection,,MH 213 SW TERRA DR  ,KS,2025/05/07,,,South,10:38,A,2,Eric Zerr,Eric Zerr,,2025/05/07,2025/05/07,,1800 LETS,1800 PO,,Lateral Launch,https://pioneer.sewerai.com/dashboard/review/16805603-921c-4e16-b896-3e39aae075ba?t=4.014297&limit=30&offset=0&project=25PV0406+ONE+GAS+&client_reviewed=false,https://pipeviewamerica.sharefile.com/d-s2528274b56034c9b9c0e158b1ca7e78b,
GAS LINE,2025-06-05,,,,,COMMERCE,,,,,,,,,,,,,,,,,,,,,,,,,,,,,,,,,,,,,,,,,,Post,,,36.9384,-94.8743,,,,,,,One Gas,,,0406,GAS LINE,,,,,,,,,,,,,,,,,,,,,,,,,,,,,,,,,,,OK,2025/06/05,,,,,,1,,,,,,,,,,,,,
COMPLETE NO BILL,2025-08-04,,1503 E CO ML W,,Halen Ave,Monahans ,,,,,,2025/08/04,---------------------,15TH ST Monaghan ,,,---------------------,---------------------,0,,,,,End,,,,,,No,,30,,,,,,,,,,,2025/08/04,PO,2025/08/04,PO,,Post,Z,,31.578,-102.897,yes,1,1,,"08/04/2025 
Truck5100
Christian E- Derek K
",,One Gas,"___json[{""pathname"":""/Collected Media/map_2662324/layer_6728851/mdc_photo_mdc_fbb331_cdv_photo_039_1754331997078.jpg"",""rid"":39595732,""lid"":""6728851"",""fid"":""968"",""field"":""photo_map"",""title"":""mdc_photo_mdc_fbb331_cdv_photo_039_1754331997078.jpg"",""ext"":""jpg"",""panorama"":false,""isDir"":false}]",N/A,0723,COMPLETE NO BILL,,,,,,,,,,,,,,,,,,,,A,,,,,,,,,,,,Main Inspection,"___json[{""pathname"":""/Collected Media/map_2662324/layer_6728851/mdc_photo_mdc_bab6a2_cdv_photo_035_1754331997078.jpg"",""rid"":39595728,""lid"":""6728851"",""fid"":""968"",""field"":""site_photos"",""title"":""mdc_photo_mdc_bab6a2_cdv_photo_035_1754331997078.jpg"",""ext"":""jpg"",""panorama"":false,""isDir"":false},{""pathname"":""/Collected Media/map_2662324/layer_6728851/mdc_photo_mdc_bd27fd_cdv_photo_036_1754331997078.jpg"",""rid"":39595729,""lid"":""6728851"",""fid"":""968"",""field"":""site_photos"",""title"":""mdc_photo_mdc_bd27fd_cdv_photo_036_1754331997078.jpg"",""ext"":""jpg"",""panorama"":false,""isDir"":false},{""pathname"":""/Collected Media/map_2662324/layer_6728851/mdc_photo_mdc_6a6371_cdv_photo_037_1754331997078.jpg"",""rid"":39595730,""lid"":""6728851"",""fid"":""968"",""field"":""site_photos"",""title"":""mdc_photo_mdc_6a6371_cdv_photo_037_1754331997078.jpg"",""ext"":""jpg"",""panorama"":false,""isDir"":false},{""pathname"":""/Collected Media/map_2662324/layer_6728851/mdc_photo_mdc_c05f59_cdv_photo_038_1754331997078.jpg"",""rid"":39595731,""lid"":""6728851"",""fid"":""968"",""field"":""site_photos"",""title"":""mdc_photo_mdc_c05f59_cdv_photo_038_1754331997078.jpg"",""ext"":""jpg"",""panorama"":false,""isDir"":false}]",,TX,2025/08/04,,,,13:21,,2,N/A,,,,,,N/A,,,Push Camera,,,
GAS LINE,2025-06-04,,,,MERCHANT ST,OSWEGO ,,,,,,2025/06/04,,,,,,,,,,,,,,,,,,,,,,,,,,,,,,,,,,,,Post,,,37.1637,-95.1081,,,,,,,One Gas,,,0406,GAS LINE,,,,,,,,,,,,,,,,,,,,,,,,,,,,,,,,,,,KS,2025/06/04,,,,08:52,,1,,,,,,,,,,,,,
CLIENT REVIEW,2025-09-11,,907,,5TH AVE NW,MIAMI ,,,,,,2025/09/11,2400,K ST NW/3 AVE NW ,,,James Atwood,Michael Parrish,0,0,,,,TAP,END,,,,,,North,167.5,8.9,,,,167.5,,,,,,2025/09/11,LETS,2025/09/11,LETS,,Post,SCOTT.LOVELADY@ONEGAS.COM ,,36.8801,-94.888,yes,1,1,,OFFSET RUNS PARALLEL TO GAS,,One Gas,"___json[{""pathname"":""/Collected Media/map_2662324/layer_6728851/mdc_photo_mdc_2b8f70_cdv_photo_026_1757619740000.jpg"",""rid"":40119989,""lid"":""6728851"",""fid"":""1304"",""field"":""photo_map"",""title"":""mdc_photo_mdc_2b8f70_cdv_photo_026_1757619740000.jpg"",""ext"":""jpg"",""panorama"":false,""isDir"":false}]",No,0406,CLIENT REVIEW,,,,,Fail,,,"I DONT THINK I CAN PASS THIS, NOT SURE HOW FAR WE NEED TO RUN, NO NOTES ABOUT GMI",,,2025/09/17,,,Charlton Moren,,,,,,A,B,,,,,,,,1,,,Lateral Inspection,,MH 327 I ST NW ,OK,2025/09/11,,,,14:38,,2,James Atwood,,,2025/09/11,,,2400 LETS,,,Lateral Launch,https://pioneer.sewerai.com/dashboard/review/86a9137b-1e7f-432e-8364-a3ed19c949bf?t=0&limit=30&offset=0&status=uploaded&client_reviewed=false&issues=false&ordering=-Inspection_Date&project=25PV0406+ONE+GAS+,,
GAS LINE,2025-05-08,,416,,SHERMAN ST,HUTCHINSON ,,,,,,2025/05/08,,,,,,,,,,,,,,,,,,,,,,,,,,,,,,,,,,,,Post,,,38.0528,-97.9392,,,,,,,One Gas,,,0406,GAS LINE,,,,,,,,,,,,,,,,,,,,,,,,,,,,,,,,,,,KS,2025/05/08,,,West,13:43,,1,,,,,,,,,,,,,
GAS LINE,2025-06-03,,,,,COMMERCE ,,,,,,2025/06/03,,,,,,,,,,,,,,,,,,,,,,,,,,,,,,,,,,,,Post,,,36.9352,-94.8747,,,,,,,One Gas,,,0406,GAS LINE,,,,,,,,,,,,,,,,,,,,,,,,,,,,,,,,,,,OK,2025/06/03,,,,14:48,,1,,,,,,,,,,,,,
GAS LINE,2025-06-04,,,,,OSWEGO ,,,,,,2025/06/04,,,,,,,,,,,,,,,,,,,,,,,,,,,,,,,,,,,,Post,,,37.1639,-95.1081,,,,,,,One Gas,,,0406,GAS LINE,,,,,,,,,,,,,,,,,,,,,,,,,,,,,,,,,,,KS,2025/06/04,,,,08:54,,1,,,,,,,,,,,,,
OFFICE REVIEW,2025-05-08,,410,,AVENUE A,HUTCHINSON,,,,,,2025/05/08,1800,PW-23R3-HUTCHINSON-SHERMAN AND MADISON ,,,Edgar Atwood,Tiffanie Gibson,32,,,,,TAP,END,,,,,,West,171.6,1,,,,171.6,,,,,,2025/05/08,LETS,2025/05/08,LETS,,Post,SCOTT.LOVELADY@ONEGAS.COM ,1,38.0516,-97.9394,yes,1,1,,ENDED UNKNOWN BLOCKAGE,,One Gas,,Yes,0406,OFFICE REVIEW,,,,,,,,VIDEO IS CLEAR UNTIL UNKOWN BLOCKAGE ,,,2025/05/14,,,Katy Thompson,,,Pass,,,A,,,,,,,,,1,,,Lateral Inspection,,401 W SHERMAN ST,KS,2025/05/08,,,West,13:14,A,2,Eric Zerr,,,2025/05/08,,,1800 LETS,,,Lateral Launch,https://pioneer.sewerai.com/dashboard/review/a37ef346-837b-471e-a94d-4df52f9b5e4a?t=1&limit=30&offset=0&project=25PV0406+ONE+GAS+&ordering=Lateral_Segment_Reference&surveyed_by=ERIC+ZERR&client_reviewed=false,,
OFFICE REVIEW,2025-05-08,,416,,SHERMAN ST,HUTCHINSON ,,,,,,2025/05/08,2400,PW-23R3-HUTCHINSON-SHERMAN AND MADISON ,,,Edgar Atwood,Michael Parrish,0,23,0,,,TAP,GMI,END,,,,,West,248.3,6.1,24.1,,,248.3,,,,,ENDED AT ROOTBALL,2025/05/08,LETS,2025/05/08,LETS,,Post,SCOTT.LOVELADY@ONEGAS.COM ,,38.0528,-97.9392,yes,1,1,,,,One Gas,"___json[{""pathname"":""/Collected Media/map_2662324/layer_6728851/mdc_photo_mdc_c5e205_cdv_photo_001_1746729888809.jpg"",""rid"":38483714,""lid"":""6728851"",""fid"":""720"",""field"":""photo_map"",""title"":""mdc_photo_mdc_c5e205_cdv_photo_001_1746729888809.jpg"",""ext"":""jpg"",""panorama"":false,""isDir"":false}]",Yes,0406,OFFICE REVIEW,,,,,,,,"0'-5', CLEAR ON PULLBACK",,,2025/05/16,,,Katy Thompson,,,Pass,,,A,B,,,,,,,,1,,,Lateral Inspection,"___json[{""pathname"":""/Collected Media/map_2662324/layer_6728851/mdc_photo_mdc_6a4480_cdv_photo_000_1746729744208.jpg"",""rid"":38483606,""lid"":""6728851"",""fid"":""720"",""field"":""site_photos"",""title"":""mdc_photo_mdc_6a4480_cdv_photo_000_1746729744208.jpg"",""ext"":""jpg"",""panorama"":false,""isDir"":false}]",MH 400 W SHERMAN ST ,KS,2025/05/08,,,West,13:38,,2,Edgar Atwood,,,2025/05/08,,,2400 LETS,,,Lateral Launch,https://pioneer.sewerai.com/dashboard/review/6cec820d-4cf1-4e50-95eb-faf068695a8b?t=1.339922&limit=30&offset=0&project=25PV0406+ONE+GAS+&client_reviewed=false,,
PO,2025-06-03,,201,,RIVER ST,COMMERCE ,,,,,,2025/06/03,2400,5TH AND RIVER,,,James Atwood,Michael Parrish,0,0,,,,TAP,END,,,,,,South,402.7,31.3,,,,402.7,,,,,,2025/06/03,LETS,2025/06/03,LETS,,Post,SCOTT.LOVELADY@ONEGAS.COM ,,36.9363,-94.8747,yes,1,1,,ORANGE BURG DEFORMED PIPE,,One Gas,"___json[{""pathname"":""/Collected Media/map_2662324/layer_6728851/mdc_photo_mdc_70a397_cdv_photo_000_1748981410528.jpg"",""rid"":38766503,""lid"":""6728851"",""fid"":""815"",""field"":""photo_map"",""title"":""mdc_photo_mdc_70a397_cdv_photo_000_1748981410528.jpg"",""ext"":""jpg"",""panorama"":false,""isDir"":false}]",No,0406,PO,,,,,,,,"OBJECT @ 2.3' UNKNOWN, BUT APPEARS TO BE A SCREWDRIVER, DEFORMED ORANGEBURG @ 31.3', VIDEO IS CLEAR",,,2025/06/04,,,Katy Thompson,,,Pass,,,A,B,,,,,,,,1,,,Lateral Inspection,,MH 302 N QUINCY ST ,OK,2025/06/03,,,North,15:04,,2,James Atwood,,,2025/06/03,,,2400 LETS,,,Lateral Launch,https://pioneer.sewerai.com/dashboard/review/3eb963b6-a42b-4d36-9e2a-796b205d4840?t=6.052654&limit=30&offset=0&project=24PV0408+MESA+COUNTY-GATEWAY&ordering=-Inspection_Date&client_reviewed=false&inspection_datetime__gte=2025-06-03T00%3A00%3A00-05%3A00&inspection_datetime__lte=2025-06-03T23%3A59%3A59-05%3A00,,
GAS LINE,2025-08-07,,100,,Manor Pl,El Paso,,,,,,2025/08/07,,,,,,,,,,,,,,,,,,,,,,,,,,,,,,,,,,,,Post,,,31.746,-106.386,,,,,,,One Gas,,,0723,GAS LINE,,,,,,,,,,,,,,,,,,,,,,,,,,,,,,,,,,,TX,2025/08/07,,,,08:52,Gas Main,1,,,,,,,,,,,,,
GAS LINE,2025-08-08,,,,,,,,,,,2025/08/08,,,,,,,,,,,,,,,,,,,,,,,,,,,,,,,,,,,,Post,,,31.7611,-106.363,,,,,,,One Gas,,,0723,GAS LINE,,,,,,,,,,,,,,,,,,,,,,,,,,,,,,,,,,,,2025/08/08,,,,10:27,,1,,,,,,,,,,,,,
COMPLETE NO BILL,2025-08-07,,101,,Manor Pl,El Paso,,,,,,2025/08/07,---------------------,Manor Pl El Paso,,,---------------------,---------------------,0,,,,,End,,,,,,No,,14,,,,,,,,,,,2025/08/07,LETS,2025/08/07,LETS,,Post,Scott.lovelady@Onegas.com ,,31.7443,-106.387,yes,1,1,,"08/07/2025 Truck5100 
Lead - Christian E. Tech - Derek K. 

House did get a service property is complete and clear. No crossings. Will get picture lf tap before we leave. Tap is under the LETS truck.",,One Gas,"___json[{""pathname"":""/Collected Media/map_2662324/layer_6728851/mdc_photo_mdc_141faa_cdv_photo_000_1754598570714.jpg"",""rid"":39648441,""lid"":""6728851"",""fid"":""1086"",""field"":""photo_map"",""title"":""mdc_photo_mdc_141faa_cdv_photo_000_1754598570714.jpg"",""ext"":""jpg"",""panorama"":false,""isDir"":false}]",Yes,0723,COMPLETE NO BILL,THERE ARE NO CONFLICTS OR CROSSINGS.,,,Katy Thompson,Pass,,,"DIDNT MAKE IT TO FOUNDATION, MIGHT BE WAITING ON PO VIDEO?",,,2025/08/14,,,Charlton Moren,,,Pass,,,A,,,,,,,,,1,,,Lateral Inspection,"___json[{""pathname"":""/Collected Media/map_2662324/layer_6728851/mdc_photo_mdc_a409e5_cdv_photo_030_1754664392310.jpg"",""rid"":39658069,""lid"":""6728851"",""fid"":""1086"",""field"":""site_photos"",""title"":""mdc_photo_mdc_a409e5_cdv_photo_030_1754664392310.jpg"",""ext"":""jpg"",""panorama"":false,""isDir"":false},{""pathname"":""/Collected Media/map_2662324/layer_6728851/mdc_photo_mdc_05f5a8_cdv_photo_031_1754664392310.jpg"",""rid"":39658070,""lid"":""6728851"",""fid"":""1086"",""field"":""site_photos"",""title"":""mdc_photo_mdc_05f5a8_cdv_photo_031_1754664392310.jpg"",""ext"":""jpg"",""panorama"":false,""isDir"":false}]",,TX,2025/08/07,,,,14:24,,2,---------------------,,,2025/08/07,,,-----------------,,,Lateral Launch,https://pioneer.sewerai.com/dashboard/review/fd6f2fce-3e89-4903-8a2e-093bd94650d4?t=0&limit=30&offset=0&inspection_datetime__lte=2025-08-12T23%3A59%3A59-05%3A00&status=uploaded&client_reviewed=false&ordering=-Inspection_Date&issues=false&project=25PV0406+ONE+GAS+,,
GAS LINE,2025-05-08,,418,,SHERMAN ST,HUTCHINSON ,,,,,,2025/05/08,,,,,,,,,,,,,,,,,,,,,,,,,,,,,,,,,,,,Post,,,38.0528,-97.9393,,,,,,,One Gas,,,0406,GAS LINE,,,,,,,,,,,,,,,,,,,,,,,,,,,,,,,,,,,KS,2025/05/08,,,West,14:39,,1,,,,,,,,,,,,,
COMPLETE,2025-06-06,,17501 ,,98TH ST ,LENEXA ,,,,,,2025/06/06,1800,VISTA VILLAGE (PRAIRIE STAR PKWY/RIDGEVIEW) ,,,Eric Zerr,Carter Pacheco,0,97,,,,TAP,END/GMI,,,,,No,South,310.6,33.8,,,,310.6,,,,,,2025/06/06,LETS,2025/06/06,LETS,,Post,SCOTT.LOVELADY@ONEGAS.COM ,,38.9548,-94.7909,yes,1,1,,,,One Gas,"___json[{""pathname"":""/Collected Media/map_2662324/layer_6728851/mdc_photo_mdc_56e398_cdv_photo_004_1749238463584.jpg"",""rid"":38810406,""lid"":""6728851"",""fid"":""955"",""field"":""photo_map"",""title"":""mdc_photo_mdc_56e398_cdv_photo_004_1749238463584.jpg"",""ext"":""jpg"",""panorama"":false,""isDir"":false}]",Yes,0403,COMPLETE,,,,,,,,,,,2025/06/12,,,Katy Thompson,,,Pass,,,A,B,,,,,,,,1,,,Lateral Inspection,"___json[{""pathname"":""/Collected Media/map_2662324/layer_6728851/mdc_photo_mdc_4cd285_cdv_photo_005_1749238463584.jpg"",""rid"":38810405,""lid"":""6728851"",""fid"":""955"",""field"":""site_photos"",""title"":""mdc_photo_mdc_4cd285_cdv_photo_005_1749238463584.jpg"",""ext"":""jpg"",""panorama"":false,""isDir"":false}]",MH 17501 W 98TH ST ,KS,2025/06/06,,,West,14:28,N,2,Edgar Atwood,,,2025/06/06,,,1800 LETS,,,Lateral Launch,https://pioneer.sewerai.com/dashboard/review/01efd234-8ba1-4e64-a101-4ffbf1bd193a?t=0&limit=30&offset=0&project=24PV0408+MESA+COUNTY-GATEWAY&ordering=-Inspection_Date&status=uploaded&client_reviewed=false,,
COMPLETE,2025-06-05,,17551,,PRAIRIE STAR PKWY ,LENEXA ,,,,,,2025/06/05,1800,VISTA VILLAGE (PRAIRIE STAR PKWY/RIDGEVIEW) ,,,Eric Zerr,Carter Pacheco,0,0,,,,TAP,END,,,,,No,North,193.9,13.7,,,,193.9,,,,,,2025/06/05,LETS,2025/06/05,LETS,,Post,SCOTT.LOVELADY@ONEGAS.COM ,,38.9536,-94.7924,yes,1,1,,LINE IS CAPPED JUST BEFORE THE GAS.,,One Gas,"___json[{""pathname"":""/Collected Media/map_2662324/layer_6728851/mdc_photo_mdc_8904dc_cdv_photo_005_1749158238968.jpg"",""rid"":38798467,""lid"":""6728851"",""fid"":""917"",""field"":""photo_map"",""title"":""mdc_photo_mdc_8904dc_cdv_photo_005_1749158238968.jpg"",""ext"":""jpg"",""panorama"":false,""isDir"":false}]",Yes,0403,COMPLETE,,,,,,,,,,,2025/06/06,,,Katy Thompson,,,Pass,,,A,B,,,,,,,,1,,,Lateral Inspection,,MH 17551 PRAIRIE STAR PKWY ,KS,2025/06/05,,,,16:12,H,2,Eric Zerr,,,2025/06/05,,,1800 LETS,,,Lateral Launch,https://pioneer.sewerai.com/dashboard/review/e0ea8037-931b-4347-9421-e9524f034668?t=1.806601&limit=30&offset=0&project=24PV0408+MESA+COUNTY-GATEWAY&ordering=-Inspection_Date&client_reviewed=false&city=LENEXA,,
GAS LINE,2025-06-05,,,,,COMMERCE,,,,,,,,,,,,,,,,,,,,,,,,,,,,,,,,,,,,,,,,,,Post,,,36.9375,-94.8748,,,,,,,One Gas,,,0406,GAS LINE,,,,,,,,,,,,,,,,,,,,,,,,,,,,,,,,,,,OK,2025/06/05,,,,,,1,,,,,,,,,,,,,
COMPLETE NO BILL,2025-08-05,,503 MH ML W,,15th ST,Monahans ,,,,,,2025/08/05,---------------------,15TH ST Monaghan  ,,,---------------------,---------------------,,,,,,End/ MH,MH,MH,MH,,,No,,1175,1016,1013,402,,,,,,,,2025/08/05,LETS,2025/08/05,LETS,,Post,Z,,31.5797,-102.893,yes,1,1,,"08/05/2025 
Truck5100
Christian E- Derek K
Went all the way out to 1175 went past 3 MH one MH is buried a little ways from the apartment complexs. This section of main heading West is clear.
",,One Gas,"___json[{""pathname"":""/Collected Media/map_2662324/layer_6728851/mdc_photo_mdc_e8859c_cdv_photo_033_1754406937890.jpg"",""rid"":39609351,""lid"":""6728851"",""fid"":""998"",""field"":""photo_map"",""title"":""mdc_photo_mdc_e8859c_cdv_photo_033_1754406937890.jpg"",""ext"":""jpg"",""panorama"":false,""isDir"":false}]",No,0723,COMPLETE NO BILL,,,,,Fail,,,LOTS OF WATER IN THE MAIN NOT A CLEAR VISUAL ALL THE WAY,,,2025/10/01,,,Katy Thompson,,,Fail,,,A,,,,,,,,1175,,,1175,Main Inspection,"___json[{""pathname"":""/Collected Media/map_2662324/layer_6728851/mdc_photo_mdc_7c7a8c_cdv_photo_026_1754406937890.jpg"",""rid"":39609344,""lid"":""6728851"",""fid"":""998"",""field"":""site_photos"",""title"":""mdc_photo_mdc_7c7a8c_cdv_photo_026_1754406937890.jpg"",""ext"":""jpg"",""panorama"":false,""isDir"":false},{""pathname"":""/Collected Media/map_2662324/layer_6728851/mdc_photo_mdc_6379e1_cdv_photo_027_1754406937890.jpg"",""rid"":39609345,""lid"":""6728851"",""fid"":""998"",""field"":""site_photos"",""title"":""mdc_photo_mdc_6379e1_cdv_photo_027_1754406937890.jpg"",""ext"":""jpg"",""panorama"":false,""isDir"":false},{""pathname"":""/Collected Media/map_2662324/layer_6728851/mdc_photo_mdc_cb6da2_cdv_photo_028_1754406937890.jpg"",""rid"":39609346,""lid"":""6728851"",""fid"":""998"",""field"":""site_photos"",""title"":""mdc_photo_mdc_cb6da2_cdv_photo_028_1754406937890.jpg"",""ext"":""jpg"",""panorama"":false,""isDir"":false},{""pathname"":""/Collected Media/map_2662324/layer_6728851/mdc_photo_mdc_38a900_cdv_photo_029_1754406937890.jpg"",""rid"":39609347,""lid"":""6728851"",""fid"":""998"",""field"":""site_photos"",""title"":""mdc_photo_mdc_38a900_cdv_photo_029_1754406937890.jpg"",""ext"":""jpg"",""panorama"":false,""isDir"":false},{""pathname"":""/Collected Media/map_2662324/layer_6728851/mdc_photo_mdc_b74c5d_cdv_photo_030_1754406937890.jpg"",""rid"":39609348,""lid"":""6728851"",""fid"":""998"",""field"":""site_photos"",""title"":""mdc_photo_mdc_b74c5d_cdv_photo_030_1754406937890.jpg"",""ext"":""jpg"",""panorama"":false,""isDir"":false},{""pathname"":""/Collected Media/map_2662324/layer_6728851/mdc_photo_mdc_dd92c5_cdv_photo_031_1754406937890.jpg"",""rid"":39609349,""lid"":""6728851"",""fid"":""998"",""field"":""site_photos"",""title"":""mdc_photo_mdc_dd92c5_cdv_photo_031_1754406937890.jpg"",""ext"":""jpg"",""panorama"":false,""isDir"":false},{""pathname"":""/Collected Media/map_2662324/layer_6728851/mdc_photo_mdc_c216d2_cdv_photo_032_1754406937890.jpg"",""rid"":39609350,""lid"":""6728851"",""fid"":""998"",""field"":""site_photos"",""title"":""mdc_photo_mdc_c216d2_cdv_photo_032_1754406937890.jpg"",""ext"":""jpg"",""panorama"":false,""isDir"":false}]",,TX,2025/08/05,,,,10:07,,2,N/A,,,2025/08/04,,,N/A,,,Lateral Launch,https://pioneer.sewerai.com/dashboard/review/b2545930-1400-4854-b34f-de2f89798a67?t=7.609921&limit=30&offset=30&status=uploaded&client_reviewed=false&issues=false&ordering=-Inspection_Date&project=25PV0406+ONE+GAS+,,
COMPLETE NO BILL,2025-08-04,,1505 B,,Halen St,Monahans ,,,,,,2025/08/04,---------------------,15Th ST Monaghan ,,,---------------------,---------------------,0,,,,,End,,,,,,No,,65,,,,,,,,,,,2025/08/04,PO,2025/08/04,PO,,Post,Z,1,31.578,-102.897,yes,1,1,,"08/04/2025 
Truck5100
Christian E- Derek K",,One Gas,"___json[{""pathname"":""/Collected Media/map_2662324/layer_6728851/mdc_photo_mdc_5c1cf5_cdv_photo_000_1754332892752.jpg"",""rid"":39595879,""lid"":""6728851"",""fid"":""969"",""field"":""photo_map"",""title"":""mdc_photo_mdc_5c1cf5_cdv_photo_000_1754332892752.jpg"",""ext"":""jpg"",""panorama"":false,""isDir"":false}]",N/A,0723,COMPLETE NO BILL,,,,,,,,,,,,,,,,,,,,A,,,,,,,,,,,,Lateral Inspection,"___json[{""pathname"":""/Collected Media/map_2662324/layer_6728851/mdc_photo_mdc_a36964_cdv_photo_001_1754332892752.jpg"",""rid"":39595877,""lid"":""6728851"",""fid"":""969"",""field"":""site_photos"",""title"":""mdc_photo_mdc_a36964_cdv_photo_001_1754332892752.jpg"",""ext"":""jpg"",""panorama"":false,""isDir"":false},{""pathname"":""/Collected Media/map_2662324/layer_6728851/mdc_photo_mdc_b5c198_cdv_photo_002_1754332892752.jpg"",""rid"":39595878,""lid"":""6728851"",""fid"":""969"",""field"":""site_photos"",""title"":""mdc_photo_mdc_b5c198_cdv_photo_002_1754332892752.jpg"",""ext"":""jpg"",""panorama"":false,""isDir"":false}]",,TX,2025/08/04,,,,13:34,,2,---------------------,,,2025/08/04,,,SW2,,,Push Camera,,,
GAS LINE,2025-08-08,,,,,,,,,,,2025/08/08,,,,,,,,,,,,,,,,,,,,,,,,,,,,,,,,,,,,Post,,,31.7611,-106.363,,,,,,,One Gas,,,0723,GAS LINE,,,,,,,,,,,,,,,,,,,,,,,,,,,,,,,,,,,,2025/08/08,,,,10:28,,1,,,,,,,,,,,,,
GAS LINE,2025-06-04,,625,,MERCHANT ST,OSWEGO ,,,,,,2025/06/04,,,,,,,,,,,,,,,,,,,,,,,,,,,,,,,,,,,,Post,,,37.1637,-95.1081,,,,,,,One Gas,,,0406,GAS LINE,,,,,,,,,,,,,,,,,,,,,,,,,,,,,,,,,,,KS,2025/06/04,,,,09:40,,1,,,,,,,,,,,,,
GAS LINE,2025-06-04,,720,,6TH ST,OSWEGO ,,,,,,2025/06/04,,,,,,,,,,,,,,,,,,,,,,,,,,,,,,,,,,,,Post,,,37.1637,-95.1081,,,,,,,One Gas,,,0406,GAS LINE,,,,,,,,,,,,,,,,,,,,,,,,,,,,,,,,,,,KS,2025/06/04,,,,11:01,,1,,,,,,,,,,,,,
GAS LINE,2025-05-08,,415,,1ST AVE,HUTCHINSON ,,,,,,2025/05/08,,,,,,,,,,,,,,,,,,,,,,,,,,,,,,,,,,,,Post,,,38.0528,-97.9393,,,,,,,One Gas,,,0406,GAS LINE,,,,,,,,,,,,,,,,,,,,,,,,,,,,,,,,,,,KS,2025/05/08,,,West,15:30,,1,,,,,,,,,,,,,
COMPLETE NO BILL,2025-08-04,,1503 F,,S halen ST,Monahans ,,,,,,2025/08/04,---------------------,15TH ST Monaghan ,,,---------------------,---------------------,0,,,,,End ,,,,,,No,,36,,,,,,,,,,,2025/08/04,PO,2025/08/04,PO,,Post,Z,1,31.5779,-102.897,yes,1,1,,"08/04/2025 
Truck5100
Christian E- Derek K ",,One Gas,"___json[{""pathname"":""/Collected Media/map_2662324/layer_6728851/mdc_photo_mdc_2a2edf_cdv_photo_005_1754333086300.jpg"",""rid"":39595910,""lid"":""6728851"",""fid"":""970"",""field"":""photo_map"",""title"":""mdc_photo_mdc_2a2edf_cdv_photo_005_1754333086300.jpg"",""ext"":""jpg"",""panorama"":false,""isDir"":false}]",N/A,0723,COMPLETE NO BILL,,,,,,,,,,,,,,,,,,,,A,,,,,,,,,,,,Lateral Inspection,"___json[{""pathname"":""/Collected Media/map_2662324/layer_6728851/mdc_photo_mdc_a734d6_cdv_photo_004_1754333086300.jpg"",""rid"":39595909,""lid"":""6728851"",""fid"":""970"",""field"":""site_photos"",""title"":""mdc_photo_mdc_a734d6_cdv_photo_004_1754333086300.jpg"",""ext"":""jpg"",""panorama"":false,""isDir"":false}]",,TX,2025/08/04,,,,13:42,,2,N/A,,,,,,N/A,,,Push Camera,,,
GAS LINE,2025-05-08,,417,,SHERMAN ST,HUTCHINSON ,,,,,,2025/05/08,,,,,,,,,,,,,,,,,,,,,,,,,,,,,,,,,,,,Post,,,38.0528,-97.9393,,,,,,,One Gas,,,0406,GAS LINE,,,,,,,,,,,,,,,,,,,,,,,,,,,,,,,,,,,KS,2025/05/08,,,West,16:00,,1,,,,,,,,,,,,,
OFFICE REVIEW,2025-06-05,,400,,QUINCY ST,COMMERCE,,,,,,2025/06/05,2400,5TH AND RIVER,,,James Atwood,Michael Parrish,0,0,,,,TAP,END,,,,,,North,35.7,2.5,,,,35.7,,,,,,,,,,,Post,SCOTT.LOVELADY@ONEGAS.COM ,,36.9375,-94.8748,yes,1,1,,OFFSET / PARTIAL COLLAPSE WAS SAME ON PRE FROM NOTES,,One Gas,"___json[{""pathname"":""/Collected Media/map_2662324/layer_6728851/mdc_photo_mdc_7db42d_cdv_photo_001_1749157635763.jpg"",""rid"":38798432,""lid"":""6728851"",""fid"":""915"",""field"":""photo_map"",""title"":""mdc_photo_mdc_7db42d_cdv_photo_001_1749157635763.jpg"",""ext"":""jpg"",""panorama"":false,""isDir"":false}]",No,0406,OFFICE REVIEW,,,,,,,,"VIDEO CLEAR UNTIL OFFSET, PARTIAL COLLAPSE, CAMERA CAN'T GET THROUGH",,,2025/06/06,,,Katy Thompson,,,Pass,,,A,,,,,,,,,1,,,Lateral Inspection,,MH 318 N QUINCY ST ,OK,2025/06/05,,,North,,,2,James Atwood,,,2025/06/05,,,2400 LETS,,,Lateral Launch,https://pioneer.sewerai.com/dashboard/review/e197b73a-8c41-4c90-8835-8fa515ac6d62?t=0&limit=30&offset=0&project=24PV0408+MESA+COUNTY-GATEWAY&ordering=-Inspection_Date&client_reviewed=false&city=COMMERCE,,
COMPLETE NO BILL,2025-08-04,,1505 A,,S Halen St,Monahans ,,,,,,2025/08/04,---------------------,15TH ST Monaghan ,,,---------------------,---------------------,0,0.29,,,,End,2nd end/ GSI,,,,,No,,35,21,,,,,,,,,,2025/08/04,PO,2025/08/04,PO,,Post,Z ,1,31.578,-102.897,yes,1,1,,"08/04/2025 
Truck5100
Christian E- Derek Kmade 1 video has to pause and push from other CO",,One Gas,"___json[{""pathname"":""/Collected Media/map_2662324/layer_6728851/mdc_photo_mdc_51859f_cdv_photo_009_1754333427301.jpg"",""rid"":39595987,""lid"":""6728851"",""fid"":""971"",""field"":""photo_map"",""title"":""mdc_photo_mdc_51859f_cdv_photo_009_1754333427301.jpg"",""ext"":""jpg"",""panorama"":false,""isDir"":false},{""pathname"":""/Collected Media/map_2662324/layer_6728851/mdc_photo_mdc_ef3f29_cdv_photo_010_1754333427301.jpg"",""rid"":39595988,""lid"":""6728851"",""fid"":""971"",""field"":""photo_map"",""title"":""mdc_photo_mdc_ef3f29_cdv_photo_010_1754333427301.jpg"",""ext"":""jpg"",""panorama"":false,""isDir"":false}]",N/A,0723,COMPLETE NO BILL,,,,,,,,,,,,,,,,,,,,A,B,,,,,,,,,,,Lateral Inspection,"___json[{""pathname"":""/Collected Media/map_2662324/layer_6728851/mdc_photo_mdc_bd7ff1_cdv_photo_006_1754333427301.jpg"",""rid"":39595985,""lid"":""6728851"",""fid"":""971"",""field"":""site_photos"",""title"":""mdc_photo_mdc_bd7ff1_cdv_photo_006_1754333427301.jpg"",""ext"":""jpg"",""panorama"":false,""isDir"":false},{""pathname"":""/Collected Media/map_2662324/layer_6728851/mdc_photo_mdc_e1570f_cdv_photo_007_1754333427301.jpg"",""rid"":39595986,""lid"":""6728851"",""fid"":""971"",""field"":""site_photos"",""title"":""mdc_photo_mdc_e1570f_cdv_photo_007_1754333427301.jpg"",""ext"":""jpg"",""panorama"":false,""isDir"":false}]",,TX,2025/08/04,,,,13:45,,2,N/A,,,,,,N/A,,,Push Camera,,,
COMPLETE NO BILL,2025-08-07,,137,,Manor pl,El paso,,,,,,2025/08/07,---------------------,Manor pl el paso,,,---------------------,---------------------,,,,,,,,,,,,No,,,,,,,,,,,,,2025/08/07,PO,2025/08/07,PO,,Post,Scott.lovelady@Onegas.com ,,31.7381,-106.254,yes,1,,,"Truck5100 Lead - Christian E. Tech - Derek K.
Line runs away from gas wont be no conflict ",,One Gas,"___json[{""pathname"":""/Collected Media/map_2662324/layer_6728851/mdc_photo_mdc_396b47_cdv_photo_026_1754621453076.jpg"",""rid"":39651080,""lid"":""6728851"",""fid"":""1130"",""field"":""photo_map"",""title"":""mdc_photo_mdc_396b47_cdv_photo_026_1754621453076.jpg"",""ext"":""jpg"",""panorama"":false,""isDir"":false}]",Yes,0723,COMPLETE NO BILL,NO CONFLICT LINE RUNS AWAY FROM GAS,,,Katy Thompson,Pass,,,"FAIL-JAB, NO INFO IN GIS ",,,2025/08/27,,,Jay Brown,,,Pass,,,,,,,,,,,,,,,Lateral Inspection,"___json[{""pathname"":""/Collected Media/map_2662324/layer_6728851/mdc_photo_mdc_46d188_cdv_photo_025_1754621453076.jpg"",""rid"":39651079,""lid"":""6728851"",""fid"":""1130"",""field"":""site_photos"",""title"":""mdc_photo_mdc_46d188_cdv_photo_025_1754621453076.jpg"",""ext"":""jpg"",""panorama"":false,""isDir"":false}]",,TX,2025/08/07,,,,20:47,,2,N/A,,,,,,N/A,,,Push Camera,https://pioneer.sewerai.com/dashboard/review/248c2541-746c-4350-a2b9-0e4d1cca1bca?limit=30&offset=0&project=25PV0406+ONE+GAS+&city=el+paso&client_reviewed=false,,
GAS LINE,2025-06-04,,,,,,,,,,,2025/06/04,,,,,,,,,,,,,,,,,,,,,,,,,,,,,,,,,,,,Post,,,38.9598,-94.7016,,,,,,,One Gas,,,0406,GAS LINE,,,,,,,,,,,,,,,,,,,,,,,,,,,,,,,,,,,KS,2025/06/04,,,,10:21,,1,,,,,,,,,,,,,
GAS LINE,2025-06-06,,,,98TH ST ,LENEXA ,,,,,,2025/06/06,,,,,,,,,,,,,,,,,,,,,,,,,,,,,,,,,,,,Post,,,38.9548,-94.7909,,,,,,,One Gas,,,0406,GAS LINE,,,,,,,,,,,,,,,,,,,,,,,,,,,,,,,,,,,KS,2025/06/06,,,,08:17,,1,,,,,,,,,,,,,
COMPLETE,2025-06-05,,401,,RIVER ST,COMMERCE,,,,,,2025/06/05,2400,5TH AND RIVER,,,James Atwood,Michael Parrish,0,0,,,,TAP,END,,,,,,North,85.9,8.1,,,,85.9,,,,,,2025/06/05,LETS,2025/06/05,LETS,,Post,SCOTT.LOVELADY@ONEGAS.COM ,,36.9375,-94.8748,yes,1,1,,CLEAR / DEFORMED ORANGE BURG / ABANDONED ,,One Gas,"___json[{""pathname"":""/Collected Media/map_2662324/layer_6728851/mdc_photo_mdc_8039f9_cdv_photo_000_1749160369765.jpg"",""rid"":38798597,""lid"":""6728851"",""fid"":""920"",""field"":""photo_map"",""title"":""mdc_photo_mdc_8039f9_cdv_photo_000_1749160369765.jpg"",""ext"":""jpg"",""panorama"":false,""isDir"":false}]",No,0406,COMPLETE,,,,,,,,VIDEO IS CLEAR UNTIL DEFORMED ORANGEBURG,,,2025/06/06,,,Katy Thompson,,,Pass,,,A,B,,,,,,,,1,,,Lateral Inspection,,MH 318 N QUINCY ST ,OK,2025/06/05,,,North,16:48,B ,2,James Atwood,,,2025/06/05,,,2400 LETS,,,Lateral Launch,https://pioneer.sewerai.com/dashboard/review/1c785eea-1b4b-4472-954e-0d320e6e5350?t=0&limit=30&offset=0&project=24PV0408+MESA+COUNTY-GATEWAY&ordering=-Inspection_Date&client_reviewed=false&city=COMMERCE,,
GAS LINE,2025-08-08,,,,,,,,,,,2025/08/08,,,,,,,,,,,,,,,,,,,,,,,,,,,,,,,,,,,,Post,,,31.7611,-106.363,,,,,,,One Gas,,,0723,GAS LINE,,,,,,,,,,,,,,,,,,,,,,,,,,,,,,,,,,,,2025/08/08,,,,10:28,,1,,,,,,,,,,,,,
OFFICE REVIEW,2025-05-08,,422,,SHERMAN ST,HUTCHINSON ,,,,,,2025/05/08,2400,PW-23R3-HUTCHINSON-SHERMAN AND MADISON ,,,Edgar Atwood,Michael Parrish,0,33,0,,,TAP,GMI,END / ROOTBALL,,,,,West,299.7,6.7,64.6,,,299.7,,,,,COULDNT LOCATE GAS OR CLEANOUT DUE TO ANIMALS IN YARD,2025/05/08,LETS,2025/05/08,LETS,,Post,SCOTT.LOVELADY@ONEGAS.COM ,,38.0528,-97.9393,yes,1,1,,COULDNT GET ACCESS TO YARD DUE TO MULTIPLE SMALLER DOGS COULDNT LOCATE CLEANOUT OR GAS SERVICE,,One Gas,"___json[{""pathname"":""/Collected Media/map_2662324/layer_6728851/mdc_photo_mdc_7e1eba_cdv_photo_001_1746739954198.jpg"",""rid"":38485305,""lid"":""6728851"",""fid"":""733"",""field"":""photo_map"",""title"":""mdc_photo_mdc_7e1eba_cdv_photo_001_1746739954198.jpg"",""ext"":""jpg"",""panorama"":false,""isDir"":false}]",Yes,0406,OFFICE REVIEW,STOPS @ GMI ON PULLBACK THERE ARE NO CONFLICTS,,,Katy Thompson,Pass,,,"NO VISUAL ON PUSH, SOMEWHAT CLEAR ON PULLBACK BUT NOT ALL",,,2025/05/16,,,Katy Thompson,,,Pass,,,A,B,,,,,,,,1,,,Lateral Inspection,"___json[{""pathname"":""/Collected Media/map_2662324/layer_6728851/mdc_photo_mdc_dd8cc3_cdv_photo_000_1746739835477.jpg"",""rid"":38485300,""lid"":""6728851"",""fid"":""733"",""field"":""site_photos"",""title"":""mdc_photo_mdc_dd8cc3_cdv_photo_000_1746739835477.jpg"",""ext"":""jpg"",""panorama"":false,""isDir"":false}]",MH 400 W SHERMAN ST ,KS,2025/05/08,,,West,16:26,,2,Edgar Atwood,,,2025/05/08,,,2400 LETS,,,Lateral Launch,https://pioneer.sewerai.com/dashboard/review/b94092fa-70d2-4c63-83b3-2778158ca0d1?t=2.351857&limit=30&offset=0&project=25PV0406+ONE+GAS+&client_reviewed=false,,
COMPLETE,2025-05-08,,400 ,,SHERMAN ST,HUTCHINSON,,,,,,2025/05/08,2400,PW-23R3-HUTCHINSON-SHERMAN AND MADISON,,,Edgar Atwood,Robert Gudgel,0,27,0,,,TAP,GMI,END,,,,,North,31.4,4.2,75.2,,,31.4,,,,,,2025/05/08,LETS,2025/05/08,LETS,,Post,SCOTT.LOVELADY@ONEGAS.COM,,38.0527,-97.9393,yes,1,1,,THERE WAS NO NEW GAS SERVICE INSTALLED RG,,One Gas,"___json[{""pathname"":""/Collected Media/map_2662324/layer_6728851/mdc_photo_mdc_9b527c_cdv_photo_004_1746713379915.jpg"",""rid"":38480027,""lid"":""6728851"",""fid"":""690"",""field"":""photo_map"",""title"":""mdc_photo_mdc_9b527c_cdv_photo_004_1746713379915.jpg"",""ext"":""jpg"",""panorama"":false,""isDir"":false}]",Yes,0406,COMPLETE,"PER TECH - GMI IS @ 27"" AND SEWER IS CLEAR OF THAT @ 40""+",,,Katy Thompson,Pass,,,"NO VISUAL UNTIL 7', NOT CLEAR ON PULLBACK. GMI IS NOT CLEAR",,,2025/05/16,,,Katy Thompson,,,Pass,,,A,B,,,,,,,,1,,,Lateral Inspection,"___json[{""pathname"":""/Collected Media/map_2662324/layer_6728851/mdc_photo_mdc_a198b6_cdv_photo_1746713363_1746713379915.jpg"",""rid"":38480026,""lid"":""6728851"",""fid"":""690"",""field"":""site_photos"",""title"":""mdc_photo_mdc_a198b6_cdv_photo_1746713363_1746713379915.jpg"",""ext"":""jpg"",""panorama"":false,""isDir"":false}]",MH 400 W SHERMAN ST,KS,2025/05/08,,,West,08:57,,2,Edgar Atwood,,,2025/05/08,,,2400 LETS,,,Lateral Launch,https://pioneer.sewerai.com/dashboard/review/9d7fc5e0-7dd5-4731-a4df-46989c7efc86?t=0&limit=30&offset=0&project=25PV0406+ONE+GAS+&client_reviewed=false,,
COMPLETE NO BILL,2025-12-10,,140,,Manor Pl,El paso,,,,,,2025/12/10,,Manor Pl El Paso,,,---------------------,---------------------,0,0.45,,,,End,GMI,,,,,No,,53,28,,,,,,,,,,2025/12/10,LETS,2025/12/10,LETS,,Post,Scott.lovelady@onegas.com,,34.4101,-100.205,yes,1,1,,,,One Gas,"___json[{""pathname"":""/Collected Media/map_2662324/layer_6728851/mdc_photo_mdc_5b2875_cdv_photo_013_1765389787037.jpg"",""rid"":41191232,""lid"":""6728851"",""fid"":""1312"",""field"":""photo_map"",""title"":""mdc_photo_mdc_5b2875_cdv_photo_013_1765389787037.jpg"",""ext"":""jpg"",""panorama"":false,""isDir"":false}]",N/A,0723,COMPLETE NO BILL,,,,,,,,,,,,,,,,,,,,A,B,,,,,,,,1,,,Lateral Inspection,"___json[{""pathname"":""/Collected Media/map_2662324/layer_6728851/mdc_photo_mdc_df16ae_cdv_photo_012_1765389787037.jpg"",""rid"":41191231,""lid"":""6728851"",""fid"":""1312"",""field"":""site_photos"",""title"":""mdc_photo_mdc_df16ae_cdv_photo_012_1765389787037.jpg"",""ext"":""jpg"",""panorama"":false,""isDir"":false}]",,,2025/12/10,,,,11:57,,2,N/A,,,,,,N/A,,,Lateral Launch,,,
GAS LINE,2025-06-05,,,,,COMMERCE,,,,,,,,,,,,,,,,,,,,,,,,,,,,,,,,,,,,,,,,,,Post,,,36.9376,-94.8748,,,,,,,One Gas,,,0406,GAS LINE,,,,,,,,,,,,,,,,,,,,,,,,,,,,,,,,,,,OK,2025/06/05,,,,,,1,,,,,,,,,,,,,
OFFICE REVIEW,2025-08-04,,1509,,S Helen St,Monahans,,,,,,,4600,One Gas,,,Jason Claunch,Kyle Graham ,,,,,,,,,,,,,,,,,,,,,,,,,,,,,,Post,One Gas,,31.5811,-102.888,,,,,"8/4/2025 4600 found tap for lateral behind property when we pushed secondary main, could not locate a CO to push. Lateral will not cross or go near gas.",,One Gas,,N/A,0723,OFFICE REVIEW,,,,,,,,,,,,,,,,,,,,,,,,,,,,,,,,Lateral Inspection,"___json[{""pathname"":""/Collected Media/map_2662324/layer_6728851/mdc_photo_mdc_f1fe46_cdv_photo_011_1754431765562.jpg"",""rid"":39614479,""lid"":""6728851"",""fid"":""1016"",""field"":""site_photos"",""title"":""mdc_photo_mdc_f1fe46_cdv_photo_011_1754431765562.jpg"",""ext"":""jpg"",""panorama"":false,""isDir"":false},{""pathname"":""/Collected Media/map_2662324/layer_6728851/mdc_photo_mdc_294786_cdv_photo_012_1754431765562.jpg"",""rid"":39614481,""lid"":""6728851"",""fid"":""1016"",""field"":""site_photos"",""title"":""mdc_photo_mdc_294786_cdv_photo_012_1754431765562.jpg"",""ext"":""jpg"",""panorama"":false,""isDir"":false}]",,TX,2025/08/04,,,,,F,2,N/A,,,,,,N/A,,,,,,
COMPLETE NO BILL,2025-08-06,,7716 ,,Acapulco ave,El Paso,,,,,,2025/08/06,---------------------,Acapulco ave El Paso ,,,---------------------,---------------------,0,0.45,,,,End/3T,GMI,,,,,No,,58,23,,,,260,,,,,"08/06/2025 Lead - Christian E. Tech - Derek K. Truck5100 
",2025/08/06,LETS,2025/08/06,LETS,,Post,Scott Lovelady,,31.748,-106.358,yes,1,1,,"08/06/2025 Truck5100
Lead - Christian E. Tech - Derek K.
End @ 59/3T 
GMI@ 23 @0.45",,One Gas,"___json[{""pathname"":""/Collected Media/map_2662324/layer_6728851/mdc_photo_mdc_83ed6e_cdv_photo_014_1754516174339.jpg"",""rid"":39631626,""lid"":""6728851"",""fid"":""1052"",""field"":""photo_map"",""title"":""mdc_photo_mdc_83ed6e_cdv_photo_014_1754516174339.jpg"",""ext"":""jpg"",""panorama"":false,""isDir"":false}]",Yes,0723,COMPLETE NO BILL,,,,,,,,FAILED- SMALL OFFSET AT 23FT WHERE THE GMI IS. SENDING TO QA FOR FURTHER REVIEW. 2/10/26 FF,,,2026/02/10,,,Fallon Farmer,,,Fail,,,A,B,,,,,,,,1,,,Lateral Inspection,"___json[{""pathname"":""/Collected Media/map_2662324/layer_6728851/mdc_photo_mdc_da7e49_cdv_photo_015_1754516174339.jpg"",""rid"":39631622,""lid"":""6728851"",""fid"":""1052"",""field"":""site_photos"",""title"":""mdc_photo_mdc_da7e49_cdv_photo_015_1754516174339.jpg"",""ext"":""jpg"",""panorama"":false,""isDir"":false},{""pathname"":""/Collected Media/map_2662324/layer_6728851/mdc_photo_mdc_10aac3_cdv_photo_016_1754516174339.jpg"",""rid"":39631623,""lid"":""6728851"",""fid"":""1052"",""field"":""site_photos"",""title"":""mdc_photo_mdc_10aac3_cdv_photo_016_1754516174339.jpg"",""ext"":""jpg"",""panorama"":false,""isDir"":false},{""pathname"":""/Collected Media/map_2662324/layer_6728851/mdc_photo_mdc_5c2d24_cdv_photo_017_1754516174339.jpg"",""rid"":39631624,""lid"":""6728851"",""fid"":""1052"",""field"":""site_photos"",""title"":""mdc_photo_mdc_5c2d24_cdv_photo_017_1754516174339.jpg"",""ext"":""jpg"",""panorama"":false,""isDir"":false},{""pathname"":""/Collected Media/map_2662324/layer_6728851/mdc_photo_mdc_686c88_cdv_photo_018_1754516174339.jpg"",""rid"":39631625,""lid"":""6728851"",""fid"":""1052"",""field"":""site_photos"",""title"":""mdc_photo_mdc_686c88_cdv_photo_018_1754516174339.jpg"",""ext"":""jpg"",""panorama"":false,""isDir"":false}]",,TX,2025/08/06,,,,15:13,,2,---------------------,,,2025/08/06,,,-----------------,,,Lateral Launch,https://pioneer.sewerai.com/dashboard/review/fdd1ca29-eb3a-4ddb-9e22-9ff766887f12?limit=30&offset=0&client_reviewed=false&surveyed_by=CHRISTIAN+ES,,
COMPLETE,2025-06-05,,STMMH 17501 W 98TH ST ,,W 98TH ST,LENEXA,,,,,,2025/06/05,,VISTA VILLAGE (PRAIRIE STAR PKWY/RIDGEVIEW) ,,,Edgar Atwood,Carter Pacheco,0,51,0,,,START,GMI,END,,,,,,0,57.5,59.5,,,,,,,END/TO EAST,,2025/06/05,ML,,,,Post,SCOTT.LOVELADY@ONEGAS.COM ,,38.9547,-94.791,yes,1,1,,TRUCK IS 1059 - TECH IS CHRIS. RAN STM TILL DEBRIS A FOOT PAST FIRST GMI. NEED TO RUN FROM OTHER STM TO COMPLETE MAIN AND RUN PAST SECOND GMI. OTHER STM IS FULL OF ROCK.,,One Gas,,Yes,0403,COMPLETE,,,,,,,,,,,2025/06/06,,,Katy Thompson,,,Pass,,,A,B,C,,,,,,,,,59.5,Main Inspection,"___json[{""pathname"":""/Collected Media/map_2662324/layer_6728851/mdc_photo_mdc_5a4f2f_cdv_photo_003_1749152286007.jpg"",""rid"":38797513,""lid"":""6728851"",""fid"":""897"",""field"":""site_photos"",""title"":""mdc_photo_mdc_5a4f2f_cdv_photo_003_1749152286007.jpg"",""ext"":""jpg"",""panorama"":false,""isDir"":false}]",STMMH 17501 W 98TH ST ,KS,2025/06/05,,59.5,West,14:29,END/TO EAST,3,Edgar Atwood,,,2025/06/05,,,1059 ML,,,CCTV,https://pioneer.sewerai.com/dashboard/review/be95b3ac-ed81-4023-97d5-116b790284c2?t=0&limit=30&offset=0&project=24PV0408+MESA+COUNTY-GATEWAY&ordering=-Inspection_Date&client_reviewed=false&city=LENEXA,,
PO,2025-09-11,,227,,K ST NW,MIAMI,,,,,,2025/09/11,1700,K ST NW / 3 AVE NW ,,,Edgar Atwood,,0,0,,,,TAP,END/OFFSET,,,,,,North,331.4,7.2,,,,331.4,,,,,,2025/09/11,LETS,2025/09/11,LETS,,Post,SCOTT.LOVELADY@ONEGAS.COM ,1,36.8778,-94.8897,yes,1,1,,"TECH: TINAI MITCHELL
END AT OFFSET, UNABLE TO GET ACCESS WITH DOGS IN YARD, WILL NEED TO PO TO CLEAR IN FULL, DID RECEIVE NEW GAS SERVICE",,One Gas,"___json[{""pathname"":""/Collected Media/map_2662324/layer_6728851/mdc_photo_mdc_848b97_cdv_photo_000_1757614582537.jpg"",""rid"":40119051,""lid"":""6728851"",""fid"":""1299"",""field"":""photo_map"",""title"":""mdc_photo_mdc_848b97_cdv_photo_000_1757614582537.jpg"",""ext"":""jpg"",""panorama"":false,""isDir"":false}]",No,0406,PO,,,,,,,,"KINDA BAD VISUAL, WAITING ON PO VIDEO FOR FULL LINE",,,2025/09/17,,,Charlton Moren,,,Fail,,,,,,,,,,,,,,,Lateral Inspection,,MH 203 K ST NW,OK,2025/09/11,,,,13:06,,2,Edgar Atwood,,,2025/09/11,,,1700 LETS,,,Lateral Launch,https://pioneer.sewerai.com/dashboard/review/a421e6bb-d7ad-4f11-8dae-10325bb03f64?t=0&limit=30&offset=0&status=uploaded&client_reviewed=false&issues=false&ordering=-Inspection_Date&project=25PV0406+ONE+GAS+,,
COMPLETE,2025-05-08,,424,,SHERMAN ST,HUTCHINSON ,,,,,,2025/05/08,2400,PW-23R3-HUTCHINSON-SHERMAN AND MADISON ,,,Edgar Atwood,Michael Parrish,0,32,25,0,0,TAP,GMI,GSI,9T,END,,,West,317.7,6.7,43.9,79.7,109.6,317.7,,,,,,2025/05/08,LETS,2025/05/08,LETS,,Post,SCOTT.LOVELADY@ONEGAS.COM ,,38.0528,-97.9393,yes,1,1,,,,One Gas,"___json[{""pathname"":""/Collected Media/map_2662324/layer_6728851/mdc_photo_mdc_36f02f_cdv_photo_002_1746741985308.jpg"",""rid"":38485494,""lid"":""6728851"",""fid"":""735"",""field"":""photo_map"",""title"":""mdc_photo_mdc_36f02f_cdv_photo_002_1746741985308.jpg"",""ext"":""jpg"",""panorama"":false,""isDir"":false}]",Yes,0406,COMPLETE,,,,,,,,"POOR VISUAL 90'- 98', MOSTLY CLEAR ON PULLBACK",,,2025/05/16,,,Katy Thompson,,,Pass,,,A,B,C,D,,,,,,1,,,Lateral Inspection,"___json[{""pathname"":""/Collected Media/map_2662324/layer_6728851/mdc_photo_mdc_114b23_cdv_photo_000_1746741919703.jpg"",""rid"":38485481,""lid"":""6728851"",""fid"":""735"",""field"":""site_photos"",""title"":""mdc_photo_mdc_114b23_cdv_photo_000_1746741919703.jpg"",""ext"":""jpg"",""panorama"":false,""isDir"":false},{""pathname"":""/Collected Media/map_2662324/layer_6728851/mdc_photo_mdc_dd9859_cdv_photo_001_1746741919703.jpg"",""rid"":38485482,""lid"":""6728851"",""fid"":""735"",""field"":""site_photos"",""title"":""mdc_photo_mdc_dd9859_cdv_photo_001_1746741919703.jpg"",""ext"":""jpg"",""panorama"":false,""isDir"":false}]",MH 400 W SHERMAN ST ,KS,2025/05/08,,,West,16:58,,2,Edgar Atwood,,,2025/05/08,,,2400 LETS,,,Lateral Launch,https://pioneer.sewerai.com/dashboard/review/2f6cccbf-e798-4769-881e-5a184e4f7233?t=0&limit=30&offset=0&project=25PV0406+ONE+GAS+&client_reviewed=false,,
GAS LINE,2025-05-08,,424,,SHERMAN ST,HUTCHINSON ,,,,,,2025/05/08,,,,,,,,,,,,,,,,,,,,,,,,,,,,,,,,,,,,Post,,,38.0527,-97.9405,,,,,,,One Gas,,,0406,GAS LINE,,,,,,,,,,,,,,,,,,,,,,,,,,,,,,,,,,,KS,2025/05/08,,,West,16:53,,1,,,,,,,,,,,,,
COMPLETE,2025-05-08,,MH 400 W SHERMAN ST,,SHERMAN ST,HUTCHINSON ,,,,,,2025/05/08,2400,PW-23R3-HUTCHINSON-SHERMAN AND MADISON ,,,Edgar Atwood,Michael Parrish,0,,,,,MH 400,TO WEST,,,,,,,0,317.7,,,,,,,,TO WEST,,2025/05/08,ML,2025/05/08,ML,,Post,SCOTT.LOVELADY@ONEGAS.COM ,,38.0528,-97.9393,yes,1,1,,,,One Gas,"___json[{""pathname"":""/Collected Media/map_2662324/layer_6728851/mdc_photo_mdc_33aa77_cdv_photo_000_1746742860273.jpg"",""rid"":38485534,""lid"":""6728851"",""fid"":""683"",""field"":""photo_map"",""title"":""mdc_photo_mdc_33aa77_cdv_photo_000_1746742860273.jpg"",""ext"":""jpg"",""panorama"":false,""isDir"":false}]",Yes,0406,COMPLETE,,,,,,,,"POOR VISUAL, 65'-73', CLEAR ON PULLBACK",,,2025/05/16,,,Katy Thompson,,,Pass,,,A,B,,,,,,,317.7,,,317.7,Main Inspection,,MH 400 w Sherman st,KS,2025/05/08,,,,08:33,TO WEST ,2,Edgar Atwood,,,2025/05/08,,,2400 LETS,,,CCTV,https://pioneer.sewerai.com/dashboard/review/b32f91f6-8de0-46b1-898e-df5f9593d248?t=1.474439&limit=30&offset=0&project=25PV0406+ONE+GAS+&client_reviewed=false,,
COMPLETE,2025-05-09,,MH 414 W AVENUE A ,, AVENUE A ,HUTCHINSON,,,,,,2025/05/09,1800,PW-23R3-HUTCHINSON-SHERMAN AND MADISON ,,,Eric Zerr,Carter Pacheco,29,27,,,,MH 414 W AVENUE A ,MH 12 S MONROE ST,,,,,No,,0,287.7,,,,,,,,,,2025/05/09,LETS,2025/05/09,LETS,,Post,SCOTT.LOVELADY@ONEGAS.COM ,,38.0516,-97.9404,yes,1,1,,,,One Gas,,Yes,0406,COMPLETE,,,,,,,,,,,2025/05/13,,,Katy Thompson,,,Pass,,,A,B,,,,,,,287.7,1,,287.7,Main Inspection,,414 W AVENUE A,KS,2025/05/09,,,West,02:00,TO MH 12 S MONROE ST,2,Eric Zerr,,,2025/05/09,,,1800 LETS,,,CCTV,https://pioneer.sewerai.com/dashboard/review/e7395c2d-fbe3-413d-9188-a2cd5a1a7a55?t=0.996172&limit=30&offset=0&project=25PV0406+ONE+GAS+&client_reviewed=false,,
GAS LINE,2025-05-09,,,,,,,,,,,2025/05/09,,,,,,,,,,,,,,,,,,,,,,,,,,,,,,,,,,,,Post,,,37.6884,-97.3667,,,,,,,One Gas,,,0406,GAS LINE,,,,,,,,,,,,,,,,,,,,,,,,,,,,,,,,,,,,2025/05/09,,,,08:35,,1,,,,,,,,,,,,,
COMPLETE NO BILL,2025-08-04,,1503.1 C,,S Halen St,Monahans ,,,,,,2025/08/04,---------------------,15TH ST Monaghan ,,,---------------------,---------------------,0,,,,,End,,,,,,No,,35,,,,,,,,,,,2025/08/04,PO,2025/08/04,PO,,Post,Z,1,31.578,-102.897,yes,1,1,,"08/04/2025 Truck5100 
Christian E- Derek K ",,One Gas,"___json[{""pathname"":""/Collected Media/map_2662324/layer_6728851/mdc_photo_mdc_5069d0_cdv_photo_013_1754333607354.jpg"",""rid"":39596032,""lid"":""6728851"",""fid"":""972"",""field"":""photo_map"",""title"":""mdc_photo_mdc_5069d0_cdv_photo_013_1754333607354.jpg"",""ext"":""jpg"",""panorama"":false,""isDir"":false}]",N/A,0723,COMPLETE NO BILL,,,,,,,,,,,,,,,,,,,,A,,,,,,,,,,,,Lateral Inspection,"___json[{""pathname"":""/Collected Media/map_2662324/layer_6728851/mdc_photo_mdc_75fee6_cdv_photo_011_1754333607354.jpg"",""rid"":39596030,""lid"":""6728851"",""fid"":""972"",""field"":""site_photos"",""title"":""mdc_photo_mdc_75fee6_cdv_photo_011_1754333607354.jpg"",""ext"":""jpg"",""panorama"":false,""isDir"":false},{""pathname"":""/Collected Media/map_2662324/layer_6728851/mdc_photo_mdc_99cfe1_cdv_photo_012_1754333607354.jpg"",""rid"":39596031,""lid"":""6728851"",""fid"":""972"",""field"":""site_photos"",""title"":""mdc_photo_mdc_99cfe1_cdv_photo_012_1754333607354.jpg"",""ext"":""jpg"",""panorama"":false,""isDir"":false}]",,TX,2025/08/04,,,,13:51,,2,N/A,,,,,,N/A,,,Push Camera,,,
COMPLETE NO BILL,2025-12-11,,7601,,Kingsmens drive,El paso,,,,,,2025/12/11,---------------------,Kingsmens drive,,,---------------------,---------------------,,,,,,End,,,,,,No,,51,,,,,,,,,,,2025/12/11,LETS,2025/12/11,LETS,,Post,Scott.lovelady@Onegas.com,,34.4097,-100.207,yes,1,1,,,,One Gas,"___json[{""pathname"":""/Collected Media/map_2662324/layer_6728851/mdc_photo_mdc_eacb98_cdv_photo_001_1765467958511.jpg"",""rid"":41201786,""lid"":""6728851"",""fid"":""1314"",""field"":""photo_map"",""title"":""mdc_photo_mdc_eacb98_cdv_photo_001_1765467958511.jpg"",""ext"":""jpg"",""panorama"":false,""isDir"":false}]",No,0723,COMPLETE NO BILL,,,,,,,,FAILED- LOSS VISUAL FROM 18-5FT. 2/10/26 FF,,,2026/02/10,,,Fallon Farmer,,,Fail,,,,,,,,,,,,1,,,Lateral Inspection,"___json[{""pathname"":""/Collected Media/map_2662324/layer_6728851/mdc_photo_mdc_2a9c76_cdv_photo_000_1765467958511.jpg"",""rid"":41201785,""lid"":""6728851"",""fid"":""1314"",""field"":""site_photos"",""title"":""mdc_photo_mdc_2a9c76_cdv_photo_000_1765467958511.jpg"",""ext"":""jpg"",""panorama"":false,""isDir"":false}]",,,2025/12/11,,,,09:40,,2,N/A,,,,,,N/A,,,Lateral Launch,https://pioneer.sewerai.com/dashboard/review/4eabba71-7879-4712-aa23-a4eacf897d38?limit=30&offset=0&client_reviewed=false&surveyed_by=CHRISTIAN+ES,,
GAS LINE,2025-06-04,,,,MOODY PARK DR ,OVERLAND PARK ,,,,,,2025/06/04,,,,,,,,,,,,,,,,,,,,,,,,,,,,,,,,,,,,Post,,,38.9598,-94.7013,,,,,,,One Gas,,,0406,GAS LINE,,,,,,,,,,,,,,,,,,,,,,,,,,,,,,,,,,,KS,2025/06/04,,,,11:12,,1,,,,,,,,,,,,,
OFFICE REVIEW,2025-05-09,,416 ,,AVENUE A,HUTCHINSON,,,,,,2025/05/09,1800,PW-23R3-HUTCHINSON-SHERMAN AND MADISON ,,,Eric Zerr,Tiffanie Gibson,29,22,19,,,TAP,GMI,END,,,,No,West,0.4,7.7,35.3,,,416,,,,,ENDED AT ROOT BALL POSSIBLE CONTINUATION OF PIPE WITH POSSIBLE GSI,2025/05/09,LETS,2025/05/09,LETS,,Post,SCOTT.LOVELADY@ONEGAS.COM ,,38.0515,-97.9403,yes,1,1,,,,One Gas,,N/A,0406,OFFICE REVIEW,,,,,,,,,,,2025/05/09,,,,,,,,,A,B,C,,,,,,,1,,,Lateral Inspection,,MH 414 W AVENUE A,KS,2025/05/09,,,West,08:47,,2,Eric Zerr,,,2025/05/09,,,2400 LETS,,,Lateral Launch,,,
COMPLETE,2025-06-06,,MH 17501 W 98TH ST ,,98TH ST ,LENEXA ,,,,,,2025/06/06,1800,VISTA VILLAGE (PRAIRIE STAR PKWY/RIDGEVIEW) ,,,Eric Zerr,Carter Pacheco,0,116,0,,,MH 17501 W 98TH ST ,GMI,END/MH 17501 N W 98TH ST ,,,,No,,0,66.2,417.5,,,,,,,MH N 17501 W 98TH ST ,,2025/06/06,LETS,2025/06/06,LETS,,Post,SCOTT.LOVELADY@ONEGAS.COM ,,38.9548,-94.7909,yes,1,1,,,,One Gas,"___json[{""pathname"":""/Collected Media/map_2662324/layer_6728851/mdc_photo_mdc_283c20_cdv_photo_006_1749239847727.jpg"",""rid"":38810533,""lid"":""6728851"",""fid"":""939"",""field"":""photo_map"",""title"":""mdc_photo_mdc_283c20_cdv_photo_006_1749239847727.jpg"",""ext"":""jpg"",""panorama"":false,""isDir"":false}]",Yes,0403,COMPLETE,,,,,,,,,,,2025/06/13,,,Katy Thompson,,,Pass,,,A,B,C,,,,,,417.5,,,417.5,Main Inspection,"___json[{""pathname"":""/Collected Media/map_2662324/layer_6728851/mdc_photo_mdc_d26fee_cdv_photo_001_1749231380368.jpg"",""rid"":38809166,""lid"":""6728851"",""fid"":""939"",""field"":""site_photos"",""title"":""mdc_photo_mdc_d26fee_cdv_photo_001_1749231380368.jpg"",""ext"":""jpg"",""panorama"":false,""isDir"":false}]",MH 17501 W 98TH ST ,KS,2025/06/06,,,South,14:53,MH 17501 N W 98TH ST ,2,Edgar Atwood,,,2025/06/06,,,1800 LETS,,,Lateral Launch,https://pioneer.sewerai.com/dashboard/review/7a2cf578-be07-4c3f-a09c-d58a6eca6d95?t=0&limit=30&offset=0&project=24PV0408+MESA+COUNTY-GATEWAY&ordering=-Inspection_Date&status=uploaded&client_reviewed=false,,
COMPLETE,2025-05-09,,326,,ATHENIAN AVE,WICHITA ,,,,,,2025/05/09,2400,WICHITA-3RD AND ST CLAIR ,,,Edgar Atwood,Michael Parrish,0,0,,,,TAP,END / 12T,,,,,,North,78,37.7,,,,78,,,,,,2025/05/09,LETS,2025/05/09,LETS,,Post,SCOTT.LOVELADY@ONEGAS.COM ,,37.6884,-97.3667,yes,1,1,,NO NEW GAS ON THIS,,One Gas,"___json[{""pathname"":""/Collected Media/map_2662324/layer_6728851/mdc_photo_mdc_5d2e22_cdv_photo_002_1746799601264.jpg"",""rid"":38491638,""lid"":""6728851"",""fid"":""743"",""field"":""photo_map"",""title"":""mdc_photo_mdc_5d2e22_cdv_photo_002_1746799601264.jpg"",""ext"":""jpg"",""panorama"":false,""isDir"":false}]",Yes,0406,COMPLETE,,,,,,,,,,,2025/05/16,,,Katy Thompson,,,Pass,,,A,,,,,,,,,1,,,Lateral Inspection,"___json[{""pathname"":""/Collected Media/map_2662324/layer_6728851/mdc_photo_mdc_4c66e7_cdv_photo_000_1746799386837.jpg"",""rid"":38491593,""lid"":""6728851"",""fid"":""743"",""field"":""site_photos"",""title"":""mdc_photo_mdc_4c66e7_cdv_photo_000_1746799386837.jpg"",""ext"":""jpg"",""panorama"":false,""isDir"":false}]",MH 320 N ATHENIAN AVE ,KS,2025/05/09,,,North,08:59,,2,Edgar Atwood,,,2025/05/09,,,2400 LETS,,,Lateral Launch,https://pioneer.sewerai.com/dashboard/review/4b194077-ea66-44b9-a5cb-a079d12206c3?t=0.878359&limit=30&offset=0&client_reviewed=false&project=25PV0406+ONE+GAS+,,
COMPLETE,2025-05-09,,320,,ATHENIAN AVE,WICHITA ,,,,,,2025/05/09,2400,WICHITA-3RD AND ST CLAIR ,,,Edgar Atwood,Michael Parrish,0,23,0,,,TAP,GSI,END,,,,,North,21,2.1,39.1,,,21,,,,,,2025/05/09,LETS,2025/05/09,LETS,,Post,SCOTT.LOVELADY@ONEGAS.COM ,,37.6884,-97.3667,yes,1,1,,,,One Gas,"___json[{""pathname"":""/Collected Media/map_2662324/layer_6728851/mdc_photo_mdc_776733_cdv_photo_001_1746799556952.jpg"",""rid"":38491631,""lid"":""6728851"",""fid"":""740"",""field"":""photo_map"",""title"":""mdc_photo_mdc_776733_cdv_photo_001_1746799556952.jpg"",""ext"":""jpg"",""panorama"":false,""isDir"":false}]",Yes,0406,COMPLETE,,,,,,,,,,,2025/05/16,,,Katy Thompson,,,Pass,,,A,B,,,,,,,,1,,,Lateral Inspection,"___json[{""pathname"":""/Collected Media/map_2662324/layer_6728851/mdc_photo_mdc_4ec832_cdv_photo_000_1746798342675.jpg"",""rid"":38491456,""lid"":""6728851"",""fid"":""740"",""field"":""site_photos"",""title"":""mdc_photo_mdc_4ec832_cdv_photo_000_1746798342675.jpg"",""ext"":""jpg"",""panorama"":false,""isDir"":false}]",MH 320 N ATHENIAN AVE ,KS,2025/05/09,,,North,08:42,,2,Edgar Atwood,,,2025/05/09,,,2400 LETS,,,Lateral Launch,https://pioneer.sewerai.com/dashboard/review/06fc1d62-1e7b-49b5-9654-c33720e8b9db?t=9.576104&limit=30&offset=0&project=25PV0406+ONE+GAS+&client_reviewed=false,,
GAS LINE,2025-06-04,,,,,OSWEGO ,,,,,,2025/06/04,,,,,,,,,,,,,,,,,,,,,,,,,,,,,,,,,,,,Post,,,37.1637,-95.1081,,,,,,,One Gas,,,0406,GAS LINE,,,,,,,,,,,,,,,,,,,,,,,,,,,,,,,,,,,KS,2025/06/04,,,,11:29,,1,,,,,,,,,,,,,
COMPLETE NO BILL,2025-08-07,,105,,Manor Pl,El paso,,,,,,2025/08/07,---------------------,Manor Pl Elpaso ,,,---------------------,---------------------,0,,,,,End/12T,,,,,,No,,41,,,,,,,,,,,2025/08/07,LETS,2025/08/07,LETS,,Post,Scott.lovelady@Onegas.com ,,31.7221,-106.267,yes,1,1,,"08/07/2025 Truck5100
Lead - Christian E. Tech - Derek K. 

Got to foundation property is complete and cleared.",,One Gas,"___json[{""pathname"":""/Collected Media/map_2662324/layer_6728851/mdc_photo_mdc_bad33a_cdv_photo_003_1754617187619.jpg"",""rid"":39650799,""lid"":""6728851"",""fid"":""1112"",""field"":""photo_map"",""title"":""mdc_photo_mdc_bad33a_cdv_photo_003_1754617187619.jpg"",""ext"":""jpg"",""panorama"":false,""isDir"":false}]",Yes,0723,COMPLETE NO BILL,,,,,,,,PASS-JAB,,,2025/08/27,,,Jay Brown,,,Pass,,,A,,,,,,,,,1,,,Lateral Inspection,"___json[{""pathname"":""/Collected Media/map_2662324/layer_6728851/mdc_photo_mdc_59329a_cdv_photo_032_1754664599923.jpg"",""rid"":39658123,""lid"":""6728851"",""fid"":""1112"",""field"":""site_photos"",""title"":""mdc_photo_mdc_59329a_cdv_photo_032_1754664599923.jpg"",""ext"":""jpg"",""panorama"":false,""isDir"":false},{""pathname"":""/Collected Media/map_2662324/layer_6728851/mdc_photo_mdc_1521d8_cdv_photo_033_1754664599923.jpg"",""rid"":39658124,""lid"":""6728851"",""fid"":""1112"",""field"":""site_photos"",""title"":""mdc_photo_mdc_1521d8_cdv_photo_033_1754664599923.jpg"",""ext"":""jpg"",""panorama"":false,""isDir"":false}]",,TX,2025/08/07,,,,19:26,,2,---------------------,,,2025/08/07,,,-----------------,,,Lateral Launch,https://pioneer.sewerai.com/dashboard/review/7e1c2128-8c3e-494e-b84f-5c681d2cfca3?limit=30&offset=0&project=25PV0406+ONE+GAS+&city=el+paso&client_reviewed=false,,
COMPLETE,2025-06-06,,MH 17501 W 98TH ST ,,98TH ST ,LENEXA ,,,,,,2025/06/06,1800,VISTA VILLAGE (PRAIRIE STAR PKWY/RIDGEVIEW) ,,,Eric Zerr,Carter Pacheco,0,0,,,,MH 17501 W 98TH ST ,END/MH 17501 G W 98TH ST ,,,,,No,,0,264.8,,,,,,,,MH 17501 G W 98TH ST ,,2025/06/06,ML,2025/06/06,LETS,,Post,SCOTT.LOVELADY@ONEGAS.COM ,,38.9548,-94.791,yes,1,1,,,,One Gas,"___json[{""pathname"":""/Collected Media/map_2662324/layer_6728851/mdc_photo_mdc_50e5c5_cdv_photo_002_1749227914332.jpg"",""rid"":38808446,""lid"":""6728851"",""fid"":""921"",""field"":""photo_map"",""title"":""mdc_photo_mdc_50e5c5_cdv_photo_002_1749227914332.jpg"",""ext"":""jpg"",""panorama"":false,""isDir"":false}]",Yes,0403,COMPLETE,,,,,,,,,,,2025/06/06,,,Katy Thompson,,,Pass,,,A,B,,,,,,,264.8,,,264.8,Main Inspection,,MH 17501 W 98TH ST ,KS,2025/06/06,,,West,11:36,TO NORTH,2,Edgar Atwood,,,2025/06/06,,,1800 LETS,,,,https://pioneer.sewerai.com/dashboard/review/ac72fe6c-4425-4b63-833a-e2c7b1616e37?t=1.586044&limit=30&offset=0&project=24PV0408+MESA+COUNTY-GATEWAY&ordering=-Inspection_Date&client_reviewed=false&city=LENEXA,,
COMPLETE NO BILL,2025-08-04,,1408 MLE,,Bruce Ave jetting ,Monahans,,,,,,,1069,One Gas,,,Bryan Cary,,,,,,,,,,,,,,,,,,,,,,,,,,,,,,,Post,One Gas,,31.5814,-102.886,,,,,08/04/25; 1069 truck: jetted 325ft east against flow. Used step method. 1.00 hrs heavy cleaning. 0.50 hrs setup. 0.50 hrs water fill,,One Gas,,N/A,0723,COMPLETE NO BILL,,,,,,,,,,,,,,,,,,,,,,,,,,,325,,,,,Main Inspection,,1408 Bruce Ave MHMLE,TX,2025/08/04,,,,,,2,N/A,,,,,,N/A,,,,,,
COMPLETE,2025-06-05,,308,,QUINCY ST,COMMERCE,,,,,,2025/06/05,2400,5TH AND RIVER,,,James Atwood,Michael Parrish,0,38,11,0,,TAP,GMI,GSI,END,,,,South,354.4,5,63.9,69.8,,354.4,,,,,,2025/06/05,LETS,2025/06/05,LETS,,Post,SCOTT.LOVELADY@ONEGAS.COM ,,36.9375,-94.8747,yes,1,1,,,,One Gas,"___json[{""pathname"":""/Collected Media/map_2662324/layer_6728851/mdc_photo_mdc_ab64fb_cdv_photo_000_1749151894386.jpg"",""rid"":38797455,""lid"":""6728851"",""fid"":""900"",""field"":""photo_map"",""title"":""mdc_photo_mdc_ab64fb_cdv_photo_000_1749151894386.jpg"",""ext"":""jpg"",""panorama"":false,""isDir"":false}]",Yes,0406,COMPLETE,"GMI IS CLEAR, GSI IS CLEAR BY 3', THIS LINE IS CLEAR.",,,Katy Thompson,Pass,,,"CLEAR @ GMI & GSI, UNDER WATER 64'-67.5', NOT CLEAR ON PULLBACK",,,2025/06/06,,,Katy Thompson,,,Pass,,,A,B,C,D,E,,,,,1,,,Lateral Inspection,"___json[{""pathname"":""/Collected Media/map_2662324/layer_6728851/mdc_photo_mdc_629294_cdv_photo_001_1749151894386.jpg"",""rid"":38797453,""lid"":""6728851"",""fid"":""900"",""field"":""site_photos"",""title"":""mdc_photo_mdc_629294_cdv_photo_001_1749151894386.jpg"",""ext"":""jpg"",""panorama"":false,""isDir"":false},{""pathname"":""/Collected Media/map_2662324/layer_6728851/mdc_photo_mdc_e1d002_cdv_photo_002_1749151894386.jpg"",""rid"":38797454,""lid"":""6728851"",""fid"":""900"",""field"":""site_photos"",""title"":""mdc_photo_mdc_e1d002_cdv_photo_002_1749151894386.jpg"",""ext"":""jpg"",""panorama"":false,""isDir"":false}]",MH 318 N QUINCY ST ,OK,2025/06/05,,,North,14:25,,2,James Atwood,,,2025/06/05,,,2400 LETS,,,Lateral Launch,https://pioneer.sewerai.com/dashboard/review/3daaa4c7-52e6-4ed0-b2f9-e71a80394880?t=3.751693&limit=30&offset=0&project=24PV0408+MESA+COUNTY-GATEWAY&ordering=-Inspection_Date&client_reviewed=false&city=COMMERCE,,
COMPLETE NO BILL,2025-08-04,,1513,,Helen St,Monahans,,,,,,2025/08/04,4600,OneGas,,,Jason Claunch,Kyle Graham ,,,,,,End,,,,,,,,9.7,,,,,,,,,,,2025/08/04,PO,2025/08/04,PO,,Post,OneGas,1,31.5815,-102.886,yes,1,1,,"8/4/2025 4600 pushed lateral to secondary main, will not cross or conflict with gas bored to the East and to the South.",,One Gas,"___json[{""pathname"":""/Collected Media/map_2662324/layer_6728851/mdc_photo_mdc_c55905_cdv_photo_022_1754396759245.jpg"",""rid"":39606243,""lid"":""6728851"",""fid"":""974"",""field"":""photo_map"",""title"":""mdc_photo_mdc_c55905_cdv_photo_022_1754396759245.jpg"",""ext"":""jpg"",""panorama"":false,""isDir"":false}]",N/A,0723,COMPLETE NO BILL,,,,,,,,,,,,,,,,,,,,,,,,,,,,,,,,Lateral Inspection,"___json[{""pathname"":""/Collected Media/map_2662324/layer_6728851/mdc_photo_mdc_bd93ba_cdv_photo_005_1754336281416.jpg"",""rid"":39596869,""lid"":""6728851"",""fid"":""974"",""field"":""site_photos"",""title"":""mdc_photo_mdc_bd93ba_cdv_photo_005_1754336281416.jpg"",""ext"":""jpg"",""panorama"":false,""isDir"":false},{""pathname"":""/Collected Media/map_2662324/layer_6728851/mdc_photo_mdc_c70837_cdv_photo_006_1754336281416.jpg"",""rid"":39596870,""lid"":""6728851"",""fid"":""974"",""field"":""site_photos"",""title"":""mdc_photo_mdc_c70837_cdv_photo_006_1754336281416.jpg"",""ext"":""jpg"",""panorama"":false,""isDir"":false}]",,TX,2025/08/04,,,,14:29,A,2,Kyle Graham ,,,2025/08/04,,,-----------------,,,Push Camera,,,
COMPLETE NO BILL,2025-12-11,,7600,,Kings mens dr,El paso,,,,,,2025/12/11,---------------------,Kingsmens dr,,,---------------------,---------------------,,,,,,End,,,,,,No,,50,,,,,,,,,,,2025/12/11,LETS,2025/12/11,LETS,,Post,Scott.lovelady@Onegas.com,,34.4097,-100.207,yes,1,1,,,,One Gas,"___json[{""pathname"":""/Collected Media/map_2662324/layer_6728851/mdc_photo_mdc_637054_cdv_photo_003_1765468125526.jpg"",""rid"":41201825,""lid"":""6728851"",""fid"":""1315"",""field"":""photo_map"",""title"":""mdc_photo_mdc_637054_cdv_photo_003_1765468125526.jpg"",""ext"":""jpg"",""panorama"":false,""isDir"":false}]",No,0723,COMPLETE NO BILL,,,,,,,,FAILED- NO SITE PHOTOS. TEXTED TECH TO UPDATE. MAP SHOWS A GMI CROSSING BUT THERE ARE NOT ANY NOTES IN GIS. THERE ARE SOME SMALL OFFSETS NEAR GMI. 2/10/26 FF,,,2026/02/10,,,Fallon Farmer,,,Fail,,,,,,,,,,,,1,,,Lateral Inspection,"___json[{""pathname"":""/Collected Media/map_2662324/layer_6728851/mdc_photo_mdc_ad6911_cdv_photo_002_1765468125526.jpg"",""rid"":41201824,""lid"":""6728851"",""fid"":""1315"",""field"":""site_photos"",""title"":""mdc_photo_mdc_ad6911_cdv_photo_002_1765468125526.jpg"",""ext"":""jpg"",""panorama"":false,""isDir"":false}]",,,2025/12/11,,,,09:47,,2,N/A,,,,,,N/A,,,Lateral Launch,https://pioneer.sewerai.com/dashboard/review/cab6a6a0-ef48-4d57-81c5-03c29766a1f0?limit=30&offset=0&client_reviewed=false&surveyed_by=CHRISTIAN+ES,,
COMPLETE NO BILL,2025-08-05,,200,,SW Ave I,Andrews,,,,,,2025/08/05,4600,One Gas,,,Jason Claunch,Kyle Graham ,,,,,,End of Lets Video,,,,,,,South,1,,,,,,,,,,,2025/08/05,PO & LETS,2025/08/05,PO & LETS,,Post,One Gas,1,32.3081,-102.545,yes,2,2,,"8/5/2025 4600 found lateral in ML and attempted to run as the building does have a gas service. Could not get Lets camera past 1.4’ due to crease in line. Pushed from CO and met up with lets camera. This lateral 35’ away from the end of the bore, will not cross or conflict. Damage is not from Gas.
PO push End@17.5’",,One Gas,"___json[{""pathname"":""/Collected Media/map_2662324/layer_6728851/mdc_photo_mdc_cf4ddb_cdv_photo_000_1754410098721.jpg"",""rid"":39610204,""lid"":""6728851"",""fid"":""997"",""field"":""photo_map"",""title"":""mdc_photo_mdc_cf4ddb_cdv_photo_000_1754410098721.jpg"",""ext"":""jpg"",""panorama"":false,""isDir"":false}]",N/A,0723,COMPLETE NO BILL,,,,,,,,,,,,,,,,,,,,,,,,,,,,,1,,,Lateral Inspection,"___json[{""pathname"":""/Collected Media/map_2662324/layer_6728851/mdc_photo_mdc_4f803b_cdv_photo_1754405920_1754406405888.jpg"",""rid"":39609197,""lid"":""6728851"",""fid"":""997"",""field"":""site_photos"",""title"":""mdc_photo_mdc_4f803b_cdv_photo_1754405920_1754406405888.jpg"",""ext"":""jpg"",""panorama"":false,""isDir"":false},{""pathname"":""/Collected Media/map_2662324/layer_6728851/mdc_photo_mdc_3fdc26_cdv_photo_1754405927_1754406405888.jpg"",""rid"":39609198,""lid"":""6728851"",""fid"":""997"",""field"":""site_photos"",""title"":""mdc_photo_mdc_3fdc26_cdv_photo_1754405927_1754406405888.jpg"",""ext"":""jpg"",""panorama"":false,""isDir"":false},{""pathname"":""/Collected Media/map_2662324/layer_6728851/mdc_photo_mdc_61b521_cdv_photo_1754405988_1754406405888.jpg"",""rid"":39609199,""lid"":""6728851"",""fid"":""997"",""field"":""site_photos"",""title"":""mdc_photo_mdc_61b521_cdv_photo_1754405988_1754406405888.jpg"",""ext"":""jpg"",""panorama"":false,""isDir"":false},{""pathname"":""/Collected Media/map_2662324/layer_6728851/mdc_photo_mdc_bf7d14_cdv_photo_003_1754406405888.jpg"",""rid"":39609200,""lid"":""6728851"",""fid"":""997"",""field"":""site_photos"",""title"":""mdc_photo_mdc_bf7d14_cdv_photo_003_1754406405888.jpg"",""ext"":""jpg"",""panorama"":false,""isDir"":false},{""pathname"":""/Collected Media/map_2662324/layer_6728851/mdc_photo_mdc_2c040a_cdv_photo_004_1754406405888.jpg"",""rid"":39609201,""lid"":""6728851"",""fid"":""997"",""field"":""site_photos"",""title"":""mdc_photo_mdc_2c040a_cdv_photo_004_1754406405888.jpg"",""ext"":""jpg"",""panorama"":false,""isDir"":false},{""pathname"":""/Collected Media/map_2662324/layer_6728851/mdc_photo_mdc_e7bbb5_cdv_photo_005_1754406405888.jpg"",""rid"":39609202,""lid"":""6728851"",""fid"":""997"",""field"":""site_photos"",""title"":""mdc_photo_mdc_e7bbb5_cdv_photo_005_1754406405888.jpg"",""ext"":""jpg"",""panorama"":false,""isDir"":false},{""pathname"":""/Collected Media/map_2662324/layer_6728851/mdc_photo_mdc_fb7cac_cdv_photo_006_1754406405888.jpg"",""rid"":39609203,""lid"":""6728851"",""fid"":""997"",""field"":""site_photos"",""title"":""mdc_photo_mdc_fb7cac_cdv_photo_006_1754406405888.jpg"",""ext"":""jpg"",""panorama"":false,""isDir"":false},{""pathname"":""/Collected Media/map_2662324/layer_6728851/mdc_photo_mdc_e20ac3_cdv_photo_007_1754406405888.jpg"",""rid"":39609204,""lid"":""6728851"",""fid"":""997"",""field"":""site_photos"",""title"":""mdc_photo_mdc_e20ac3_cdv_photo_007_1754406405888.jpg"",""ext"":""jpg"",""panorama"":false,""isDir"":false}]",200 SW Ave I MH ML S,TX,2025/08/05,,,,09:57,,2,N/A,N/A,,,,,N/A,,,Push camera and lateral Launch,,,
GAS LINE,2025-06-04,,,,,OSWEGO ,,,,,,2025/06/04,,,,,,,,,,,,,,,,,,,,,,,,,,,,,,,,,,,,Post,,,37.1637,-95.1081,,,,,,,One Gas,,,0406,GAS LINE,,,,,,,,,,,,,,,,,,,,,,,,,,,,,,,,,,,KS,2025/06/04,,,,11:31,,1,,,,,,,,,,,,,
COMPLETE NO BILL,2025-08-04,,1513,,S Helen St,Monahan,,,,,,2025/08/04,4600,One Gas,,,Jason Claunch,Kyle Graham ,,,,,,End,,,,,,,,79,,,,,,,,,,,2025/08/04,PO,2025/08/04,PO,,Post,One Gas,1,31.5815,-102.886,yes,1,1,,"4600 8/4/2025 Pushed from CO to secondary ML then pushed to main mainline, this is clear. Will not cross gas",,One Gas,"___json[{""pathname"":""/Collected Media/map_2662324/layer_6728851/mdc_photo_mdc_e48ae6_cdv_photo_011_1754337075086.jpg"",""rid"":39597019,""lid"":""6728851"",""fid"":""976"",""field"":""photo_map"",""title"":""mdc_photo_mdc_e48ae6_cdv_photo_011_1754337075086.jpg"",""ext"":""jpg"",""panorama"":false,""isDir"":false},{""pathname"":""/Collected Media/map_2662324/layer_6728851/mdc_photo_mdc_a243ff_cdv_photo_012_1754337075086.jpg"",""rid"":39597020,""lid"":""6728851"",""fid"":""976"",""field"":""photo_map"",""title"":""mdc_photo_mdc_a243ff_cdv_photo_012_1754337075086.jpg"",""ext"":""jpg"",""panorama"":false,""isDir"":false},{""pathname"":""/Collected Media/map_2662324/layer_6728851/mdc_photo_mdc_05f505_cdv_photo_013_1754337075086.jpg"",""rid"":39597021,""lid"":""6728851"",""fid"":""976"",""field"":""photo_map"",""title"":""mdc_photo_mdc_05f505_cdv_photo_013_1754337075086.jpg"",""ext"":""jpg"",""panorama"":false,""isDir"":false},{""pathname"":""/Collected Media/map_2662324/layer_6728851/mdc_photo_mdc_205a72_cdv_photo_014_1754337075086.jpg"",""rid"":39597022,""lid"":""6728851"",""fid"":""976"",""field"":""photo_map"",""title"":""mdc_photo_mdc_205a72_cdv_photo_014_1754337075086.jpg"",""ext"":""jpg"",""panorama"":false,""isDir"":false},{""pathname"":""/Collected Media/map_2662324/layer_6728851/mdc_photo_mdc_fe4345_cdv_photo_015_1754337075086.jpg"",""rid"":39597023,""lid"":""6728851"",""fid"":""976"",""field"":""photo_map"",""title"":""mdc_photo_mdc_fe4345_cdv_photo_015_1754337075086.jpg"",""ext"":""jpg"",""panorama"":false,""isDir"":false}]",N/A,0723,COMPLETE NO BILL,,,,,,,,,,,,,,,,,,,,,,,,,,,,79,,,79,Main Inspection,,,TX,2025/08/04,,,,14:40,D CO ML W,2,Kyle Graham ,,,2025/08/04,,,-----------------,,,Push Camera,,,
COMPLETE NO BILL,2025-08-07,,113,,Manor Pl,El paso,,,,,,2025/08/07,---------------------,Manor Pl El Paso,,,---------------------,---------------------,0,,,,,End,,,,,,No,,48,,,,,,,,,,,2025/08/07,LETS,2025/08/07,LETS,,Post,Scott.lovelady@Onegas.com ,,31.7381,-106.254,yes,1,1,,"08/07/2025 Truck5100 
Lead - Christian E. Tech - Derek K. 
Line runs away from gas no conflict. Property is complete and clear",,One Gas,"___json[{""pathname"":""/Collected Media/map_2662324/layer_6728851/mdc_photo_mdc_9e8bc3_cdv_photo_007_1754619216899.jpg"",""rid"":39650977,""lid"":""6728851"",""fid"":""1121"",""field"":""photo_map"",""title"":""mdc_photo_mdc_9e8bc3_cdv_photo_007_1754619216899.jpg"",""ext"":""jpg"",""panorama"":false,""isDir"":false}]",Yes,0723,COMPLETE NO BILL,,,,,,,,PASS-JAB,,,2025/08/27,,,Jay Brown,,,Pass,,,A,,,,,,,,,1,,,Lateral Inspection,"___json[{""pathname"":""/Collected Media/map_2662324/layer_6728851/mdc_photo_mdc_53e2a4_cdv_photo_006_1754619216899.jpg"",""rid"":39650976,""lid"":""6728851"",""fid"":""1121"",""field"":""site_photos"",""title"":""mdc_photo_mdc_53e2a4_cdv_photo_006_1754619216899.jpg"",""ext"":""jpg"",""panorama"":false,""isDir"":false}]",,TX,2025/08/07,,,,20:09,,2,---------------------,,,2025/08/07,,,-----------------,,,Lateral Launch,https://pioneer.sewerai.com/dashboard/review/e10ff5d4-b210-4c8d-89cf-166cbfd9458d?limit=30&offset=0&project=25PV0406+ONE+GAS+&city=el+paso&client_reviewed=false,,
COMPLETE,2025-05-08,,417,,1ST AVE,HUTCHINSON ,,,,,,2025/05/08,2400,PW-23R3-HUTCHINSON-SHERMAN AND MADISON ,,,Edgar Atwood,Michael Parrish,0,13,0,,,TAP,GSI,END/ROOTBALL,,,,,West,289.4,74.1,75.5,,,289.4,,,,,,2025/05/08,LETS,2025/05/08,LETS,,Post,SCOTT.LOVELADY@ONEGAS.COM ,,38.0528,-97.9393,yes,1,1,,ENDED AT ROOTBALL ,,One Gas,"___json[{""pathname"":""/Collected Media/map_2662324/layer_6728851/mdc_photo_mdc_4f4bc6_cdv_photo_002_1746738536718.jpg"",""rid"":38485081,""lid"":""6728851"",""fid"":""731"",""field"":""photo_map"",""title"":""mdc_photo_mdc_4f4bc6_cdv_photo_002_1746738536718.jpg"",""ext"":""jpg"",""panorama"":false,""isDir"":false}]",Yes,0406,COMPLETE,"ON PULLBACK, THERE IS ENOUGH VISUAL TO SEE THERE ARE NO CONFLICTS.",,,Katy Thompson,Pass,,,"POOR VISUAL, CAMERA IS BLURRY, NO VISUAL 35'- END, END/ROOTBALL",,,2025/05/13,,,Katy Thompson,,,Pass,,,A,B,,,,,,,,1,,,Lateral Inspection,"___json[{""pathname"":""/Collected Media/map_2662324/layer_6728851/mdc_photo_mdc_1b4f4e_cdv_photo_000_1746738388863.jpg"",""rid"":38485054,""lid"":""6728851"",""fid"":""731"",""field"":""site_photos"",""title"":""mdc_photo_mdc_1b4f4e_cdv_photo_000_1746738388863.jpg"",""ext"":""jpg"",""panorama"":false,""isDir"":false},{""pathname"":""/Collected Media/map_2662324/layer_6728851/mdc_photo_mdc_c4ac71_cdv_photo_001_1746738388863.jpg"",""rid"":38485055,""lid"":""6728851"",""fid"":""731"",""field"":""site_photos"",""title"":""mdc_photo_mdc_c4ac71_cdv_photo_001_1746738388863.jpg"",""ext"":""jpg"",""panorama"":false,""isDir"":false}]",MH 400 W SHERMAN ST ,KS,2025/05/08,,,West,16:02,,2,Edgar Atwood,,,2025/05/08,,,2400 LETS,,,Lateral Launch,https://pioneer.sewerai.com/dashboard/review/5a6115a1-3b88-4d59-bcd4-1e6d9d7b23d9?t=1.32369&limit=30&offset=30&project=25PV0406+ONE+GAS+&client_reviewed=false&ordering=Lateral_Segment_Reference,,
COMPLETE,2025-05-09,,420,,AVENUE A,HUTCHINSON,,,,,,2025/05/09,,,,,,,,,,,,,,,,,,,,,,,,,,,,,,,,,,,,Post,,,38.0516,-97.9403,,,,,,,One Gas,,,0406,COMPLETE,,,,,,,,,,,,,,,,,,,,,,,,,,,,,,,,,,,KS,2025/05/09,,,West,10:56,,1,,,,,,,,,,,,,
OFFICE REVIEW,2025-06-05,,313,,RIVER ST,COMMERCE,,,,,,,2400,5TH AND RIVER,,,James Atwood,Michael Parrish,0,0,,,,TAP,END,,,,,,South,181.1,18.1,,,,181.1,,,,,,,,,,,Post,SCOTT.LOVELADY@ONEGAS.COM ,,36.9375,-94.8748,yes,1,1,,DEFORMED ORANGE BURG CANNOT GET ACCESS TO YARD,,One Gas,"___json[{""pathname"":""/Collected Media/map_2662324/layer_6728851/mdc_photo_mdc_03a7e8_cdv_photo_000_1749148284275.jpg"",""rid"":38796929,""lid"":""6728851"",""fid"":""889"",""field"":""photo_map"",""title"":""mdc_photo_mdc_03a7e8_cdv_photo_000_1749148284275.jpg"",""ext"":""jpg"",""panorama"":false,""isDir"":false}]",No,0406,OFFICE REVIEW,,,,,,,,VIDEO IS CLEAR UNTIL STOPPED BY DEFORMED ORANGE BURG,,,2025/06/06,,,Katy Thompson,,,Pass,,,A,B,,,,,,,,1,,,Lateral Inspection,,MH 318 N QUINCY ST ,OK,2025/06/05,,,North,,A,2,James Atwood,,,2025/06/05,,,2400 LETS,,,,https://pioneer.sewerai.com/dashboard/review/5e681345-f428-43b6-8a31-8148843f05ba?t=5.722514&limit=30&offset=0&project=24PV0408+MESA+COUNTY-GATEWAY&ordering=-Inspection_Date&client_reviewed=false&city=COMMERCE,,
COMPLETE,2025-06-05,,17551,,PRAIRIE STAR PKWY ,LENEXA ,,,,,,2025/06/05,1800,VISTA VILLAGE (PRAIRIE STAR PKWY/RIDGEVIEW) ,,,Eric Zerr,Carter Pacheco,0,0,,,,TAP,END,,,,,No,North,211.9,22.7,,,,211.9,,,,,,2025/06/05,LETS,2025/06/05,LETS,,Post,SCOTT.LOVELADY@ONEGAS.COM ,,38.9537,-94.7924,yes,1,1,,,,One Gas,"___json[{""pathname"":""/Collected Media/map_2662324/layer_6728851/mdc_photo_mdc_f04578_cdv_photo_006_1749158968533.jpg"",""rid"":38798517,""lid"":""6728851"",""fid"":""918"",""field"":""photo_map"",""title"":""mdc_photo_mdc_f04578_cdv_photo_006_1749158968533.jpg"",""ext"":""jpg"",""panorama"":false,""isDir"":false}]",Yes,0403,COMPLETE,,,,,,,,,,,2025/06/06,,,Katy Thompson,,,,,,A,B,,,,,,,,1,,,Lateral Inspection,,MH 17551 PRAIRIE STAR PKWY ,KS,2025/06/05,,,,16:26,I,2,Eric Zerr,,,2025/06/05,,,1800 LETS,,,Lateral Launch,https://pioneer.sewerai.com/dashboard/review/e7ab989c-3639-4dda-8104-b30b0eb82d2d?t=5.002606&limit=30&offset=0&project=24PV0408+MESA+COUNTY-GATEWAY&ordering=-Inspection_Date&client_reviewed=false&city=LENEXA,,
GAS LINE,2025-05-09,,,,,,,,,,,2025/05/09,,,,,,,,,,,,,,,,,,,,,,,,,,,,,,,,,,,,Post,,,37.6878,-97.3654,,,,,,,One Gas,,,0406,GAS LINE,,,,,,,,,,,,,,,,,,,,,,,,,,,,,,,,,,,,2025/05/09,,,,12:05,,1,,,,,,,,,,,,,
GAS LINE,2025-05-09,,,,,HUTCHINSON ,,,,,,2025/05/09,,,,,,,,,,,,,,,,,,,,,,,,,,,,,,,,,,,,Post,,,38.0516,-97.9404,,,,,,,One Gas,,,0406,GAS LINE,,,,,,,,,,,,,,,,,,,,,,,,,,,,,,,,,,,KS,2025/05/09,,,West,12:21,,1,,,,,,,,,,,,,
COMPLETE,2025-06-04,,619,,MERCHANT ST,OSWEGO ,,,,,,2025/06/04,2400,6 AND MERCHANT,,,James Atwood,Michael Parrish,0,0,,,,TAP,CAP/END,,,,,,North,76.5,11.1,,,,76.5,,,,,,2025/06/04,LETS,2025/06/04,LETS,,Post,SCOTT.LOVELADY@ONEGAS.COM ,,37.1637,-95.1081,yes,1,1,,CLEAR / ABANDONED LINE / CAPPED,,One Gas,"___json[{""pathname"":""/Collected Media/map_2662324/layer_6728851/mdc_photo_mdc_c6d510_cdv_photo_001_1749047097824.jpg"",""rid"":38777649,""lid"":""6728851"",""fid"":""820"",""field"":""photo_map"",""title"":""mdc_photo_mdc_c6d510_cdv_photo_001_1749047097824.jpg"",""ext"":""jpg"",""panorama"":false,""isDir"":false}]",Yes,0403,COMPLETE,,,,,,,,,,,2025/06/17,,,Katy Thompson,,,Pass,,,A,B,,,,,,,,1,,,Lateral Inspection,,MH 635 MERCHANT ST ,KS,2025/06/04,,,,09:20,,2,James Atwood,,,2025/06/04,,,2400 LETS,,,Lateral Launch,https://pioneer.sewerai.com/dashboard/review/03ee92f7-ead9-41b5-8f2a-734ba100a4a5?t=2.552763&limit=30&offset=0&project=24PV0408+MESA+COUNTY-GATEWAY&city=OSWEGO&client_reviewed=false,,
COMPLETE,2025-05-09,,2032,,2ND ST,WICHITA ,,,,,,2025/05/09,2400,WICHITA-3RD AND ST CLAIR ,,,Edgar Atwood,Michael Parrish,0,36,0,,,TAP,GMI,END / P TRAP,,,,,West,37.5,3.8,8.5,,,37.5,,,,,,2025/05/09,LETS,2025/05/09,LETS,,Post,SCOTT.LOVELADY@ONEGAS.COM ,,37.6879,-97.3653,yes,1,1,,ENDED AT P TRAP COULDNT FIND C/O,,One Gas,"___json[{""pathname"":""/Collected Media/map_2662324/layer_6728851/mdc_photo_mdc_499d7d_cdv_photo_001_1746812957362.jpg"",""rid"":38495654,""lid"":""6728851"",""fid"":""759"",""field"":""photo_map"",""title"":""mdc_photo_mdc_499d7d_cdv_photo_001_1746812957362.jpg"",""ext"":""jpg"",""panorama"":false,""isDir"":false}]",Yes,0406,COMPLETE,,,,,,,,CLEAR ON PULLBACK,,,2025/05/16,,,Katy Thompson,,,Pass,,,A,B,,,,,,,,1,,,Lateral Inspection,"___json[{""pathname"":""/Collected Media/map_2662324/layer_6728851/mdc_photo_mdc_d9233b_cdv_photo_000_1746812427542.jpg"",""rid"":38495570,""lid"":""6728851"",""fid"":""759"",""field"":""site_photos"",""title"":""mdc_photo_mdc_d9233b_cdv_photo_000_1746812427542.jpg"",""ext"":""jpg"",""panorama"":false,""isDir"":false}]",MH 2026 W 2ND ST,KS,2025/05/09,,,West,12:36,,2,Edgar Atwood,,,2025/05/09,,,2400 LETS,,,Lateral Launch,https://pioneer.sewerai.com/dashboard/review/1d386fe1-e870-4b23-9dfe-f92bc2331a3c?t=0&limit=30&offset=0&client_reviewed=false&project=25PV0406+ONE+GAS+,,
OFFICE REVIEW,2025-05-09,,2130,,2ND ST,WICHITA ,,,,,,2025/05/09,2400,WICHITA-3RD AND ST CLAIR ,,,Edgar Atwood,Michael Parrish,0,31,0,,,TAP,GMI,END,,,,,West,324.5,2.8,7.6,,,324.5,,,,,,2025/05/09,LETS,2025/05/09,LETS,,Post,SCOTT.LOVELADY@ONEGAS.COM ,,37.6878,-97.3654,yes,1,1,,ENDED AT P TRAP,,One Gas,"___json[{""pathname"":""/Collected Media/map_2662324/layer_6728851/mdc_photo_mdc_ad2be8_cdv_photo_001_1746814654874.jpg"",""rid"":38495815,""lid"":""6728851"",""fid"":""762"",""field"":""photo_map"",""title"":""mdc_photo_mdc_ad2be8_cdv_photo_001_1746814654874.jpg"",""ext"":""jpg"",""panorama"":false,""isDir"":false}]",Yes,0406,OFFICE REVIEW,,,,,,,,,,,2025/05/16,,,Katy Thompson,,,Pass,,,A,B,,,,,,,,1,,,Lateral Inspection,"___json[{""pathname"":""/Collected Media/map_2662324/layer_6728851/mdc_photo_mdc_7fde8a_cdv_photo_000_1746814323413.jpg"",""rid"":38495773,""lid"":""6728851"",""fid"":""762"",""field"":""site_photos"",""title"":""mdc_photo_mdc_7fde8a_cdv_photo_000_1746814323413.jpg"",""ext"":""jpg"",""panorama"":false,""isDir"":false}]",MH 2026 W 2ND ST,KS,2025/05/09,,,West,13:07,,2,Edgar Atwood,,,2025/05/09,,,2400 LETS,,,Lateral Launch,https://pioneer.sewerai.com/dashboard/review/0fe9870e-73a2-44cf-846a-71f75dd668b2?t=7.286384&limit=30&offset=0&client_reviewed=false&project=25PV0406+ONE+GAS+,,
COMPLETE,2025-05-08,,415,,1ST AVE ,HUTCHINSON ,,,,,,2025/05/08,2400,PW-23R3-HUTCHINSON-SHERMAN AND MADISON ,,,Edgar Atwood,Michael Parrish,0,0,0,0,,TAP,12T,3T,END,,,,West,269.7,23.7,96.7,109.4,,269.7,,,,,,2025/05/08,LETS,2025/05/08,LETS,,Post,SCOTT.LOVELADY@ONEGAS.COM ,,38.0528,-97.9393,yes,1,1,,3T GOES TOWARDS THE GAS LINE ,,One Gas,"___json[{""pathname"":""/Collected Media/map_2662324/layer_6728851/mdc_photo_mdc_e2f2bb_cdv_photo_000_1746736424787.jpg"",""rid"":38484669,""lid"":""6728851"",""fid"":""728"",""field"":""photo_map"",""title"":""mdc_photo_mdc_e2f2bb_cdv_photo_000_1746736424787.jpg"",""ext"":""jpg"",""panorama"":false,""isDir"":false}]",Yes,0406,COMPLETE,"THERE ARE NO GAS CROSSINGS, NO CONFLICTS.",,,Katy Thompson,Pass,,,"POOR VISUAL CAMERA IS BLURRY, DEBRIS ON CAMERA",,,2025/05/13,,,Katy Thompson,,,Pass,,,A,B,C,,,,,,,1,,,Lateral Inspection,,MH 400 W SHERMAN ST ,KS,2025/05/08,,,West,15:24,,2,Edgar Atwood,,,2025/05/08,,,2400 LETS,,,Lateral Launch,https://pioneer.sewerai.com/dashboard/review/c8856a70-2f01-4a6f-a487-07c0888d1762?t=3.857449&limit=30&offset=30&project=25PV0406+ONE+GAS+&client_reviewed=false&ordering=Lateral_Segment_Reference,,
GAS LINE,2025-05-09,,2130,,2ND ST,WICHITA ,,,,,,2025/05/09,,,,,,,,,,,,,,,,,,,,,,,,,,,,,,,,,,,,Post,,,37.6879,-97.3654,,,,,,,One Gas,,,0406,GAS LINE,,,,,,,,,,,,,,,,,,,,,,,,,,,,,,,,,,,KS,2025/05/09,,,West,13:12,,1,,,,,,,,,,,,,
OFFICE REVIEW,2025-08-05,,1509,,S Helen St,Monahans,,,,,,,4600,One Gas,,,Jason Claunch,Kyle Graham ,,,,,,,,,,,,,,,,,,,,,,,,,,,,,,Post,One Gas,,31.581,-102.887,,,,,8/4/2025 4600 could not locate CO for lateral but did find tap in rear of property. This will not cross or conflict with gas.,,One Gas,,N/A,0723,OFFICE REVIEW,,,,,,,,,,,,,,,,,,,,,,,,,,,,,,,,Lateral Inspection,"___json[{""pathname"":""/Collected Media/map_2662324/layer_6728851/mdc_photo_mdc_b48885_cdv_photo_019_1754432485018.jpg"",""rid"":39614555,""lid"":""6728851"",""fid"":""1018"",""field"":""site_photos"",""title"":""mdc_photo_mdc_b48885_cdv_photo_019_1754432485018.jpg"",""ext"":""jpg"",""panorama"":false,""isDir"":false},{""pathname"":""/Collected Media/map_2662324/layer_6728851/mdc_photo_mdc_965f81_cdv_photo_020_1754432485018.jpg"",""rid"":39614556,""lid"":""6728851"",""fid"":""1018"",""field"":""site_photos"",""title"":""mdc_photo_mdc_965f81_cdv_photo_020_1754432485018.jpg"",""ext"":""jpg"",""panorama"":false,""isDir"":false}]",,TX,2025/08/05,,,,,A,2,N/A,,,,,,N/A,,,,,,
COMPLETE,2025-06-05,,9309,,MOODY PARK DR,OVERLAND PARK ,,,,,,2025/06/05,1800,SOUTHDALE/95 AND NEIMAN ,,,Eric Zerr,Carter Pacheco,0,0,,,,TAP,END,,,,,,North,146,50,,,,,,,,TO NORTH,,2025/06/05,LETS,2025/06/05,LETS,,Post,SCOTT.LOVELADY@ONEGAS.COM ,,38.9581,-94.7011,yes,1,1,,TECH IS CHRIS,,One Gas,,Yes,0403,COMPLETE,,,,,,,,"POOR VISUAL 0-15', 37'- 47' DUE TO WATER AND DEBRIS, CLEAR ON PULLBACK",,,2025/06/05,,,Katy Thompson,,,Pass,,,A,B,,,,,,,,1,,,Lateral Inspection,,MH 9403 MOODY PARK DR ,KS,2025/06/05,,,,11:21,,2,Eric Zerr,,,2025/06/05,,,1800 LETS,,,Lateral Launch,https://pioneer.sewerai.com/dashboard/review/765d474a-44b5-4e89-b6d3-72c38d2d37de?t=2.738931&limit=30&offset=0&project=24PV0408+MESA+COUNTY-GATEWAY&status=uploaded&client_reviewed=false,,
COMPLETE,2025-06-06,,406,,QUINCY ST,COMMERCE,,,,,,2025/06/06,2400,5TH AND RIVER,,,James Atwood,Michael Parrish,0,35,0,,,C/O,GMI,END,,,,,,0,56.3,58.7,,,,,,,,,2025/06/06,PO,2025/06/06,PO,,Post,SCOTT.LOVELADY@ONEGAS.COM ,1,36.9379,-94.8748,yes,1,1,,NO GAS / CLEAR,,One Gas,"___json[{""pathname"":""/Collected Media/map_2662324/layer_6728851/mdc_photo_mdc_b5396e_cdv_photo_000_1749229232703.jpg"",""rid"":38808662,""lid"":""6728851"",""fid"":""940"",""field"":""photo_map"",""title"":""mdc_photo_mdc_b5396e_cdv_photo_000_1749229232703.jpg"",""ext"":""jpg"",""panorama"":false,""isDir"":false}]",N/A,0406,COMPLETE,,,,,,,,,,,,,,,,,,,,A,B,C,,,,,,,,,,Lateral Inspection,"___json[{""pathname"":""/Collected Media/map_2662324/layer_6728851/mdc_photo_mdc_74536b_cdv_photo_1749229084_1749229091244.jpg"",""rid"":38808648,""lid"":""6728851"",""fid"":""940"",""field"":""site_photos"",""title"":""mdc_photo_mdc_74536b_cdv_photo_1749229084_1749229091244.jpg"",""ext"":""jpg"",""panorama"":false,""isDir"":false}]",,OK,2025/06/06,,,North,11:54,,2,James Atwood,,,2025/06/06,,,2400 PO,,,Push Camera,,,
COMPLETE,2025-05-08,,404,,AVENUE A,HUTCHINSON ,,,,,,2025/05/08,1800,PW-23R3-HUTCHINSON-SHERMAN AND MADISON ,,,Eric Zerr,Carter Pacheco,27,28,32,29,0,TAP,GMI,12T,END,CO,,No,West,78.6,2,22.4,60.1,0,78.6,,,,,"REFERENCE 6-GSI 55.0@29” GAS AT 32”
REFERENCE 7-END 70@29",2025/05/08,LETS,2025/05/08,PO & LETS,,Post, SCOTT.LOVELADY@ONEGAS.COM ,1,38.0516,-97.9394,yes,2,2,,,,One Gas,"___json[{""pathname"":""/Collected Media/map_2662324/layer_6728851/mdc_photo_mdc_4864f2_cdv_photo_002_1746720174057.jpg"",""rid"":38481893,""lid"":""6728851"",""fid"":""706"",""field"":""photo_map"",""title"":""mdc_photo_mdc_4864f2_cdv_photo_002_1746720174057.jpg"",""ext"":""jpg"",""panorama"":false,""isDir"":false}]",Yes,0406,COMPLETE,,,,,Pass,,,"GMI UNDER WATER, POOR VISUAL DUE TO LOTS OF WATER IN PIPE, NO VISUAL @ GMI OR GSI ","GSI @ 55' IS CLEAR, AS SHOWN IN PO VIDEO, GMI @ 2' IS CLEAR AFTER FURTHER INSPECTION. COUNTER STOPS WORKING BUT ALL IS CLEAR ON PULLBACK",,2025/05/14,2025/09/19,,Katy Thompson,Katy Thompson,,Pass,Pass,,A,B,C,D,E,,,,,1,,,Lateral Inspection,"___json[{""pathname"":""/Collected Media/map_2662324/layer_6728851/mdc_photo_mdc_875cc5_cdv_photo_000_1746719948231.jpg"",""rid"":38481858,""lid"":""6728851"",""fid"":""706"",""field"":""site_photos"",""title"":""mdc_photo_mdc_875cc5_cdv_photo_000_1746719948231.jpg"",""ext"":""jpg"",""panorama"":false,""isDir"":false},{""pathname"":""/Collected Media/map_2662324/layer_6728851/mdc_photo_mdc_d9b747_cdv_photo_001_1746719948231.jpg"",""rid"":38481859,""lid"":""6728851"",""fid"":""706"",""field"":""site_photos"",""title"":""mdc_photo_mdc_d9b747_cdv_photo_001_1746719948231.jpg"",""ext"":""jpg"",""panorama"":false,""isDir"":false}]",MH 401 W SHERMAN ST ,KS,2025/05/08,,,West,10:44,,2,Eric Zerr,Eric Zerr,,2025/05/08,2025/05/08,,1800 LETS,1800 PO,,Push camera and lateral Launch,https://pioneer.sewerai.com/dashboard/review/e9149507-edbd-403a-b5c1-bf3d6f0cc894?t=4.099023&limit=30&offset=0&project=25PV0406+ONE+GAS+&ordering=Lateral_Segment_Reference&surveyed_by=ERIC+ZERR&client_reviewed=false,https://pipeviewamerica.sharefile.com/d-s0927a72b562a410cb6e7d7bde3e821c2,
COMPLETE,2025-06-04,,STMH 10001 W 93RD ST ,,93RD ST,OVERLAND PARK ,,,,,,2025/06/04,,SOUTHDALE/95 AND NEIMAN ,,,Edgar Atwood,Carter Pacheco,0,0,,,,STMH 10001 W 93RD ST ,STMH 10001 B W 93RD ST ,,,,,No,,0,34.3,,,,,,,,STMH 10001 B W 93RD ST ,,2025/06/04,ML,2025/06/04,ML,,Post,SCOTT.LOVELADY@ONEGAS.COM ,,38.9598,-94.7013,yes,1,1,,UPDATED BY TEAM #1059 ML,,One Gas,"___json[{""pathname"":""/Collected Media/map_2662324/layer_6728851/mdc_photo_mdc_849509_cdv_photo_000_1749072179928.jpg"",""rid"":38783116,""lid"":""6728851"",""fid"":""837"",""field"":""photo_map"",""title"":""mdc_photo_mdc_849509_cdv_photo_000_1749072179928.jpg"",""ext"":""jpg"",""panorama"":false,""isDir"":false}]",N/A,0403,COMPLETE,,,,,,,,,,,,,,,,,,,,A,B,,,,,,,,,,,Main Inspection,,STMH 10001 W 93RD ST ,KS,2025/06/04,,34.3,West,12:44,STMH 10001 B W 93RD ST ,3,Edgar Atwood,,,2025/06/04,,,1059 ML,,,CCTV,,,
COMPLETE,2025-05-08,,402 ,,SHERMAN ST,HUTCHINSON,,,,,,2025/05/08,2400,PW-23R3-HUTCHINSON-SHERMAN AND MADISON,,,Edgar Atwood,Robert Gudgel,0,26,27,0,,TAP,GMI,GSI,END,,,,North,59.2,7.6,19.7,92.2,,59.2,,,,,,2025/05/08,LETS,2025/05/08,LETS,,Post,SCOTT.LOVELADY@ONEGAS.COM,,38.0527,-97.9393,yes,1,1,,,,One Gas,"___json[{""pathname"":""/Collected Media/map_2662324/layer_6728851/mdc_photo_mdc_4cd7e4_cdv_photo_008_1746714664332.jpg"",""rid"":38480321,""lid"":""6728851"",""fid"":""695"",""field"":""photo_map"",""title"":""mdc_photo_mdc_4cd7e4_cdv_photo_008_1746714664332.jpg"",""ext"":""jpg"",""panorama"":false,""isDir"":false}]",Yes,0406,COMPLETE,,,,,,,,,,,2025/05/16,,,Katy Thompson,,,Pass,,,A,B,C,,,,,,,1,,,Lateral Inspection,"___json[{""pathname"":""/Collected Media/map_2662324/layer_6728851/mdc_photo_mdc_b5ff98_cdv_photo_005_1746714382640.jpg"",""rid"":38480206,""lid"":""6728851"",""fid"":""695"",""field"":""site_photos"",""title"":""mdc_photo_mdc_b5ff98_cdv_photo_005_1746714382640.jpg"",""ext"":""jpg"",""panorama"":false,""isDir"":false},{""pathname"":""/Collected Media/map_2662324/layer_6728851/mdc_photo_mdc_e9c18b_cdv_photo_006_1746714382640.jpg"",""rid"":38480207,""lid"":""6728851"",""fid"":""695"",""field"":""site_photos"",""title"":""mdc_photo_mdc_e9c18b_cdv_photo_006_1746714382640.jpg"",""ext"":""jpg"",""panorama"":false,""isDir"":false},{""pathname"":""/Collected Media/map_2662324/layer_6728851/mdc_photo_mdc_778e67_cdv_photo_007_1746714382640.jpg"",""rid"":38480208,""lid"":""6728851"",""fid"":""695"",""field"":""site_photos"",""title"":""mdc_photo_mdc_778e67_cdv_photo_007_1746714382640.jpg"",""ext"":""jpg"",""panorama"":false,""isDir"":false}]",MH 400 W SHERMAN ST,KS,2025/05/08,,,West,09:19,,2,Edgar Atwood,,,2025/05/08,,,2400 LETS,,,Lateral Launch,https://pioneer.sewerai.com/dashboard/review/5c5e91c4-03c1-424c-9d58-d41f1000ac85?t=0&limit=30&offset=0&project=25PV0406+ONE+GAS+&client_reviewed=false,,
COMPLETE NO BILL,2025-08-04,,1408,,Bruce Ave,Monahans,,,,,,2025/08/04,4600,One Gas,,,Jason Claunch,Kyle Graham ,,,,,,End/MH,,,,,,No,,311.1,,,,,,,,,,,2025/08/04,LETS,2025/08/04,LETS,,Post,One Gas,,31.5815,-102.886,yes,1,1,,"8/4/2025 4600 made it to paved over MH, this section of main is clear. Pieces of asphalt and sludge throughout. Had to lets out to reach MH, no taps in this stretch.",,One Gas,"___json[{""pathname"":""/Collected Media/map_2662324/layer_6728851/mdc_photo_mdc_67ef46_cdv_photo_022_1754338151749.jpg"",""rid"":39597307,""lid"":""6728851"",""fid"":""977"",""field"":""photo_map"",""title"":""mdc_photo_mdc_67ef46_cdv_photo_022_1754338151749.jpg"",""ext"":""jpg"",""panorama"":false,""isDir"":false}]",N/A,0723,COMPLETE NO BILL,,,,,,,,,,,,,,,,,,,,,,,,,,,,311.1,,,311.1,Main Inspection,"___json[{""pathname"":""/Collected Media/map_2662324/layer_6728851/mdc_photo_mdc_624a84_cdv_photo_016_1754338065041.jpg"",""rid"":39597283,""lid"":""6728851"",""fid"":""977"",""field"":""site_photos"",""title"":""mdc_photo_mdc_624a84_cdv_photo_016_1754338065041.jpg"",""ext"":""jpg"",""panorama"":false,""isDir"":false},{""pathname"":""/Collected Media/map_2662324/layer_6728851/mdc_photo_mdc_4c2790_cdv_photo_017_1754338065041.jpg"",""rid"":39597284,""lid"":""6728851"",""fid"":""977"",""field"":""site_photos"",""title"":""mdc_photo_mdc_4c2790_cdv_photo_017_1754338065041.jpg"",""ext"":""jpg"",""panorama"":false,""isDir"":false},{""pathname"":""/Collected Media/map_2662324/layer_6728851/mdc_photo_mdc_2a8717_cdv_photo_018_1754338065041.jpg"",""rid"":39597285,""lid"":""6728851"",""fid"":""977"",""field"":""site_photos"",""title"":""mdc_photo_mdc_2a8717_cdv_photo_018_1754338065041.jpg"",""ext"":""jpg"",""panorama"":false,""isDir"":false},{""pathname"":""/Collected Media/map_2662324/layer_6728851/mdc_photo_mdc_eb5d56_cdv_photo_019_1754338065041.jpg"",""rid"":39597286,""lid"":""6728851"",""fid"":""977"",""field"":""site_photos"",""title"":""mdc_photo_mdc_eb5d56_cdv_photo_019_1754338065041.jpg"",""ext"":""jpg"",""panorama"":false,""isDir"":false},{""pathname"":""/Collected Media/map_2662324/layer_6728851/mdc_photo_mdc_c25d35_cdv_photo_020_1754338065041.jpg"",""rid"":39597287,""lid"":""6728851"",""fid"":""977"",""field"":""site_photos"",""title"":""mdc_photo_mdc_c25d35_cdv_photo_020_1754338065041.jpg"",""ext"":""jpg"",""panorama"":false,""isDir"":false},{""pathname"":""/Collected Media/map_2662324/layer_6728851/mdc_photo_mdc_18eff3_cdv_photo_021_1754338065041.jpg"",""rid"":39597288,""lid"":""6728851"",""fid"":""977"",""field"":""site_photos"",""title"":""mdc_photo_mdc_18eff3_cdv_photo_021_1754338065041.jpg"",""ext"":""jpg"",""panorama"":false,""isDir"":false}]",1408 Bruce Ave MH ML E,TX,2025/08/04,,,East,15:03,MH ML E,2,Jason Claunch,,,2025/08/04,,,-----------------,,,CCTV,,,
COMPLETE,2025-06-05,,17551,,PRAIRIE STAR PKWY ,LENEXA ,,,,,,2025/06/05,1800,VISTA VILLAGE (PRAIRIE STAR PKWY/RIDGEVIEW) ,,,Eric Zerr,Carter Pacheco,0,0,,,,TAP,END,,,,,No,North,112,28.9,,,,112,,,,,,2025/06/05,LETS,2025/06/05,LETS,,Post,SCOTT.LOVELADY@ONEGAS.COM ,,38.9536,-94.7925,yes,1,1,,,,One Gas,"___json[{""pathname"":""/Collected Media/map_2662324/layer_6728851/mdc_photo_mdc_d34110_cdv_photo_000_1749154165653.jpg"",""rid"":38797808,""lid"":""6728851"",""fid"":""906"",""field"":""photo_map"",""title"":""mdc_photo_mdc_d34110_cdv_photo_000_1749154165653.jpg"",""ext"":""jpg"",""panorama"":false,""isDir"":false}]",Yes,0403,COMPLETE,,,,,,,,,,,2025/06/06,,,Katy Thompson,,,Pass,,,A,B,,,,,,,,1,,,Lateral Inspection,,MH 17551 PRAIRIE STAR PKWY ,KS,2025/06/05,,,,15:04,C,2,Eric Zerr,,,2025/06/05,,,1800 LETS,,,Lateral Launch,https://pioneer.sewerai.com/dashboard/review/44fa5110-3467-4714-9fc2-3da08c0ceb45?t=3.267487&limit=30&offset=0&project=24PV0408+MESA+COUNTY-GATEWAY&ordering=-Inspection_Date&client_reviewed=false&city=LENEXA,,
COMPLETE NO BILL,2025-08-06,,7716,,Veracruz Ave,El Paso,,,,,,2025/08/06,4600,Acapulco El Paso ,,,Jason Claunch,Kyle Graham ,,,,,,End,,,,,,,East,47.6,,,,,311.3,,,,,,2025/08/06,LETS,2025/08/06,LETS,,Post,One Gas,,31.7473,-106.358,yes,1,1,,08/06/2025 4600. Sound in mainline and ran to foundation. This lateral is clear.,,One Gas,"___json[{""pathname"":""/Collected Media/map_2662324/layer_6728851/mdc_photo_mdc_95d75e_cdv_photo_015_1754510642987.jpg"",""rid"":39630575,""lid"":""6728851"",""fid"":""1048"",""field"":""photo_map"",""title"":""mdc_photo_mdc_95d75e_cdv_photo_015_1754510642987.jpg"",""ext"":""jpg"",""panorama"":false,""isDir"":false}]",N/A,0723,COMPLETE NO BILL,,,,,,,,,,,,,,,,,,,,,,,,,,,,,1,,,Lateral Inspection,"___json[{""pathname"":""/Collected Media/map_2662324/layer_6728851/mdc_photo_mdc_6d9f0f_cdv_photo_1754510638_1754510642987.jpg"",""rid"":39630574,""lid"":""6728851"",""fid"":""1048"",""field"":""site_photos"",""title"":""mdc_photo_mdc_6d9f0f_cdv_photo_1754510638_1754510642987.jpg"",""ext"":""jpg"",""panorama"":false,""isDir"":false}]",7701 Veracruz Ave MH ML E ,TX,2025/08/06,,,,13:55,,2,Jason Claunch,,,2025/08/06,,,-----------------,,,CCTV,,,
COMPLETE,2025-06-04,,MH 10002 W 93RD ST ,,W 93RD ST,OVERLAND PARK ,,,,,,2025/06/04,1800,SOUTHDALE/95 AND NEIMAN ,,,Edgar Atwood,Tiffanie Gibson,0,76,80,0,,START,GMI,GMI,END,,,,,0,157,293,467.1,,,,,,10100 W 93RD ST,,2025/06/04,LETS,2025/06/04,ML,,Post,SCOTT.LOVELADY@ONEGAS.COM ,,38.9598,-94.7016,yes,1,1,,VIDEO 1 IS CAI AND CREW LEAD. VIDEO DEVICE 1 IS TRUCK 1800 ML.,,One Gas,,Yes,0403,COMPLETE,,,,,,,,,,,2025/09/10,,,Katy Thompson,,,Pass,,,A,B,C,D,,,,,467.1,,,467.1,Main Inspection,"___json[{""pathname"":""/Collected Media/map_2662324/layer_6728851/mdc_photo_mdc_c1b1ab_cdv_photo_000_1749061797279.jpg"",""rid"":38781704,""lid"":""6728851"",""fid"":""828"",""field"":""site_photos"",""title"":""mdc_photo_mdc_c1b1ab_cdv_photo_000_1749061797279.jpg"",""ext"":""jpg"",""panorama"":false,""isDir"":false},{""pathname"":""/Collected Media/map_2662324/layer_6728851/mdc_photo_mdc_fa253f_cdv_photo_001_1749061797279.jpg"",""rid"":38781705,""lid"":""6728851"",""fid"":""828"",""field"":""site_photos"",""title"":""mdc_photo_mdc_fa253f_cdv_photo_001_1749061797279.jpg"",""ext"":""jpg"",""panorama"":false,""isDir"":false}]",MH 10002 W 93RD ST ,KS,2025/06/04,,,West,13:36,10100 W 93RD ST,2,N/A,,,2025/06/04,,,1800 LETS,,,CCTV,https://pioneer.sewerai.com/dashboard/review/5dee72aa-ca84-4243-89eb-9c29e2fc67b6?t=0&limit=30&offset=60&status=uploaded&client_reviewed=false&issues=false&ordering=-Inspection_Date&project=25PV0406+ONE+GAS+,,
COMPLETE,2025-05-07,,1100,,6TH ST,MANHATTAN,,,,,,2025/05/07,2400,BERTRAND / N 6 ST ,,,Edgar Atwood,Tiffanie Gibson,0,57,0,,,TAP,GMI,END 12T,,,,No,South,65.7,3.7,74.8,,,65.7,,,,,SHARES WITH 1104,2025/05/07,LETS,2025/05/07,LETS,,Post,SCOTT.LOVELADY@ONEGAS.COM ,,39.1904,-96.5649,yes,1,1,,,,One Gas,"___json[{""pathname"":""/Collected Media/map_2662324/layer_6728851/mdc_photo_mdc_363db8_cdv_photo_008_1746634765322.jpg"",""rid"":38468242,""lid"":""6728851"",""fid"":""641"",""field"":""photo_map"",""title"":""mdc_photo_mdc_363db8_cdv_photo_008_1746634765322.jpg"",""ext"":""jpg"",""panorama"":false,""isDir"":false}]",Yes,0406,COMPLETE,,,,,,,,,,,2025/05/07,,,Katy Thompson,,,Pass,,,A,,,,,,,,,1,,,Lateral Inspection,"___json[{""pathname"":""/Collected Media/map_2662324/layer_6728851/mdc_photo_mdc_d6d1f7_cdv_photo_003_1746634587401.jpg"",""rid"":38468188,""lid"":""6728851"",""fid"":""641"",""field"":""site_photos"",""title"":""mdc_photo_mdc_d6d1f7_cdv_photo_003_1746634587401.jpg"",""ext"":""jpg"",""panorama"":false,""isDir"":false},{""pathname"":""/Collected Media/map_2662324/layer_6728851/mdc_photo_mdc_07362e_cdv_photo_004_1746634587401.jpg"",""rid"":38468189,""lid"":""6728851"",""fid"":""641"",""field"":""site_photos"",""title"":""mdc_photo_mdc_07362e_cdv_photo_004_1746634587401.jpg"",""ext"":""jpg"",""panorama"":false,""isDir"":false},{""pathname"":""/Collected Media/map_2662324/layer_6728851/mdc_photo_mdc_ff2ad5_cdv_photo_005_1746634587401.jpg"",""rid"":38468190,""lid"":""6728851"",""fid"":""641"",""field"":""site_photos"",""title"":""mdc_photo_mdc_ff2ad5_cdv_photo_005_1746634587401.jpg"",""ext"":""jpg"",""panorama"":false,""isDir"":false},{""pathname"":""/Collected Media/map_2662324/layer_6728851/mdc_photo_mdc_cee079_cdv_photo_006_1746634587401.jpg"",""rid"":38468191,""lid"":""6728851"",""fid"":""641"",""field"":""site_photos"",""title"":""mdc_photo_mdc_cee079_cdv_photo_006_1746634587401.jpg"",""ext"":""jpg"",""panorama"":false,""isDir"":false},{""pathname"":""/Collected Media/map_2662324/layer_6728851/mdc_photo_mdc_3be9d0_cdv_photo_007_1746634587401.jpg"",""rid"":38468192,""lid"":""6728851"",""fid"":""641"",""field"":""site_photos"",""title"":""mdc_photo_mdc_3be9d0_cdv_photo_007_1746634587401.jpg"",""ext"":""jpg"",""panorama"":false,""isDir"":false}]",MH N 6TH ST,KS,2025/05/07,,,North,11:09,,2,Edgar Atwood,,,2025/05/07,,,2400 LETS,,,Lateral Launch,https://pioneer.sewerai.com/dashboard/review/9cc22c14-48ae-4c67-afd6-9f5b05b3fdd6?t=0&limit=30&offset=0&project=25PV0406+ONE+GAS+&client_reviewed=false,,
COMPLETE,2025-05-05,,230,,SW TERRA DR ,TOPEKA ,,,,,,2025/05/05,1800,PW-24R3-TOPEKA-SW SANNEMAN AND TERRA DR-CWO-5/31/25 ,,,Eric Zerr,Carter Pacheco,60,38,51,48,,TAP,GMI,12T,END,,,No,East,117.2,43.1,72.5,129.9,,117.2,,,,,,2025/05/05,LETS,2025/05/05,LETS,,Post,SCOTT.LOVELADY@ONEGAS.COM ,,38.9784,-95.6862,yes,1,1,,,,One Gas,,Yes,0406,COMPLETE,,,,,,,,CLEAR ON PULLBACK,,,2025/05/08,,,Katy Thompson,,,Pass,,,A,B,C,D,,,,,,1,,,Lateral Inspection,"___json[{""pathname"":""/Collected Media/map_2662324/layer_6728851/mdc_photo_mdc_69e54a_cdv_photo_1746462522_1746463056121.jpg"",""rid"":38439453,""lid"":""6728851"",""fid"":""546"",""field"":""site_photos"",""title"":""mdc_photo_mdc_69e54a_cdv_photo_1746462522_1746463056121.jpg"",""ext"":""jpg"",""panorama"":false,""isDir"":false}]",MH 232 SW TERRA DR ,KS,2025/05/05,,,South,11:25,,2,Eric Zerr,,,2025/05/05,,,1800 LETS,,,Lateral Launch,https://pioneer.sewerai.com/dashboard/review/4d84179d-8aaa-4ce8-b7d9-586df3bd2136?t=0&limit=30&offset=0&project=25PV0406+ONE+GAS+&client_reviewed=false&street_address=SW+TERRA+DR,,
COMPLETE,2025-05-07,,MH 1100 N 6TH,,6TH ST,MANHATTAN,,,,,,2025/05/07,2400,BERTRAND / N 6 ST ,,,Edgar Atwood,Tiffanie Gibson,0,0,,,,MH 1100 N 6TH ST,TO SOUTH,,,,,,,0,241.3,,,,,,,,TO SOUTH,,2025/05/07,ML,2025/05/07,ML,,Post,SCOTT.LOVELADY@ONEGAS.COM ,,39.1905,-96.5649,yes,1,1,,,,One Gas,"___json[{""pathname"":""/Collected Media/map_2662324/layer_6728851/mdc_photo_mdc_a3d660_cdv_photo_017_1746649303736.jpg"",""rid"":38472014,""lid"":""6728851"",""fid"":""640"",""field"":""photo_map"",""title"":""mdc_photo_mdc_a3d660_cdv_photo_017_1746649303736.jpg"",""ext"":""jpg"",""panorama"":false,""isDir"":false}]",Yes,0406,COMPLETE,,,,,,,,,,,2025/05/16,,,Katy Thompson,,,Pass,,,A,B,,,,,,,241.3,,,241.3,Main Inspection,,MH 1100 N 6TH ST,KS,2025/05/07,,,South,11:05,TO SOUTH,2,Edgar Atwood,,,2025/05/07,,,2400 LETS,,,CCTV,https://pioneer.sewerai.com/dashboard/review/b964186e-8dbb-4337-bebf-1dd0607c1919?t=2.143163&limit=30&offset=0&project=25PV0406+ONE+GAS+&client_reviewed=false,,
COMPLETE,2025-06-04,,STMH 10001 W 93RD ST ,,93RD ST,OVERLAND PARK ,,,,,,2025/06/04,,SOUTHDALE/95 AND NEIMAN ,,,Edgar Atwood,Carter Pacheco,0,0,,,,STMH 10001 W 93RD ST ,STMH 10001 C W 93RD ST ,,,,,No,,0,30.8,,,,,,,,STMH 10001 C W 93RD ST ,,2025/06/04,ML,2025/06/04,ML,,Post,SCOTT.LOVELADY@ONEGAS.COM ,,38.9598,-94.7011,yes,1,1,,UPDATED BY TEAM #1059,,One Gas,"___json[{""pathname"":""/Collected Media/map_2662324/layer_6728851/mdc_photo_mdc_1d47b8_cdv_photo_001_1749072208082.jpg"",""rid"":38783122,""lid"":""6728851"",""fid"":""839"",""field"":""photo_map"",""title"":""mdc_photo_mdc_1d47b8_cdv_photo_001_1749072208082.jpg"",""ext"":""jpg"",""panorama"":false,""isDir"":false}]",Yes,0403,COMPLETE,,,,,,,,,,,2025/09/10,,,Katy Thompson,,,Pass,,,A,B,,,,,,,,,,,Main Inspection,,STMH 10001 W 93RD ST ,KS,2025/06/04,,30.8,West,13:18,STMH 10001 C W 93RD ST,3,Edgar Atwood,,,2025/06/04,,,1059 ML,,,CCTV,https://pioneer.sewerai.com/dashboard/review/9e925bfa-1909-4427-8936-15c1bfcc881c?t=5.359254&limit=30&offset=0&status=uploaded&client_reviewed=false&issues=false&project=25PV0406+ONE+GAS+&ordering=Inspection_Date,,
GAS LINE,2025-06-04,,,,,Cy,,,,,,2025/06/04,,,,,,,,,,,,,,,,,,,,,,,,,,,,,,,,,,,,Post,,,37.1637,-95.1081,,,,,,,One Gas,,,0406,GAS LINE,,,,,,,,,,,,,,,,,,,,,,,,,,,,,,,,,,,KS,2025/06/04,,,,13:37,,1,,,,,,,,,,,,,
COMPLETE,2025-06-05,,9313,,MOODY PARK DR,OVERLAND PARK ,,,,,,2025/06/05,1800,SOUTHDALE/95 AND NEIMAN ,,,Eric Zerr,,0,0,,,,TAP,END,,,,,,,74.2,51.1,,,,74.2,,,,TO NORTH,,2025/06/05,LETS,,,,Post,SCOTT.LOVELADY@ONEGAS.COM ,,38.9586,-94.7011,yes,1,1,,TECH IS CHRIS,,One Gas,,Yes,0403,COMPLETE,,,,,,,,,,,2025/06/05,,,Katy Thompson,,,Pass,,,A,B,,,,,,,,1,,,Lateral Inspection,,MH 9403 MOODY PARK DR ,KS,2025/06/05,,,,10:56,,2,Eric Zerr,,,2025/06/05,,,1800 LETS,,,Lateral Launch,https://pioneer.sewerai.com/dashboard/review/6c0e097e-df42-45e7-9336-f9adf6ca9e8c?t=1.721523&limit=30&offset=0&project=24PV0408+MESA+COUNTY-GATEWAY&status=uploaded&client_reviewed=false,,
COMPLETE,2025-06-05,,17551 ,,PRAIRIE STAR PKWY ,LENEXA ,,,,,,2025/06/05,1800,VISTA VILLAGE (PRAIRIE STAR PKWY/RIDGEVIEW) ,,,Eric Zerr,Carter Pacheco,0,107,0,,,TAP,GMI,END,,,,No,North,94,6.9,11.9,,,94,,,,,,2025/06/05,LETS,2025/06/05,LETS,,Post,SCOTT.LOVELADY@ONEGAS.COM ,,38.9537,-94.7925,yes,1,1,,,,One Gas,"___json[{""pathname"":""/Collected Media/map_2662324/layer_6728851/mdc_photo_mdc_8f0230_cdv_photo_006_1749153798694.jpg"",""rid"":38797750,""lid"":""6728851"",""fid"":""904"",""field"":""photo_map"",""title"":""mdc_photo_mdc_8f0230_cdv_photo_006_1749153798694.jpg"",""ext"":""jpg"",""panorama"":false,""isDir"":false}]",Yes,0403,COMPLETE,,,,,,,,,,,2025/06/06,,,Katy Thompson,,,Pass,,,A,B,C,,,,,,,1,,,Lateral Inspection,,MH 17551 PRAIRIE STAR PKWY ,KS,2025/06/05,,,,14:52,B,2,Eric Zerr,,,2025/06/05,,,1800 LETS,,,Lateral Launch,https://pioneer.sewerai.com/dashboard/review/80372819-857c-4c51-8ab8-3cb908e2ed23?t=3.402854&limit=30&offset=0&project=24PV0408+MESA+COUNTY-GATEWAY&ordering=-Inspection_Date&client_reviewed=false&city=LENEXA,,
COMPLETE,2025-05-06,,300 ,,SW ROOSEVELT ST,TOPEKA,,,,,,2025/05/06,2400,PW-24R2-TOPEKA-2ND AND ORCHARD ,,,Edgar Atwood,Tiffanie Gibson,0,84,0,,,TAP,GMI,END,,,,,East,222.7,19.8,33.4,,,222.7,,,,,,2025/05/06,LETS,2025/05/06,LETS,,Post,SCOTT.LOVELADY@ONEGAS.COM ,,39.0614,-95.7035,yes,1,1,,,,One Gas,"___json[{""pathname"":""/Collected Media/map_2662324/layer_6728851/mdc_photo_mdc_5b33d9_cdv_photo_001_1746558247743.jpg"",""rid"":38453972,""lid"":""6728851"",""fid"":""594"",""field"":""photo_map"",""title"":""mdc_photo_mdc_5b33d9_cdv_photo_001_1746558247743.jpg"",""ext"":""jpg"",""panorama"":false,""isDir"":false}]",Yes,0406,COMPLETE,,,,,,,,GMI IS CLEAR,,,2025/05/08,,,Katy Thompson,,,Pass,,,A,B,,,,,,,,1,,,Lateral Inspection,,MH 300 SW ORCHARD ST,KS,2025/05/06,,,,09:21,,2,Edgar Atwood,,,2025/05/06,,,2400 LETS,,,Lateral Launch,https://pioneer.sewerai.com/dashboard/review/030386d5-630d-4208-8e06-aad48d8fd0e7?t=0&limit=30&offset=0&project=25PV0406+ONE+GAS+&ordering=Inspection_Date&client_reviewed=false,,
COMPLETE,2025-06-06,,17501,,98TH ST ,LENEXA ,,,,,,2025/06/06,1800,VISTA VILLAGE (PRAIRIE STAR PKWY/RIDGEVIEW) ,,,Eric Zerr,Carter Pacheco,0,0,0,,,TAP,GMI,END,,,,No,North,264.8,34.6,43.4,,,264.8,,,,,,2025/06/06,LETS,2025/06/06,LETS,,Post,SCOTT.LOVELADY@ONEGAS.COM ,,38.9548,-94.791,yes,1,1,,,,One Gas,"___json[{""pathname"":""/Collected Media/map_2662324/layer_6728851/mdc_photo_mdc_58672f_cdv_photo_001_1749227638356.jpg"",""rid"":38808307,""lid"":""6728851"",""fid"":""938"",""field"":""photo_map"",""title"":""mdc_photo_mdc_58672f_cdv_photo_001_1749227638356.jpg"",""ext"":""jpg"",""panorama"":false,""isDir"":false}]",Yes,0403,COMPLETE,,,,,,,,,,,2025/06/06,,,Katy Thompson,,,Pass,,,A,B,C,,,,,,,1,,,Lateral Inspection,"___json[{""pathname"":""/Collected Media/map_2662324/layer_6728851/mdc_photo_mdc_87409a_cdv_photo_000_1749227638356.jpg"",""rid"":38808306,""lid"":""6728851"",""fid"":""938"",""field"":""site_photos"",""title"":""mdc_photo_mdc_87409a_cdv_photo_000_1749227638356.jpg"",""ext"":""jpg"",""panorama"":false,""isDir"":false}]",MH 17501 W 98TH ST ,KS,2025/06/06,,,West,11:27,G,2,Edgar Atwood,,,2025/06/06,,,1800 LETS,,,Lateral Launch,https://pioneer.sewerai.com/dashboard/review/57dbcf68-c833-4e6f-950d-1ab03da1f8d0?t=3.229948&limit=30&offset=0&project=24PV0408+MESA+COUNTY-GATEWAY&ordering=-Inspection_Date&client_reviewed=false,,
COMPLETE NO BILL,2025-08-04,,1513,,S Helen St,Monahans,,,,,,2025/08/04,4600,One Gas,,,Jason Claunch,Kyle Graham ,,,,,,End,,,,,,,,12,,,,,,,,,,,2025/08/04,PO,2025/08/04,PO,,Post,One Gas,1,31.581,-102.888,yes,1,1,,8/4/2025 4600 lateral runs under foundation connected it to lateral previously pushed for property. This is clear.,,One Gas,"___json[{""pathname"":""/Collected Media/map_2662324/layer_6728851/mdc_photo_mdc_200a50_cdv_photo_023_1754396788487.jpg"",""rid"":39606255,""lid"":""6728851"",""fid"":""978"",""field"":""photo_map"",""title"":""mdc_photo_mdc_200a50_cdv_photo_023_1754396788487.jpg"",""ext"":""jpg"",""panorama"":false,""isDir"":false}]",N/A,0723,COMPLETE NO BILL,,,,,,,,,,,,,,,,,,,,,,,,,,,,,,,,Lateral Inspection,"___json[{""pathname"":""/Collected Media/map_2662324/layer_6728851/mdc_photo_mdc_d6f190_cdv_photo_024_1754343587460.jpg"",""rid"":39597951,""lid"":""6728851"",""fid"":""978"",""field"":""site_photos"",""title"":""mdc_photo_mdc_d6f190_cdv_photo_024_1754343587460.jpg"",""ext"":""jpg"",""panorama"":false,""isDir"":false}]",,TX,2025/08/04,,,,16:35,B ET 1,2,Kyle Graham ,,,2025/08/04,,,-----------------,,,Push Camera,,,
OFFICE REVIEW,2025-06-05,,313,,RIVER ST,COMMERCE,,,,,,,2400,5TH AND RIVER,,,James Atwood,Michael Parrish,0,0,0,,,TAP,9T,END,,,,,South,156.5,3.8,5.4,,,156.5,,,,,,,,,,,Post,SCOTT.LOVELADY@ONEGAS.COM ,,36.9375,-94.8748,yes,1,1,,OFFSET / KNOCKED 6 TIMES NO ANSWER MADE MULTIPLE ATTEMPS ON PRE PLUS DOOR TAG NO ONE ANSWERED.,,One Gas,"___json[{""pathname"":""/Collected Media/map_2662324/layer_6728851/mdc_photo_mdc_16ba8e_cdv_photo_001_1749146458529.jpg"",""rid"":38796688,""lid"":""6728851"",""fid"":""887"",""field"":""photo_map"",""title"":""mdc_photo_mdc_16ba8e_cdv_photo_001_1749146458529.jpg"",""ext"":""jpg"",""panorama"":false,""isDir"":false}]",Yes,0406,OFFICE REVIEW,,,,,,,,,,,2025/06/06,,,Katy Thompson,,,Pass,,,A,B,C,,,,,,,1,,,Lateral Inspection,,MH 318 N QUINCY ST ,OK,2025/06/05,,,North,,,2,James Atwood,,,2025/06/05,,,2400 LETS,,,Lateral Launch,https://pioneer.sewerai.com/dashboard/review/a1c8d206-a9f3-4ec3-90c6-688b0705a5f1?t=0&limit=30&offset=0&project=24PV0408+MESA+COUNTY-GATEWAY&ordering=-Inspection_Date&client_reviewed=false&city=COMMERCE,,
COMPLETE NO BILL,2025-08-05,,200,,SW AVE I,Andrews,,,,,,2025/08/05,4600,One Gas,,,Jason Claunch,Kyle Graham ,,,,,,End,3T,,,,,,,264,167.8,,,,,,,,,,2025/08/05,LETS,2025/08/05,LETS,,Post,One Gas,,32.3089,-102.545,yes,1,,,"8/4/2025 4600 ran parallel with the bore in the area to ensure no crossing, this is clear in this stretch",,One Gas,"___json[{""pathname"":""/Collected Media/map_2662324/layer_6728851/mdc_photo_mdc_739172_cdv_photo_000_1754423979742.jpg"",""rid"":39613233,""lid"":""6728851"",""fid"":""1008"",""field"":""photo_map"",""title"":""mdc_photo_mdc_739172_cdv_photo_000_1754423979742.jpg"",""ext"":""jpg"",""panorama"":false,""isDir"":false}]",N/A,0723,COMPLETE NO BILL,,,,,,,,,,,,,,,,,,,,,,,,,,,,264,,,264,Main Inspection,"___json[{""pathname"":""/Collected Media/map_2662324/layer_6728851/mdc_photo_mdc_ecae47_cdv_photo_1754403992_1754423787001.jpg"",""rid"":39613208,""lid"":""6728851"",""fid"":""1008"",""field"":""site_photos"",""title"":""mdc_photo_mdc_ecae47_cdv_photo_1754403992_1754423787001.jpg"",""ext"":""jpg"",""panorama"":false,""isDir"":false},{""pathname"":""/Collected Media/map_2662324/layer_6728851/mdc_photo_mdc_239874_cdv_photo_1754404000_1754423787001.jpg"",""rid"":39613209,""lid"":""6728851"",""fid"":""1008"",""field"":""site_photos"",""title"":""mdc_photo_mdc_239874_cdv_photo_1754404000_1754423787001.jpg"",""ext"":""jpg"",""panorama"":false,""isDir"":false},{""pathname"":""/Collected Media/map_2662324/layer_6728851/mdc_photo_mdc_c1e61f_cdv_photo_1754404008_1754423787002.jpg"",""rid"":39613210,""lid"":""6728851"",""fid"":""1008"",""field"":""site_photos"",""title"":""mdc_photo_mdc_c1e61f_cdv_photo_1754404008_1754423787002.jpg"",""ext"":""jpg"",""panorama"":false,""isDir"":false},{""pathname"":""/Collected Media/map_2662324/layer_6728851/mdc_photo_mdc_f004f9_cdv_photo_1754404013_1754423787002.jpg"",""rid"":39613211,""lid"":""6728851"",""fid"":""1008"",""field"":""site_photos"",""title"":""mdc_photo_mdc_f004f9_cdv_photo_1754404013_1754423787002.jpg"",""ext"":""jpg"",""panorama"":false,""isDir"":false},{""pathname"":""/Collected Media/map_2662324/layer_6728851/mdc_photo_mdc_e9b0d5_cdv_photo_1754404022_1754423787002.jpg"",""rid"":39613212,""lid"":""6728851"",""fid"":""1008"",""field"":""site_photos"",""title"":""mdc_photo_mdc_e9b0d5_cdv_photo_1754404022_1754423787002.jpg"",""ext"":""jpg"",""panorama"":false,""isDir"":false}]",200 SW Ave I MH ML S,TX,2025/08/05,,,,09:20,MH ML S,2,Jason Claunch,,,2025/08/05,,,--------------,,,CCTV,,,
PO,2025-05-06,,334,,SW LINDENWOOD AVE ,TOPEKA ,,,,,,2025/05/06,1800,PW-24R2-TOPEKA 2ND AND ORCHARD ,,,Eric Zerr,Carter Pacheco,106,,,,,TAP,,,,,,,South,186.5,,,,,186.5,,,,,,2025/05/06,LETS,2025/05/06,LETS,,Post,SCOTT.LOVELADY@ONEGAS.COM ,,39.0615,-95.7002,yes,1,1,,,,One Gas,,N/A,0406,PO,,,,,,,,,,,,,,,,,,,,,,,,,,,,,1,,,Lateral Inspection,"___json[{""pathname"":""/Collected Media/map_2662324/layer_6728851/mdc_photo_mdc_66960e_cdv_photo_000_1746546534696.jpg"",""rid"":38451570,""lid"":""6728851"",""fid"":""599"",""field"":""site_photos"",""title"":""mdc_photo_mdc_66960e_cdv_photo_000_1746546534696.jpg"",""ext"":""jpg"",""panorama"":false,""isDir"":false}]",MH 320 SW LINDENWOOD AVE  ,KS,2025/05/06,,,South,10:46,,2,N/A,,,,,,N/A,,,,,,
GAS LINE,2025-06-04,,,,,OSWEGO,,,,,,2025/06/04,,,,,,,,,,,,,,,,,,,,,,,,,,,,,,,,,,,,Post,,,37.1636,-95.1076,,,,,,,One Gas,,,0406,GAS LINE,,,,,,,,,,,,,,,,,,,,,,,,,,,,,,,,,,,KS,2025/06/04,,,,13:59,,1,,,,,,,,,,,,,
COMPLETE,2025-06-04,,9255,,MOODY PARK DR,OVERLAND PARK ,,,,,,2025/06/04,1700,SOUTHDALE/ 95 AND NEIMAN ,,,Edgar Atwood,Tiffanie Gibson,0,44,,,,TAP,GMI,,,,,No,South,141.2,8.2,,,,141.2,,,,TO SOUTH,,2025/06/04,LETS,2025/06/04,LETS,,Post,SCOTT.LOVELADY@ONEGAS.COM ,,38.9566,-94.7061,yes,1,1,,,,One Gas,,Yes,0403,COMPLETE,"GMI IS CLEAR, EDITED VIDEO TO BE ACCURATE ACCORDING TO MEASUREMENTS IN GIS",,,Katy Thompson,Pass,,,"VIDEO IS CLEAR, STOPS @ 8.2', GMI IS CLEAR. VIDEO STATES RAN TO FOUNDATION, LINE CLEAR OF GAS, BUT GMI IS NOT CALLED OUT @ 8.2'",,,2025/09/10,,,Katy Thompson,,,Pass,,,A,B,,,,,,,,1,,,Lateral Inspection,"___json[{""pathname"":""/Collected Media/map_2662324/layer_6728851/mdc_photo_mdc_0f1f3c_cdv_photo_000_1749123090289.jpg"",""rid"":38790078,""lid"":""6728851"",""fid"":""869"",""field"":""site_photos"",""title"":""mdc_photo_mdc_0f1f3c_cdv_photo_000_1749123090289.jpg"",""ext"":""jpg"",""panorama"":false,""isDir"":false}]",MH 9247 MOODY PARK DR ,KS,2025/06/04,,,,16:57,,2,Edgar Atwood,,,2025/06/04,,,1700 LETS,,,Lateral Launch,https://pioneer.sewerai.com/dashboard/review/dc0530e7-8343-4f6d-8a4f-14ae16763dc7?t=3.284546&limit=30&offset=0&status=uploaded&issues=false&project=25PV0406+ONE+GAS+&ordering=Inspection_Date&city=OVERLAND+PARK,,
COMPLETE,2025-05-05,,MH 232 SW TERRA DR ,,SW TERRA DR,TOPEKA,,,,,,2025/05/05,1800,PW-24R3-TOPEKA-SW SANNEMAN AND TERRA DR-CWO-5/31/25,,,Eric Zerr,Carter Pacheco,58,69,,,,MH 232 SW TERRA DR,MH 225 SW TERRA DR ,,,,,No,,0,299.5,,,,,,,,MH 225 SW TERRA DR ,,2025/05/05,LETS,2025/05/05,LETS,,Post,SCOTT.LOVELADY@ONEGAS.COM,,38.9784,-95.6862,yes,1,1,,,,One Gas,,Yes,0406,COMPLETE,,,,,,,,,,,2025/05/08,,,Katy Thompson,,,Pass,,,A,B,,,,,,,299.5,,,299.5,Main Inspection,,MH 232 SW TERRA DR,KS,2025/05/05,,,South,09:31,MH 225 SW TERRA DR,2,Eric Zerr,,,2025/05/05,,,1800 LETS,,,Lateral Launch,https://pioneer.sewerai.com/dashboard/review/ea1feeca-365f-4b04-a675-b0c6c97f070c?t=1.280985&limit=30&offset=0&project=25PV0406+ONE+GAS+&client_reviewed=false&street_address=SW+TERRA+DR,,
COMPLETE,2025-06-06,,419,,RIVER ST,COMMERCE,,,,,,2025/06/06,2400,5TH AND RIVER,,,James Atwood,Michael Parrish,0,0,,,,C/O,END,,,,,,,0,64.1,,,,,,,,,,2025/06/06,PO,2025/06/06,PO,,Post,SCOTT.LOVELADY@ONEGAS.COM ,1,36.9385,-94.8742,yes,1,1,,CLEAR / NO GAS HOUSE LOOKS CONDEMED ,,One Gas,"___json[{""pathname"":""/Collected Media/map_2662324/layer_6728851/mdc_photo_mdc_b5230e_cdv_photo_001_1749236027678.jpg"",""rid"":38809996,""lid"":""6728851"",""fid"":""952"",""field"":""photo_map"",""title"":""mdc_photo_mdc_b5230e_cdv_photo_001_1749236027678.jpg"",""ext"":""jpg"",""panorama"":false,""isDir"":false}]",N/A,0406,COMPLETE,,,,,,,,,,,,,,,,,,,,A,B,,,,,,,,,,,Lateral Inspection,,,OK,2025/06/06,,,North,13:49,,2,James Atwood,,,2025/06/06,,,2400 PO,,,Push Camera,,,
PO,2025-05-06,,320 ,,SW LINDENWOOD AVE ,TOPEKA ,,,,,,2025/05/06,1800,PW-24R2-TOPEKA 2ND AND ORCHARD ,,,Eric Zerr,Carter Pacheco,115,84,,,,TAP,END/BULDGE IN PIPE,,,,,No,South,0,22.7,,,,0,,,,,,2025/05/06,LETS,2025/05/06,LETS,,Post,SCOTT.LOVELADY@ONEGAS.COM ,,39.0614,-95.7002,yes,1,1,,,,One Gas,"___json[{""pathname"":""/Collected Media/map_2662324/layer_6728851/mdc_photo_mdc_1daf12_cdv_photo_005_1758297156885.jpg"",""rid"":40224681,""lid"":""6728851"",""fid"":""590"",""field"":""photo_map"",""title"":""mdc_photo_mdc_1daf12_cdv_photo_005_1758297156885.jpg"",""ext"":""jpg"",""panorama"":false,""isDir"":false}]",Yes,0406,PO,,,,,,,,"END @ BULGE IN PIPE, VIDEO IS CLEAR",,,2025/05/08,,,Katy Thompson,,,Pass,,,A,B,,,,,,,,1,,,Lateral Inspection,,MH 320 SW LINDENWOOD AVE ,KS,2025/05/06,,,South,08:27,,2,Eric Zerr,,,2025/05/06,,,1800 LETS,,,Lateral Launch,https://pioneer.sewerai.com/dashboard/review/f29c19df-fc0a-4032-8d86-452a2c688663?t=0&limit=30&offset=0&project=25PV0406+ONE+GAS+&client_reviewed=false&ordering=Inspection_Date,,
GAS LINE,2025-08-06,,7717,,Veracruz Avenue,El Paso,,,,,,2025/08/06,,,,,,,,,,,,,,,,,,,,,,,,,,,,,,,,,,,,Post,,,31.7469,-106.357,,,,,,,One Gas,,,0723,GAS LINE,,,,,,,,,,,,,,,,,,,,,,,,,,,,,,,,,,,TX,2025/08/06,,,,12:31,Gas service,1,,,,,,,,,,,,,
COMPLETE NO BILL,2025-08-04,,101 MLE,,E 15th St jetting ,Monahans ,,,,,,,1069,One Gas ,,,Bryan Cary,,,,,,,,,,,,,,,,,,,,,,,,,,,,,,,Post,One Gas,,31.5811,-102.887,,,,,08/04/25; 1069 truck: Jetted 122ft east against flow. Used step method. 3.00 hrs heavy cleaning. 0.50 hrs setup. 0.50 hrs water fill. ,,One Gas,,N/A,0723,COMPLETE NO BILL,,,,,,,,,,,,,,,,,,,,,,,,,,,122,,,,,Main Inspection,,101 E 15th St ,TX,2025/08/04,,,,,,2,N/A,,,,,,N/A,,,,,,
GAS LINE,2025-08-07,,153,,Manor Pl,El Paso,,,,,,2025/08/07,,,,,,,,,,,,,,,,,,,,,,,,,,,,,,,,,,,,Post,,,31.7467,-106.386,,,,,,,One Gas,,,0723,GAS LINE,,,,,,,,,,,,,,,,,,,,,,,,,,,,,,,,,,,TX,2025/08/07,,,,19:11,Gas Service,1,,,,,,,,,,,,,
GAS LINE,2025-08-07,,7609,,Alpine Dr,El Paso,,,,,,2025/08/07,,,,,,,,,,,,,,,,,,,,,,,,,,,,,,,,,,,,Post,,,31.7601,-106.362,,,,,,,One Gas,,,0723,GAS LINE,,,,,,,,,,,,,,,,,,,,,,,,,,,,,,,,,,,TX,2025/08/07,,,,15:37,Gas Service,1,,,,,,,,,,,,,
GAS LINE,2025-08-08,,,,,,,,,,,2025/08/08,,,,,,,,,,,,,,,,,,,,,,,,,,,,,,,,,,,,Post,,,31.7611,-106.363,,,,,,,One Gas,,,0723,GAS LINE,,,,,,,,,,,,,,,,,,,,,,,,,,,,,,,,,,,,2025/08/08,,,,10:29,,1,,,,,,,,,,,,,
COMPLETE,2025-06-05,,17551,,PRAIRIE STAR PKWY ,LENEXA ,,,,,,2025/06/05,1800,VISTA VILLAGE (PRAIRIE STAR PKWY/RIDGEVIEW) ,,,Eric Zerr,Carter Pacheco,0,0,,,,TAP,END,,,,,No,North,0,28.5,,,,46.5,,,,,,2025/06/05,LETS,2025/06/05,LETS,,Post,SCOTT.LOVELADY@ONEGAS.COM ,,38.9536,-94.7924,yes,1,1,,,,One Gas,"___json[{""pathname"":""/Collected Media/map_2662324/layer_6728851/mdc_photo_mdc_456965_cdv_photo_004_1749152441082.jpg"",""rid"":38797525,""lid"":""6728851"",""fid"":""899"",""field"":""photo_map"",""title"":""mdc_photo_mdc_456965_cdv_photo_004_1749152441082.jpg"",""ext"":""jpg"",""panorama"":false,""isDir"":false}]",Yes,0403,COMPLETE,,,,,,,,,,,2025/06/06,,,Katy Thompson,,,Pass,,,A,B,,,,,,,,1,,,Lateral Inspection,,MH 17551 PRAIRIE STAR PKWY ,KS,2025/06/05,,,,14:22,,2,Eric Zerr,,,2025/06/05,,,1800 LETS,,,Lateral Launch,https://pioneer.sewerai.com/dashboard/review/2531eeee-af20-4460-a657-c5de5d14359a?t=2.050384&limit=30&offset=0&project=24PV0408+MESA+COUNTY-GATEWAY&ordering=-Inspection_Date&client_reviewed=false&city=LENEXA,,
GAS LINE,2025-06-04,,,,,,,,,,,,,,,,,,,,,,,,,,,,,,,,,,,,,,,,,,,,,,,,,,38.9602,-94.7011,,,,,,,,,,0406,GAS LINE,,,,,,,,,,,,,,,,,,,,,,,,,,,,,,,,,,,,2025/06/04,,,,,,1,,,,,,,,,,,,,
COMPLETE,2025-06-04,,635,,MERCHANT ST,OSWEGO ,,,,,,2025/06/04,2400,6 AND MERCHANT,,,James Atwood,Michael Parrish,0,0,0,,,TAP,12T,12T/ END,,,,,South,104.5,31.1,78.1,,,104.5,,,,,,2025/06/04,LETS,2025/06/04,LETS,,Post,SCOTT.LOVELADY@ONEGAS.COM ,,37.1637,-95.1081,yes,1,1,,,,One Gas,"___json[{""pathname"":""/Collected Media/map_2662324/layer_6728851/mdc_photo_mdc_cfa55b_cdv_photo_000_1749064143626.jpg"",""rid"":38782355,""lid"":""6728851"",""fid"":""845"",""field"":""photo_map"",""title"":""mdc_photo_mdc_cfa55b_cdv_photo_000_1749064143626.jpg"",""ext"":""jpg"",""panorama"":false,""isDir"":false}]",Yes,0403,COMPLETE,,,,,,,,,,,2025/06/17,,,Katy Thompson,,,Pass,,,A,B,C,,,,,,,1,,,Lateral Inspection,,MH 635 MERCHANT ST ,KS,2025/06/04,,,,14:01,,2,James Atwood,,,2025/06/04,,,2400 LETS,,,Lateral Launch,https://pioneer.sewerai.com/dashboard/review/d81209da-deed-4ab9-b297-a59a2e344caf?t=1.405276&limit=30&offset=0&project=24PV0408+MESA+COUNTY-GATEWAY&status=uploaded&client_reviewed=false&ordering=-Inspection_Date&city=OSWEGO,,
COMPLETE,2025-05-05,,226,,SW TERRA DR ,TOPEKA ,,,,,,2025/05/05,1800,PW-24R3-TOPEKA-SW SANNEMAN AND TERRA DR-CWO-5/31/25 ,,,Eric Zerr,Carter Pacheco,70,26,21,22,,TAP,GMI,GSI,END/LOSS OF PUSH POWER,,,No,East,241.9,51.8,87.4,90.5,,0,,,,,,2025/05/05,LETS,2025/05/05,LETS,,Post,SCOTT.LOVELADY@ONEGAS.COM ,1,38.9784,-95.6864,yes,2,2,,,,One Gas,"___json[{""pathname"":""/Collected Media/map_2662324/layer_6728851/mdc_photo_mdc_19ec1d_cdv_photo_000_1746468522063.jpg"",""rid"":38440477,""lid"":""6728851"",""fid"":""552"",""field"":""photo_map"",""title"":""mdc_photo_mdc_19ec1d_cdv_photo_000_1746468522063.jpg"",""ext"":""jpg"",""panorama"":false,""isDir"":false},{""pathname"":""/Collected Media/map_2662324/layer_6728851/mdc_photo_mdc_a6dec3_cdv_photo_001_1746468522063.jpg"",""rid"":38440478,""lid"":""6728851"",""fid"":""552"",""field"":""photo_map"",""title"":""mdc_photo_mdc_a6dec3_cdv_photo_001_1746468522063.jpg"",""ext"":""jpg"",""panorama"":false,""isDir"":false}]",N/A,0406,COMPLETE,,,,,,,,,,,,,,,,,,,,A,B,C,D,,,,,,1,,,Lateral Inspection,,MH 232 SW TERRA DR ,KS,2025/05/05,,,South,12:41,,2,Eric Zerr,N/A,,2025/05/05,,,1800 LETS,,,Lateral Launch,,,
COMPLETE,2025-05-09,,2136,,2ND ST,WICHITA ,,,,,,2025/05/09,2400,WICHITA-3RD AND ST CLAIR ,,,Edgar Atwood,Michael Parrish,0,28,0,,,TAP,GMI,END,,,,,West,360,3.9,8.6,,,360,,,,,,2025/05/09,LETS,2025/05/09,LETS,,Post,SCOTT.LOVELADY@ONEGAS.COM ,,37.6878,-97.3654,yes,1,1,,,,One Gas,"___json[{""pathname"":""/Collected Media/map_2662324/layer_6728851/mdc_photo_mdc_31226f_cdv_photo_005_1746815737784.jpg"",""rid"":38496018,""lid"":""6728851"",""fid"":""765"",""field"":""photo_map"",""title"":""mdc_photo_mdc_31226f_cdv_photo_005_1746815737784.jpg"",""ext"":""jpg"",""panorama"":false,""isDir"":false}]",Yes,0406,COMPLETE,,,,,,,,CLEAR ON PULLBACK,,,2025/05/16,,,Katy Thompson,,,Pass,,,A,B,,,,,,,,1,,,Lateral Inspection,"___json[{""pathname"":""/Collected Media/map_2662324/layer_6728851/mdc_photo_mdc_fafe9c_cdv_photo_004_1746815697472.jpg"",""rid"":38495992,""lid"":""6728851"",""fid"":""765"",""field"":""site_photos"",""title"":""mdc_photo_mdc_fafe9c_cdv_photo_004_1746815697472.jpg"",""ext"":""jpg"",""panorama"":false,""isDir"":false}]",MH 2026 W 2ND ST,KS,2025/05/09,,,West,13:31,A,2,Edgar Atwood,,,2025/05/09,,,2400 LETS,,,Lateral Launch,https://pioneer.sewerai.com/dashboard/review/bc48f853-e920-4029-875a-0d8d33195ea0?t=0&limit=30&offset=0&client_reviewed=false&project=25PV0406+ONE+GAS+,,
COMPLETE,2025-05-09,,MH 320 N ATHENIAN AVE ,,ATHENIAN AVE,WICHITA ,,,,,,2025/05/09,2400,WICHITA-3RD AND ST CLAIR ,,,Edgar Atwood,Michael Parrish,0,0,,,,MH 320 N ATHENIAN AVE ,MH 2130 W 2ND ST,,,,,,,0,216.7,,,,,,,,MH 2130 W 2ND ST,,2025/05/09,LETS,2025/05/09,LETS,,Post,SCOTT.LOVELADY@ONEGAS.COM ,,37.6885,-97.3667,yes,1,1,,,,One Gas,"___json[{""pathname"":""/Collected Media/map_2662324/layer_6728851/mdc_photo_mdc_8088ad_cdv_photo_000_1746806558258.jpg"",""rid"":38494323,""lid"":""6728851"",""fid"":""748"",""field"":""photo_map"",""title"":""mdc_photo_mdc_8088ad_cdv_photo_000_1746806558258.jpg"",""ext"":""jpg"",""panorama"":false,""isDir"":false}]",Yes,0406,COMPLETE,,,,,,,,,,,2025/05/16,,,Katy Thompson,,,Pass,,,A,,,,,,,,216.7,,,216.7,Main Inspection,,MH 320 N ATHENIAN AVE ,KS,2025/05/09,,,North,09:53,MH 2130 W 2NS ST,2,Edgar Atwood,,,2025/05/09,,,2400 LETS,,,CCTV,https://pioneer.sewerai.com/dashboard/review/a826b86b-26c1-4057-a10b-513af590f872?t=1.339965&limit=30&offset=0&client_reviewed=false&project=25PV0406+ONE+GAS+,,
COMPLETE NO BILL,2025-08-04,,1513,,S Helen St,Monahans,,,,,,2025/08/04,4600,One Gas,,,Jason Claunch,Kyle Graham ,,,,,,End,,,,,,,,6,,,,,,,,,,,2025/08/04,PO,2025/08/04,PO,,Post,One Gas,1,31.5811,-102.887,yes,1,1,,"8/4/2025 4600 pushed from CO to secondary Mainline, will not cross or conflict with gas. This is clear",,One Gas,"___json[{""pathname"":""/Collected Media/map_2662324/layer_6728851/mdc_photo_mdc_e2aef6_cdv_photo_018_1754396459058.jpg"",""rid"":39606046,""lid"":""6728851"",""fid"":""980"",""field"":""photo_map"",""title"":""mdc_photo_mdc_e2aef6_cdv_photo_018_1754396459058.jpg"",""ext"":""jpg"",""panorama"":false,""isDir"":false}]",N/A,0723,COMPLETE NO BILL,,,,,,,,,,,,,,,,,,,,,,,,,,,,,,,,Lateral Inspection,"___json[{""pathname"":""/Collected Media/map_2662324/layer_6728851/mdc_photo_mdc_da3cc1_cdv_photo_027_1754344068150.jpg"",""rid"":39598035,""lid"":""6728851"",""fid"":""980"",""field"":""site_photos"",""title"":""mdc_photo_mdc_da3cc1_cdv_photo_027_1754344068150.jpg"",""ext"":""jpg"",""panorama"":false,""isDir"":false},{""pathname"":""/Collected Media/map_2662324/layer_6728851/mdc_photo_mdc_a8e2f9_cdv_photo_028_1754344068150.jpg"",""rid"":39598036,""lid"":""6728851"",""fid"":""980"",""field"":""site_photos"",""title"":""mdc_photo_mdc_a8e2f9_cdv_photo_028_1754344068150.jpg"",""ext"":""jpg"",""panorama"":false,""isDir"":false}]",,TX,2025/08/04,,,,16:45,D,2,N/A,,,,,,N/A,,,Push Camera,,,
GAS LINE,2025-08-06,,7713,,Veracruz Avenue,El Paso,,,,,,2025/08/06,,,,,,,,,,,,,,,,,,,,,,,,,,,,,,,,,,,,Post,,,31.7469,-106.357,,,,,,,One Gas,,,0723,GAS LINE,,,,,,,,,,,,,,,,,,,,,,,,,,,,,,,,,,,TX,2025/08/06,,,,12:34,Gas Service,1,,,,,,,,,,,,,
COMPLETE,2025-05-05,,232,,SANNEMAN DR,TOPEKA,,,,,,2025/05/05,2400,PW-24R3-TOPEKA-SW SANNEMAN AND TERRA DR-CWO-5/31/25,,,Edgar Atwood,Tiffanie Gibson,,,,,,TAP,End,,,,,,South,36.6,11.9,,,,36.3,,,,,,2025/05/05,,2025/05/05,LETS,,Post,Scott.Lovelady@onegas.com ,,38.9768,-95.6857,yes,1,1,,NO CROSSING ,,One Gas,"___json[{""pathname"":""/Collected Media/map_2662324/layer_6728851/mdc_photo_mdc_453efc_cdv_photo_001_1746454476868.jpg"",""rid"":38437546,""lid"":""6728851"",""fid"":""537"",""field"":""photo_map"",""title"":""mdc_photo_mdc_453efc_cdv_photo_001_1746454476868.jpg"",""ext"":""jpg"",""panorama"":false,""isDir"":false}]",Yes,0406,COMPLETE,,,,,,,,,,,2025/05/05,,,Katy Thompson,,,Pass,,,A,B,,,,,,,,1,,,Lateral Inspection,,MH 232 SW SANNEMAN DR,KS,2025/05/05,,,,08:57,,2,Edgar Atwood,,,2025/05/05,,,2400 LETS,,,Lateral Launch,https://pioneer.sewerai.com/dashboard/review/bd9dd554-d793-4a8c-8d4c-b0dba981ddfd?t=3.91764&limit=30&offset=0&project=25PV0406+ONE+GAS+,,
COMPLETE,2025-05-05,,120,,SW TERRA DR,TOPEKA,,,,,,2025/05/05,2400,PW-24R3-TOPEKA-SW SANNEMAN AND TERRA DR-CWO-5/31/25,,,Edgar Atwood,Michael Parrish,0,0,43,,,C/O,12T,GSI,END,,,,,0,40.5,47,71.4,,,,,,,,,,2025/05/05,PO,,Post,SCOTT.LOVELADY@ONEGAS.COM,1,38.977,-95.6825,yes,1,1,,,,One Gas,"___json[{""pathname"":""/Collected Media/map_2662324/layer_6728851/mdc_photo_mdc_f2fc6a_cdv_photo_001_1746478653525.jpg"",""rid"":38442140,""lid"":""6728851"",""fid"":""571"",""field"":""photo_map"",""title"":""mdc_photo_mdc_f2fc6a_cdv_photo_001_1746478653525.jpg"",""ext"":""jpg"",""panorama"":false,""isDir"":false}]",N/A,0406,COMPLETE,,,,,,,,,,,,,,,,,,,,A,B,C,,,,,,,,,,Lateral Inspection,"___json[{""pathname"":""/Collected Media/map_2662324/layer_6728851/mdc_photo_mdc_0cbbea_cdv_photo_006_1746482490382.jpg"",""rid"":38442393,""lid"":""6728851"",""fid"":""571"",""field"":""site_photos"",""title"":""mdc_photo_mdc_0cbbea_cdv_photo_006_1746482490382.jpg"",""ext"":""jpg"",""panorama"":false,""isDir"":false}]",,KS,2025/05/05,,,,15:45,,2,Edgar Atwood,,,2025/05/05,,,2400 PO,,,Push Camera,,,
COMPLETE,2025-05-06,,MH 126 SW TERRA DR,,SW TERRA DR,TOPEKA,,,,,,2025/05/06,2400,PW-24R3-TOPEKA-SW SANNEMAN AND TERRA DR-CWO-5/31/25,,,Edgar Atwood,Tiffanie Gibson,0,0,,,,MH 126 SW TERRA DR,END MH 118 SW TERRA DR,,,,,N/A,,0,289.3,,,,,,,,MH 118 SW TERRA DR,,2025/05/06,ML,2025/05/06,ML,,Post,SCOTT.LOVELADY@ONEGAS.COM ,,38.9774,-95.683,yes,1,1,,,,One Gas,"___json[{""pathname"":""/Collected Media/map_2662324/layer_6728851/mdc_photo_mdc_2b3e9d_cdv_photo_005_1746567836429.jpg"",""rid"":38455263,""lid"":""6728851"",""fid"":""612"",""field"":""photo_map"",""title"":""mdc_photo_mdc_2b3e9d_cdv_photo_005_1746567836429.jpg"",""ext"":""jpg"",""panorama"":false,""isDir"":false}]",N/A,0406,COMPLETE,,,,,,,,,,,,,,,,,,,,A,B,,,,,,289.3,289.3,,,289.3,Main Inspection,,MH 126 SW TERRA DR,KS,2025/05/06,,,,14:07,MH 118 SW TERRA DR,2,Edgar Atwood,,,2025/05/06,,,2400 LETS,,,CCTV,,,
COMPLETE,2025-05-07,,519,,BERTRAND ST,MANHATTAN,,,,,,2025/05/07,,,,,,,,,,,,,,,,,,,,,,,,,,,,,,,,,,,,Post,,,39.1905,-96.5649,,,,,,,One Gas,,,0406,COMPLETE,,,,,,,,,,,,,,,,,,,,,,,,,,,,,,,,,,,KS,2025/05/07,,,,15:10,,1,,,,,,,,,,,,,
COMPLETE,2025-05-05,,127,,SW TERRA DR,TOPEKA,,,,,,2025/05/05,2400,PW-24R3-TOPEKA-SW SANNEMAN AND TERRA DR-CWO-5/31/25,,,Edgar Atwood,Michael Parrish,0,47,64,,,C/O,GSI,GMI,,,,,,0,32,100.4,106.4,,,,,,,,2025/05/05,PO,2025/05/05,PO,,Post,SCOTT.LOVELADY@ONEGAS.COM,1,38.9773,-95.683,yes,1,1,,,,One Gas,"___json[{""pathname"":""/Collected Media/map_2662324/layer_6728851/mdc_photo_mdc_8594bf_cdv_photo_004_1746482322117.jpg"",""rid"":38442380,""lid"":""6728851"",""fid"":""576"",""field"":""photo_map"",""title"":""mdc_photo_mdc_8594bf_cdv_photo_004_1746482322117.jpg"",""ext"":""jpg"",""panorama"":false,""isDir"":false}]",N/A,0406,COMPLETE,,,,,,,,,,,,,,,,,,,,A,B,C,,,,,,,,,,Lateral Inspection,"___json[{""pathname"":""/Collected Media/map_2662324/layer_6728851/mdc_photo_mdc_d04896_cdv_photo_000_1746482356323.jpg"",""rid"":38442383,""lid"":""6728851"",""fid"":""576"",""field"":""site_photos"",""title"":""mdc_photo_mdc_d04896_cdv_photo_000_1746482356323.jpg"",""ext"":""jpg"",""panorama"":false,""isDir"":false},{""pathname"":""/Collected Media/map_2662324/layer_6728851/mdc_photo_mdc_72faa5_cdv_photo_001_1746482356323.jpg"",""rid"":38442384,""lid"":""6728851"",""fid"":""576"",""field"":""site_photos"",""title"":""mdc_photo_mdc_72faa5_cdv_photo_001_1746482356323.jpg"",""ext"":""jpg"",""panorama"":false,""isDir"":false}]",,KS,2025/05/05,,,,16:50,,2,Michael Parrish,,,2025/05/05,,,2400 PO,,,Push Camera,,,
GAS LINE,2025-06-04,,,,,OSWEGO ,,,,,,2025/06/04,,,,,,,,,,,,,,,,,,,,,,,,,,,,,,,,,,,,Post,,,37.1637,-95.1082,,,,,,,One Gas,,,0406,GAS LINE,,,,,,,,,,,,,,,,,,,,,,,,,,,,,,,,,,,KS,2025/06/04,,,,14:55,,1,,,,,,,,,,,,,
COMPLETE,2025-06-04,,10016,,W 93RD ST,OVERLAND PARK ,,,,,,2025/06/04,1800,SOUTHDALE/95 AND NEIMAN ,,,N/A,Tiffanie Gibson,0,0,,,,TAP,END,,,,,,West,249.1,58.7,,,,249.1,,,,10100 W 93RD ST,,2025/06/04,LETS,,,,Post,SCOTT.LOVELADY@ONEGAS.COM ,,38.9598,-94.7016,yes,1,1,,VIDEO 1 IS CAI AND CREW LEAD,,One Gas,,Yes,0403,COMPLETE,,,,,,,,"RAN TO FOUNDATION, LINE IS CLEAR, NO CROSSINGS",,,2025/09/10,,,Katy Thompson,,,,,,A,,,,,,,,,1,,,Lateral Inspection,,MH 10002 W 93RD ST ,KS,2025/06/04,,,West,13:14,,2,N/A,,,2025/06/04,,,1800 LETS,,,Lateral Launch,https://pioneer.sewerai.com/dashboard/review/17025ff0-8e24-48fb-b885-6574fdee0e3d?t=6.271342&limit=30&offset=0&status=uploaded&client_reviewed=false&issues=false&project=25PV0406+ONE+GAS+&ordering=Inspection_Date,,
RECON,2025-06-04,,MH 9247 MOODY PARK DR ,,MOODY PARK DR,OVERLAND PARK ,,,,,,,1800,SOUTHDALE/95 AND NEIMAN ,,,Benjamin Bonnell,Tiffanie Gibson,,,,,,,,,,,,,,,,,,,,,,,ML NORTH ,,2025/06/04,ML,2025/06/04,ML,,Post,SCOTT.LOVELADY@ONEGAS.COM ,,38.9602,-94.7011,,,,,,,One Gas,,N/A,0406,RECON,,,,,,,,,,,,,,,,,,,,,,,,,,,,,,,,Main Inspection,,MH 9427 MOODY PARK DR ,KS,2025/06/04,,,,,TO SOUTH,2,N/A,,,,,,N/A,,,,,,
GAS LINE,2025-08-04,,,,E 15th St,Monahans,,,,,,2025/08/04,,,,,,,,,,,,,,,,,,,,,,,,,,,,,,,,,,,,Post,,,31.581,-102.888,,,,,,,One Gas,,,0723,GAS LINE,,,,,,,,,,,,,,,,,,,,,,,,,,,,,,,,,,,TX,2025/08/04,,,,18:43,Gas Line,1,,,,,,,,,,,,,
GAS LINE,2025-05-07,,516,,THURSTON ST,MANHATTAN ,,,,,,2025/05/07,,,,,,,,,,,,,,,,,,,,,,,,,,,,,,,,,,,,Post,,,39.1904,-96.5649,,,,,,,One Gas,,,0406,GAS LINE,,,,,,,,,,,,,,,,,,,,,,,,,,,,,,,,,,,KS,2025/05/07,,,,14:28,,1,,,,,,,,,,,,,
OFFICE REVIEW,2025-05-08,,418,,SHERMAN ST,HUTCHINSON ,,,,,,2025/05/08,2400,PW-23R3-HUTCHINSON-SHERMAN AND MADISON ,,,Edgar Atwood,Michael Parrish,0,32,19,0,0,TAP,GMI,GSI,9T,9T CAPPED,,,West,255.9,7,55.7,83.2,95.5,255.9,,,,,AFTER THE 9T LISTED IS A 3T AT 103.6 FT AND ENDED AT 116.4 FT.,2025/05/08,LETS,2025/05/08,LETS,,Post,SCOTT.LOVELADY@ONEGAS.COM ,,38.0528,-97.9393,yes,1,1,,,,One Gas,"___json[{""pathname"":""/Collected Media/map_2662324/layer_6728851/mdc_photo_mdc_38b7c1_cdv_photo_002_1746733960682.jpg"",""rid"":38484124,""lid"":""6728851"",""fid"":""725"",""field"":""photo_map"",""title"":""mdc_photo_mdc_38b7c1_cdv_photo_002_1746733960682.jpg"",""ext"":""jpg"",""panorama"":false,""isDir"":false}]",No,0406,OFFICE REVIEW,"ENOUGH VISUAL @ GMI (7'), BUT NOT CLEAR @ GMI.",,,Katy Thompson,Fail,,,"CAMERA BLURRY, CAMERA JUMPS PAST GMI, NO VISUAL @ GSI, DEBRIS BLOCKS VIEW 17'-83', CAMERA STOPS @ 83' ON PULLBACK",,,2025/05/16,,,Katy Thompson,,,Fail,,,A,B,C,D,E,,,,,1,,,Lateral Inspection,"___json[{""pathname"":""/Collected Media/map_2662324/layer_6728851/mdc_photo_mdc_d88c4f_cdv_photo_000_1746733689980.jpg"",""rid"":38484079,""lid"":""6728851"",""fid"":""725"",""field"":""site_photos"",""title"":""mdc_photo_mdc_d88c4f_cdv_photo_000_1746733689980.jpg"",""ext"":""jpg"",""panorama"":false,""isDir"":false},{""pathname"":""/Collected Media/map_2662324/layer_6728851/mdc_photo_mdc_261a45_cdv_photo_001_1746733689980.jpg"",""rid"":38484080,""lid"":""6728851"",""fid"":""725"",""field"":""site_photos"",""title"":""mdc_photo_mdc_261a45_cdv_photo_001_1746733689980.jpg"",""ext"":""jpg"",""panorama"":false,""isDir"":false}]",MH 400 W SHERMAN ST ,KS,2025/05/08,,,West,14:43,,2,Edgar Atwood,,,2025/05/08,,,2400 LETS,,,Lateral Launch,https://pioneer.sewerai.com/dashboard/review/1d987364-71af-45ff-9ed0-89d4eb2989c2?t=4.878229&limit=30&offset=0&project=25PV0406+ONE+GAS+&client_reviewed=false,,
COMPLETE,2025-05-05,,125,,SW TERRA DR,TOPEKA,,,,,,2025/05/05,2400,PW-24R3-TOPEKA-SW SANNEMAN AND TERRA DR-CWO-5/31/25,,,Edgar Atwood,Michael Parrish,0,33,0,71,0,C/O,GSI,12T,GMI,END,,,,0,33.9,85.5,124.1,129.7,,,,,,,2025/05/05,PO,2025/05/05,PO,,Post,SCOTT.LOVELADY@ONEGAS.COM,1,38.9773,-95.683,yes,1,1,,,,One Gas,"___json[{""pathname"":""/Collected Media/map_2662324/layer_6728851/mdc_photo_mdc_74e27e_cdv_photo_003_1746480531054.jpg"",""rid"":38442270,""lid"":""6728851"",""fid"":""574"",""field"":""photo_map"",""title"":""mdc_photo_mdc_74e27e_cdv_photo_003_1746480531054.jpg"",""ext"":""jpg"",""panorama"":false,""isDir"":false}]",N/A,0406,COMPLETE,,,,,,,,,,,,,,,,,,,,A,B,C,D,,,,,,,,,Lateral Inspection,"___json[{""pathname"":""/Collected Media/map_2662324/layer_6728851/mdc_photo_mdc_4a9830_cdv_photo_004_1746482439937.jpg"",""rid"":38442388,""lid"":""6728851"",""fid"":""574"",""field"":""site_photos"",""title"":""mdc_photo_mdc_4a9830_cdv_photo_004_1746482439937.jpg"",""ext"":""jpg"",""panorama"":false,""isDir"":false},{""pathname"":""/Collected Media/map_2662324/layer_6728851/mdc_photo_mdc_319a53_cdv_photo_005_1746482439937.jpg"",""rid"":38442389,""lid"":""6728851"",""fid"":""574"",""field"":""site_photos"",""title"":""mdc_photo_mdc_319a53_cdv_photo_005_1746482439937.jpg"",""ext"":""jpg"",""panorama"":false,""isDir"":false}]",,KS,2025/05/05,,,,16:19,,2,Edgar Atwood,,,2025/05/05,,,2400 PO,,,Push Camera,,,
GAS LINE,2025-06-04,,,,,,,,,,,2025/06/04,,,,,,,,,,,,,,,,,,,,,,,,,,,,,,,,,,,,Post,,,38.9602,-94.7011,,,,,,,,,,0406,GAS LINE,,,,,,,,,,,,,,,,,,,,,,,,,,,,,,,,,,,,2025/06/04,,,,15:09,,1,,,,,,,,,,,,,
COMPLETE,2025-06-05,,615,,MERCHANT ST,OSWEGO ,,,,2025/06/04,"___json[{""pathname"":""/Collected Media/map_2662324/layer_6728851/mdc_photo_mdc_711492_cdv_photo_001_1749055899336.jpg"",""rid"":38780093,""lid"":""6728851"",""fid"":""822"",""field"":""cb_report"",""title"":""mdc_photo_mdc_711492_cdv_photo_001_1749055899336.jpg"",""ext"":""jpg"",""panorama"":false,""isDir"":false}]",2025/06/05,2400,6 AND MERCHANT,,,James Atwood,Michael Parrish,0,0,,,,TAP,END,,,,,,North,162.1,5.9,,,,162.1,,,,,,2025/06/04,LETS,2025/06/04,LETS,,Post,SCOTT.LOVELADY@ONEGAS.COM ,1,37.1642,-95.1083,yes,2,2,,COMMUNICATION CROSS BORE/ PUSHED TO CONNECT IN WHERE COMMUNICATION CROSS BORE IS.,,One Gas,"___json[{""pathname"":""/Collected Media/map_2662324/layer_6728851/mdc_photo_mdc_f17177_cdv_photo_000_1749128463306.jpg"",""rid"":38791559,""lid"":""6728851"",""fid"":""822"",""field"":""photo_map"",""title"":""mdc_photo_mdc_f17177_cdv_photo_000_1749128463306.jpg"",""ext"":""jpg"",""panorama"":false,""isDir"":false}]",No,0403,COMPLETE,,WAITING FOR 2400 PO VIDEO,,Katy Thompson,,,,"NO VISUAL DUE TO UNDER WATER, COMM CROSSBORE",,,2025/06/17,,,Katy Thompson,,,Fail,,,A,B,,,,,,,,1,,,Lateral Inspection,"___json[{""pathname"":""/Collected Media/map_2662324/layer_6728851/mdc_photo_mdc_1dd0eb_cdv_photo_002_1749048867828.jpg"",""rid"":38778048,""lid"":""6728851"",""fid"":""822"",""field"":""site_photos"",""title"":""mdc_photo_mdc_1dd0eb_cdv_photo_002_1749048867828.jpg"",""ext"":""jpg"",""panorama"":false,""isDir"":false},{""pathname"":""/Collected Media/map_2662324/layer_6728851/mdc_photo_mdc_de254b_cdv_photo_003_1749048867828.jpg"",""rid"":38778049,""lid"":""6728851"",""fid"":""822"",""field"":""site_photos"",""title"":""mdc_photo_mdc_de254b_cdv_photo_003_1749048867828.jpg"",""ext"":""jpg"",""panorama"":false,""isDir"":false}]",MH 635 MERCHANT ST ,KS,2025/06/05,,,,08:00,,2,James Atwood,James Atwood,,2025/06/04,2025/06/05,,2400 LETS,2400 PO,,Lateral Launch,https://pioneer.sewerai.com/dashboard/review/ca8c2045-937f-48b4-8257-c3b49366caad?t=2.765902&limit=30&offset=0&project=24PV0408+MESA+COUNTY-GATEWAY&city=OSWEGO&client_reviewed=false,,
GAS LINE,2025-06-04,,,,,,,,,,,,,,,,,,,,,,,,,,,,,,,,,,,,,,,,,,,,,,,Post,,,38.9602,-94.701,,,,,,,,,,0406,GAS LINE,,,,,,,,,,,,,,,,,,,,,,,,,,,,,,,,,,,,2025/06/04,,,,,,1,,,,,,,,,,,,,
COMPLETE,2025-06-06,,305,,RIVER ST,COMMERCE,,,,,,2025/06/06,2400,5TH AND RIVER,,,James Atwood,Michael Parrish,0,0,,,,C/O,END,,,,,,,0,60.11,,,,,,,,,,2025/06/06,PO,2025/06/06,PO,,Post,SCOTT.LOVELADY@ONEGAS.COM ,1,36.9375,-94.8748,yes,1,1,,CLEAR,,One Gas,"___json[{""pathname"":""/Collected Media/map_2662324/layer_6728851/mdc_photo_mdc_255154_cdv_photo_001_1749224095554.jpg"",""rid"":38807716,""lid"":""6728851"",""fid"":""930"",""field"":""photo_map"",""title"":""mdc_photo_mdc_255154_cdv_photo_001_1749224095554.jpg"",""ext"":""jpg"",""panorama"":false,""isDir"":false}]",N/A,0406,COMPLETE,,,,,,,,,,,,,,,,,,,,A,B,,,,,,,,,,,Lateral Inspection,,,OK,2025/06/06,,,North,10:30,,2,James Atwood,,,2025/06/06,,,2400 PO,,,Push Camera,,,
COMPLETE,2025-05-06,,122,,SW TERRA DR,TOPEKA,,,,,,2025/05/06,2400,PW-24R3-TOPEKA-SW SANNEMAN AND TERRA DR-CWO-5/31/25,,,Edgar Atwood,Tiffanie Gibson,0,,,,,TAP,END,,,,,,North,174.4,36.2,,,,173.4,,,,,,2025/05/06,LETS,2025/05/06,LETS,,Post,SCOTT.LOVELADY@ONEGAS.COM ,,38.9773,-95.6828,yes,1,1,,,,One Gas,"___json[{""pathname"":""/Collected Media/map_2662324/layer_6728851/mdc_photo_mdc_4a1c72_cdv_photo_001_1746562802466.jpg"",""rid"":38454687,""lid"":""6728851"",""fid"":""615"",""field"":""photo_map"",""title"":""mdc_photo_mdc_4a1c72_cdv_photo_001_1746562802466.jpg"",""ext"":""jpg"",""panorama"":false,""isDir"":false}]",N/A,0406,COMPLETE,,,,,Pass,,,,,,2025/09/10,,,Katy Thompson,,,Pass,,,A,,,,,,,,,1,,,Lateral Inspection,,MH 126 SW TERRA DR,KS,2025/05/06,,,,15:09,,2,Edgar Atwood,,,2025/05/06,,,2400 LETS,,,Lateral Launch,https://pioneer.sewerai.com/dashboard/review/37d315e5-227a-437b-869b-1b1e2b5cf072?t=2.631812&limit=30&offset=60&status=uploaded&client_reviewed=false&issues=false&ordering=-Inspection_Date&project=25PV0406+ONE+GAS+,,
GAS LINE,2025-06-04,,10000,,93RD ST,LENEXA,,,,,,2025/06/04,,,,,,,,,,,,,,,,,,,,,,,,,,,,,,,,,,,,Post,,,38.9604,-94.701,,,,,,,One Gas,,,0406,GAS LINE,,,,,,,,,,,,,,,,,,,,,,,,,,,,,,,,,,,KS,2025/06/04,,,West,15:16,,1,,,,,,,,,,,,,
GAS LINE,2025-06-04,,9305,,MOODY PARK DR,LENEXA,,,,,,2025/06/04,,,,,,,,,,,,,,,,,,,,,,,,,,,,,,,,,,,,Post,,,38.9604,-94.701,,,,,,,One Gas,,,0406,GAS LINE,,,,,,,,,,,,,,,,,,,,,,,,,,,,,,,,,,,KS,2025/06/04,,,,15:26,,1,,,,,,,,,,,,,
COMPLETE,2025-05-05,,MH 232 SW SANNEMAN DR ,,SANNEMAN DR,TOPEKA ,,,,,,2025/05/05,2400,PW-24R3-TOPEKA-SW SANNEMAN AND TERRA DR-CWO-5/31/25,,,Robert Gudgel,Michael Parrish,0,98,0,,,MH 232 SW SANNEMAN DR ,GMI,MH 226 SW HEIGHTS RD,,,,,,0,127.7,257.9,,,,,,,MH 226 SW HEIGHTS RD,,2025/05/05,ML,2025/05/05,ML,,Post,SCOTT.LOVELADY@ONEGAS.COM ,,38.9768,-95.6857,yes,1,1,,GAS MAIN IS 39 SEWER IS 98,,One Gas,"___json[{""pathname"":""/Collected Media/map_2662324/layer_6728851/mdc_photo_mdc_7e9d72_cdv_photo_003_1746462662920.jpg"",""rid"":38439393,""lid"":""6728851"",""fid"":""545"",""field"":""photo_map"",""title"":""mdc_photo_mdc_7e9d72_cdv_photo_003_1746462662920.jpg"",""ext"":""jpg"",""panorama"":false,""isDir"":false}]",Yes,0406,COMPLETE,,,,,,,,,,,2025/05/05,,,Katy Thompson,,,Pass,,,A,B,,,,,,308.2,308.2,,,308.2,Main Inspection,"___json[{""pathname"":""/Collected Media/map_2662324/layer_6728851/mdc_photo_mdc_70ac71_cdv_photo_000_1746462399741.jpg"",""rid"":38439330,""lid"":""6728851"",""fid"":""545"",""field"":""site_photos"",""title"":""mdc_photo_mdc_70ac71_cdv_photo_000_1746462399741.jpg"",""ext"":""jpg"",""panorama"":false,""isDir"":false}]",MH 232 SW SANNEMAN DR ,KS,2025/05/05,,,,11:17,MH 226 SW HEIGHTS RD,2,Robert Gudgel,,,2025/05/05,,,2400 LETS,,,CCTV,https://pioneer.sewerai.com/dashboard/review/88f4be54-f06c-4a9c-96a9-f6ed31c59558?t=3.899871&limit=30&offset=0&project=25PV0406+ONE+GAS+,,
COMPLETE,2025-05-07,,601 ,,BERTRAND ST,MANHATTAN,,,,,,2025/05/07,2400,BERTRAND / N 6 ST ,,,Edgar Atwood,Tiffanie Gibson,0,,,,,TAP,END,,,,,No,North,3.1,82.6,,,,3.1,,,,,,2025/05/07,LETS,2025/05/07,LETS,,Post,SCOTT.LOVELADY@ONEGAS.COM ,,39.1905,-96.5648,yes,1,1,,,,One Gas,"___json[{""pathname"":""/Collected Media/map_2662324/layer_6728851/mdc_photo_mdc_77bc82_cdv_photo_000_1746626692109.jpg"",""rid"":38465157,""lid"":""6728851"",""fid"":""632"",""field"":""photo_map"",""title"":""mdc_photo_mdc_77bc82_cdv_photo_000_1746626692109.jpg"",""ext"":""jpg"",""panorama"":false,""isDir"":false}]",Yes,0406,COMPLETE,"THERE ARE NO GAS CROSSINGS, NO CONFLICTS",,,Katy Thompson,Pass,,,"POOR VISUAL 7'- 12', 21'- 34', 60'- 81.7', CLEAR FROM 76' - 65.5', SAME POOR VISUAL ON PULLBACK",,,2025/05/07,,,Katy Thompson,,,Pass,,,A,,,,,,,,,1,,,Lateral Inspection,,1100 N 6TH ST,KS,2025/05/07,,,North,08:56,,2,Edgar Atwood,,,2025/05/07,,,2400 LETS,,,Lateral Launch,https://pioneer.sewerai.com/dashboard/review/76d729e7-f36b-4a64-82f5-b01e79050b2d?t=1.728781&limit=30&offset=0&project=25PV0406+ONE+GAS+&client_reviewed=false,,
COMPLETE,2025-05-07,,527,,BERTRAND ST,MANHATTAN,,,,,,2025/05/07,2400,BERTRAND / N 6 ST ,,,Robert Gudgel,Michael Parrish,0,0,,,,C/O,END@MAIN,,,,,,,0,100,,,,,,,,,,2025/05/07,PO,2025/05/07,PO,,Post,SCOTT.LOVELADY@ONEGAS.COM,1,39.1903,-96.5649,yes,1,1,,,,One Gas,"___json[{""pathname"":""/Collected Media/map_2662324/layer_6728851/mdc_photo_mdc_13e1cb_cdv_photo_003_1746642812036.jpg"",""rid"":38470887,""lid"":""6728851"",""fid"":""658"",""field"":""photo_map"",""title"":""mdc_photo_mdc_13e1cb_cdv_photo_003_1746642812036.jpg"",""ext"":""jpg"",""panorama"":false,""isDir"":false}]",Yes,0406,COMPLETE,,,,,,,,,,,2025/05/16,,,Katy Thompson,,,Pass,,,A,,,,,,,,,,,,Lateral Inspection,,,KS,2025/05/07,,,,13:23,,2,Michael Parrish,,,2025/05/07,,,2400 PO,,,Push Camera,https://pioneer.sewerai.com/dashboard/review/e69d75d1-48b1-4a9f-8e47-4a185492402d?t=3.145358&limit=30&offset=0&project=25PV0406+ONE+GAS+&client_reviewed=false,,
COMPLETE,2025-05-05,,MH 118 SW TERRA DR,,TERRA DR,TOPEKA ,,,,,,2025/05/05,2400,PW-24R3-TOPEKA-SW SANNEMAN AND TERRA DR - CWO ,,,Edgar Atwood,Michael Parrish,0,0,,,,MH 118 SW TERRA DR,END @ RB,,,,,,,0,38.9,,,,,,,,ML NORTH,,2025/05/05,ML,2025/05/05,ML,,Post,SCOTT.LOVELADY@ONEGAS.COM ,,38.9768,-95.6822,yes,1,1,,ENDED AT 38.9 FT @ RB,,One Gas,"___json[{""pathname"":""/Collected Media/map_2662324/layer_6728851/mdc_photo_mdc_abbf45_cdv_photo_000_1746468300965.jpg"",""rid"":38440455,""lid"":""6728851"",""fid"":""553"",""field"":""photo_map"",""title"":""mdc_photo_mdc_abbf45_cdv_photo_000_1746468300965.jpg"",""ext"":""jpg"",""panorama"":false,""isDir"":false}]",N/A,0406,COMPLETE,,,,,,,,,,,,,,,,,,,,,,,,,,,,38.9,,,38.9,Main Inspection,,MH 118 SW TERRA DR,KS,2025/05/05,,,,12:53,ML NORTH,2,Edgar Atwood,,,2025/05/05,,,2400 LETS,,,CCTV,,,
GAS LINE,2025-06-04,,9301,,MOODY PARK DR,LENEXA,,,,,,2025/06/04,,,,,,,,,,,,,,,,,,,,,,,,,,,,,,,,,,,,Post,,,38.9604,-94.701,,,,,,,One Gas,,,0406,GAS LINE,,,,,,,,,,,,,,,,,,,,,,,,,,,,,,,,,,,KS,2025/06/04,,,,15:12,,1,,,,,,,,,,,,,
GAS LINE,2025-06-04,,9309,,MOODY PARK,LENEXA,,,,,,2025/06/04,,,,,,,,,,,,,,,,,,,,,,,,,,,,,,,,,,,,Post,,,38.9604,-94.701,,,,,,,One Gas,,,0406,GAS LINE,,,,,,,,,,,,,,,,,,,,,,,,,,,,,,,,,,,KS,2025/06/04,,,,15:27,,1,,,,,,,,,,,,,
COMPLETE,2025-05-07,,520,,THURSTON ST,MANHATTAN,,,,,,2025/05/07,2400,BERTRAND / N 6 ST,,,Edgar Atwood,Tiffanie Gibson,0,84,76,,,TAP,GMI,GSI,END,,,,South,158.4,2.3,7,91.7,,158.4,,,,,LINES RUN PARALLEL WITH GAS SERVICE,2025/05/07,LETS,2025/05/07,LETS,,Post,SCOTT.LOVELADY@ONEGAS.COM ,,39.1905,-96.5649,yes,1,1,,,,One Gas,,Yes,0406,COMPLETE,"LINES RUN PARALLEL WITH GAS SERVICE, THERE ARE NO CROSSINGS. QA KT",,,Katy Thompson,Pass,,,POOR VISUAL 34'- END. NOT CLEAR ON PULLBACK BUT CLEAR @ GMI & GSI,,,2025/05/16,,,Katy Thompson,,,Pass,,,A,B,C,,,,,,,1,,,Lateral Inspection,,1100 N 6TH ST,KS,2025/05/07,,,North,13:13,,2,Edgar Atwood,,,2025/05/07,,,2400 LETS,,,Lateral Launch,https://pioneer.sewerai.com/dashboard/review/b28497ca-7238-47f7-b091-de835f2ba7e8?t=1.285688&limit=30&offset=0&project=25PV0406+ONE+GAS+&client_reviewed=false,,
GAS LINE,2025-06-04,,,,,,,,,,,,,,,,,,,,,,,,,,,,,,,,,,,,,,,,,,,,,,,Post,,,38.9603,-94.7011,,,,,,,,,,0406,GAS LINE,,,,,,,,,,,,,,,,,,,,,,,,,,,,,,,,,,,,2025/06/04,,,,,,1,,,,,,,,,,,,,
COMPLETE,2025-05-07,,626,,THURSTON ST ,MANHATTAN ,,,,,,2025/05/07,1800,BERTRAND / N 6 ST ,,,Eric Zerr,Carter Pacheco,92,74,,,,TAP,END ,,,,,No,East,136.8,97,,,,136.8,,,,,,2025/05/07,LETS,2025/05/07,LETS,,Post,SCOTT.LOVELADY@ONEGAS.COM ,,39.1903,-96.5666,yes,1,1,,,,One Gas,"___json[{""pathname"":""/Collected Media/map_2662324/layer_6728851/mdc_photo_mdc_43c4d9_cdv_photo_002_1746646711860.jpg"",""rid"":38471416,""lid"":""6728851"",""fid"":""661"",""field"":""photo_map"",""title"":""mdc_photo_mdc_43c4d9_cdv_photo_002_1746646711860.jpg"",""ext"":""jpg"",""panorama"":false,""isDir"":false}]",Yes,0406,COMPLETE,THERE ARE NO GAS CROSSINGS THIS LINE IS CLEAR.,,,Katy Thompson,Pass,,,"POOR VISUAL 20'- 71', ON PULLBACK NO VISUAL FROM 61'- 34' DUE TO WATER & DEBRIS",,,2025/05/14,,,Katy Thompson,,,Pass,,,A,B,,,,,,,,1,,,Lateral Inspection,,MH 1106 N JULIETTE AVE ,KS,2025/05/07,,,South,13:48,,2,Eric Zerr,,,2025/05/07,,,1800 LETS,,,Lateral Launch,https://pioneer.sewerai.com/dashboard/review/45ec9609-80eb-4826-bce6-ef55a106e720?t=3.516632&limit=30&offset=0&project=25PV0406+ONE+GAS+&ordering=Lateral_Segment_Reference&surveyed_by=ERIC+ZERR&client_reviewed=false,,
COMPLETE,2025-05-07,,601 ,,BERTRAND ST,MANHATTAN,,,,,,2025/05/07,2400,BERTRAND / N 6 ST ,,,Edgar Atwood,Michael Parrish,0,0,,,,TAP,END,,,,,,East,12.7,19.3,,,,12.7,,,,,,2025/05/07,LETS,2025/05/07,LETS,,Post,SCOTT.LOVELADY@ONEGAS.COM ,,39.1904,-96.5649,yes,1,1,,,,One Gas,"___json[{""pathname"":""/Collected Media/map_2662324/layer_6728851/mdc_photo_mdc_4ae68a_cdv_photo_000_1746631445089.jpg"",""rid"":38467005,""lid"":""6728851"",""fid"":""638"",""field"":""photo_map"",""title"":""mdc_photo_mdc_4ae68a_cdv_photo_000_1746631445089.jpg"",""ext"":""jpg"",""panorama"":false,""isDir"":false}]",Yes,0406,COMPLETE,THERE ARE NO GAS CROSSINGS NO CONFLICT,,,Katy Thompson,Pass,,,"NO VISUAL AT ALL ON RUN, VISUAL IS CLEAR 14.6' -7', 2.8'-0'",,,2025/05/07,,,Katy Thompson,,,Pass,,,A,,,,,,,,,1,,,Lateral Inspection,,MH  1100 N 6TH ,KS,2025/05/07,,,North,10:17,A,2,Edgar Atwood,,,2025/05/07,,,2400 LETS,,,Lateral Launch,https://pioneer.sewerai.com/dashboard/review/ab172333-995b-4dee-b446-cb4ed076f051?t=4.59184&limit=30&offset=0&project=25PV0406+ONE+GAS+&client_reviewed=false,,
COMPLETE,2025-05-07,,615,,BERTRAND ST,MANHATTAN ,,,,,,2025/05/07,1800,BERTRAND / N 6 ST ,,,Eric Zerr,Carter Pacheco,72,80,84,,,TAP,VCO/12T,END,,,,No,East,257.7,60.4,85.4,,,257.7,,,,,,2025/05/07,LETS,2025/05/07,LETS,,Post,SCOTT.LOVELADY@ONEGAS.COM ,,39.1903,-96.5666,yes,1,1,,,,One Gas,"___json[{""pathname"":""/Collected Media/map_2662324/layer_6728851/mdc_photo_mdc_0f6d58_cdv_photo_000_1746650508217.jpg"",""rid"":38472098,""lid"":""6728851"",""fid"":""676"",""field"":""photo_map"",""title"":""mdc_photo_mdc_0f6d58_cdv_photo_000_1746650508217.jpg"",""ext"":""jpg"",""panorama"":false,""isDir"":false}]",Yes,0406,COMPLETE,THERE ARE NO CROSSINGS NO CONFLICTS,,,Katy Thompson,Pass,,,"NO VISUAL UNTIL 16.56', THEN 70'-85' POOR VISUAL",,,2025/05/14,,,Katy Thompson,,,Pass,,,A,B,C,,,,,,,1,,,Lateral Inspection,,MH 1106 N JULIETTE AVE ,KS,2025/05/07,,,,15:32,,2,Eric Zerr,,,2025/05/07,,,1800 LETS,,,Lateral Launch,https://pioneer.sewerai.com/dashboard/review/69bd2132-945e-4c86-9be0-2dc4cb6cdb60?t=0&limit=30&offset=0&project=25PV0406+ONE+GAS+&ordering=Lateral_Segment_Reference&surveyed_by=ERIC+ZERR&client_reviewed=false,,
COMPLETE,2025-09-09,,1008,,2ND AVE NW,MIAMI,,,,,,2025/09/09,1700,K ST NW / 3 AVE NW ,,,James Atwood,,0,24,0,,,TAP,GMI,END,,,,,North,192.5,16.2,65,,,192.5,,,,,,2025/09/09,LETS,2025/09/09,LETS,,Post,SCOTT.LOVELADY@ONEGAS.COM ,1,36.8776,-94.8891,yes,1,1,,"TECH: TINAI MITCHELL
PUSHED TO FOUNDATION, LINE IS CLEAR IN FULL, RECEIVED NEW GAS SERVICE",,One Gas,"___json[{""pathname"":""/Collected Media/map_2662324/layer_6728851/mdc_photo_mdc_0038b0_cdv_photo_006_1757455014834.jpg"",""rid"":40093129,""lid"":""6728851"",""fid"":""1225"",""field"":""photo_map"",""title"":""mdc_photo_mdc_0038b0_cdv_photo_006_1757455014834.jpg"",""ext"":""jpg"",""panorama"":false,""isDir"":false}]",Yes,0406,COMPLETE,VISUAL IS CLEAR ENOUGH TO SEE NO CONFLICTS.,,,Katy Thompson,Pass,,,"CAMERA PARTIALLY COVERED, NOT CLEAR ON PULLBACK",,,2025/09/18,,,Charlton Moren,,,Pass,,,,,,,,,,,,,,,Lateral Inspection,"___json[{""pathname"":""/Collected Media/map_2662324/layer_6728851/mdc_photo_mdc_fb28f2_cdv_photo_005_1757455014834.jpg"",""rid"":40093128,""lid"":""6728851"",""fid"":""1225"",""field"":""site_photos"",""title"":""mdc_photo_mdc_fb28f2_cdv_photo_005_1757455014834.jpg"",""ext"":""jpg"",""panorama"":false,""isDir"":false}]",MH 132 K ST NW,OK,2025/09/09,,,,16:50,,2,Carter Pacheco,,,2025/09/09,,,1700 LETS,,,Lateral Launch,https://pioneer.sewerai.com/dashboard/review/8d2529eb-a4f3-4058-a143-4532fbbc92fb?t=1&limit=30&offset=0&status=uploaded&client_reviewed=false&issues=false&ordering=-Inspection_Date&project=25PV0406+ONE+GAS+&inspection_datetime__lte=2025-09-09T23%3A59%3A59-05%3A00,,
COMPLETE,2025-06-06,,17501 ,,98TH ST ,LENEXA ,,,,,,2025/06/06,1800,VISTA VILLAGE (PRAIRIE STAR PKWY/RIDGEVIEW) ,,,Eric Zerr,Carter Pacheco,0,0,,,,TAP,END,,,,,No,South,15.6,32.5,,,,15.6,,,,,,2025/06/06,LETS,2025/06/06,LETS,,Post,SCOTT.LOVELADY@ONEGAS.COM ,,38.9548,-94.791,yes,1,1,,STOPPED AT CAP JUST BEFORE GAS CROSSING,,One Gas,"___json[{""pathname"":""/Collected Media/map_2662324/layer_6728851/mdc_photo_mdc_deb685_cdv_photo_000_1749230092256.jpg"",""rid"":38808801,""lid"":""6728851"",""fid"":""941"",""field"":""photo_map"",""title"":""mdc_photo_mdc_deb685_cdv_photo_000_1749230092256.jpg"",""ext"":""jpg"",""panorama"":false,""isDir"":false}]",Yes,0403,COMPLETE,,,,,,,,,,,2025/06/06,,,Katy Thompson,,,Pass,,,A,B,,,,,,,,1,,,Lateral Inspection,"___json[{""pathname"":""/Collected Media/map_2662324/layer_6728851/mdc_photo_mdc_94d468_cdv_photo_1749230290_1749230300069.jpg"",""rid"":38808821,""lid"":""6728851"",""fid"":""941"",""field"":""site_photos"",""title"":""mdc_photo_mdc_94d468_cdv_photo_1749230290_1749230300069.jpg"",""ext"":""jpg"",""panorama"":false,""isDir"":false}]",MH 17501 W 98TH ST ,KS,2025/06/06,,,West,11:58,H,2,Edgar Atwood,,,2025/06/06,,,1800 LETS,,,Lateral Launch,https://pioneer.sewerai.com/dashboard/review/69c7e9b7-0db7-4fd9-beba-c38858b2d5fb?t=3.720497&limit=30&offset=0&project=24PV0408+MESA+COUNTY-GATEWAY&ordering=-Inspection_Date&client_reviewed=false,,
COMPLETE,2025-06-04,,637,,MERCHANT ST,OSWEGO ,,,,,,2025/06/04,2400,6 AND MERCHANT,,,James Atwood,Michael Parrish,0,0,,,,TAP,END,,,,,,South,179.7,78.5,,,,179.7,,,,,,2025/06/04,LETS,2025/06/04,LETS,,Post,SCOTT.LOVELADY@ONEGAS.COM ,,37.1639,-95.1081,yes,1,1,,ABANDONED HOUSE / CLEAR / NO GAS,,One Gas,"___json[{""pathname"":""/Collected Media/map_2662324/layer_6728851/mdc_photo_mdc_d748b1_cdv_photo_000_1749069037976.jpg"",""rid"":38782909,""lid"":""6728851"",""fid"":""859"",""field"":""photo_map"",""title"":""mdc_photo_mdc_d748b1_cdv_photo_000_1749069037976.jpg"",""ext"":""jpg"",""panorama"":false,""isDir"":false}]",Yes,0403,COMPLETE,,,,,,,,,,,2025/06/17,,,Katy Thompson,,,Pass,,,A,B,,,,,,,,1,,,Lateral Inspection,,MH 635 MERCHANT ST ,KS,2025/06/04,,,,15:26,,2,James Atwood,,,2025/06/04,,,2400 LETS,,,Lateral Launch,https://pioneer.sewerai.com/dashboard/review/84500c94-1c27-45ec-8519-adcb87aafbb9?t=0.931635&limit=30&offset=0&project=24PV0408+MESA+COUNTY-GATEWAY&status=uploaded&client_reviewed=false&ordering=-Inspection_Date&city=OSWEGO,,
COMPLETE NO BILL,2025-08-04,,109,,E 15th St,Monahans,,,,,,2025/08/04,4600,One Gas,,,Jason Claunch,Kyle Graham ,,,,,,End,GMI Sewer@28” Gas@18”,,,,,,East,41.4,14.8,,,,46.5,,,,,,2025/08/04,LETS,2025/08/04,LETS,,Post,One Gas,,31.581,-102.888,yes,1,1,,8/4/2025 4600 found tap in this stretch of mainline and ran past fence line into open lot. This lateral is clear at GMI,,One Gas,"___json[{""pathname"":""/Collected Media/map_2662324/layer_6728851/mdc_photo_mdc_be101f_cdv_photo_032_1754351149471.jpg"",""rid"":39598769,""lid"":""6728851"",""fid"":""983"",""field"":""photo_map"",""title"":""mdc_photo_mdc_be101f_cdv_photo_032_1754351149471.jpg"",""ext"":""jpg"",""panorama"":false,""isDir"":false}]",N/A,0723,COMPLETE NO BILL,,,,,,,,,,,,,,,,,,,,,,,,,,,,,1,,,Lateral Inspection,"___json[{""pathname"":""/Collected Media/map_2662324/layer_6728851/mdc_photo_mdc_652a1e_cdv_photo_1754350257_1754350383712.jpg"",""rid"":39598747,""lid"":""6728851"",""fid"":""983"",""field"":""site_photos"",""title"":""mdc_photo_mdc_652a1e_cdv_photo_1754350257_1754350383712.jpg"",""ext"":""jpg"",""panorama"":false,""isDir"":false},{""pathname"":""/Collected Media/map_2662324/layer_6728851/mdc_photo_mdc_ea3424_cdv_photo_1754350262_1754350383712.jpg"",""rid"":39598748,""lid"":""6728851"",""fid"":""983"",""field"":""site_photos"",""title"":""mdc_photo_mdc_ea3424_cdv_photo_1754350262_1754350383712.jpg"",""ext"":""jpg"",""panorama"":false,""isDir"":false}]",101 E 15th St MH ML E,TX,2025/08/04,,,,18:25,,2,Jason Claunch,,,2025/08/04,,,-----------------,,,CCTV,,,
COMPLETE NO BILL,2025-08-05,,907,,SW 1st St,Andrews,,,,,,2025/08/05,4600,One Gas,,,Jason Claunch,Kyle Graham ,,,,,,End,GMI S@21” G@28”,,,,,,,14.6,7.2,,,,,,,,,,2025/08/05,PO,2025/08/05,PO,,Post,One Gas,1,32.3097,-102.544,yes,1,1,,8/4/2025 4600 pushed from CO to ML this is clear,,One Gas,"___json[{""pathname"":""/Collected Media/map_2662324/layer_6728851/mdc_photo_mdc_bf175d_cdv_photo_004_1754424086077.jpg"",""rid"":39613241,""lid"":""6728851"",""fid"":""1009"",""field"":""photo_map"",""title"":""mdc_photo_mdc_bf175d_cdv_photo_004_1754424086077.jpg"",""ext"":""jpg"",""panorama"":false,""isDir"":false}]",N/A,0723,COMPLETE NO BILL,,,,,,,,,,,,,,,,,,,,,,,,,,,,,,,,Lateral Inspection,"___json[{""pathname"":""/Collected Media/map_2662324/layer_6728851/mdc_photo_mdc_c3d5c4_cdv_photo_000_1754423792206.jpg"",""rid"":39613213,""lid"":""6728851"",""fid"":""1009"",""field"":""site_photos"",""title"":""mdc_photo_mdc_c3d5c4_cdv_photo_000_1754423792206.jpg"",""ext"":""jpg"",""panorama"":false,""isDir"":false},{""pathname"":""/Collected Media/map_2662324/layer_6728851/mdc_photo_mdc_05ee03_cdv_photo_001_1754423792206.jpg"",""rid"":39613214,""lid"":""6728851"",""fid"":""1009"",""field"":""site_photos"",""title"":""mdc_photo_mdc_05ee03_cdv_photo_001_1754423792206.jpg"",""ext"":""jpg"",""panorama"":false,""isDir"":false}]",,TX,2025/08/05,,,,13:52,,2,Kyle Graham ,,,2025/08/05,,,-----------------,,,Push Camera,,,
COMPLETE,2025-05-07,,531,,BERTRAND ST,MANHATTAN,,,,,,2025/05/07,2400,BERTRAND / N 6 ST ,,,Edgar Atwood,Tiffanie Gibson,0,,,,,TAP,END,,,,,No,South,71.4,90.6,,,,71.4,,,,,DIRTY LINE NO GAS CROSSING OR CONFLICT WITH SERVICE,2025/05/07,LETS,2025/05/07,LETS,,Post,SCOTT.LOVELADY@ONEGAS.COM ,1,39.1905,-96.5649,yes,1,1,,,,One Gas,"___json[{""pathname"":""/Collected Media/map_2662324/layer_6728851/mdc_photo_mdc_d3eefa_cdv_photo_009_1746635992694.jpg"",""rid"":38468581,""lid"":""6728851"",""fid"":""642"",""field"":""photo_map"",""title"":""mdc_photo_mdc_d3eefa_cdv_photo_009_1746635992694.jpg"",""ext"":""jpg"",""panorama"":false,""isDir"":false},{""pathname"":""/Collected Media/map_2662324/layer_6728851/mdc_photo_mdc_ff2f37_cdv_photo_000_1746636868843.jpg"",""rid"":38468748,""lid"":""6728851"",""fid"":""642"",""field"":""photo_map"",""title"":""mdc_photo_mdc_ff2f37_cdv_photo_000_1746636868843.jpg"",""ext"":""jpg"",""panorama"":false,""isDir"":false}]",Yes,0406,COMPLETE,DIRTY LINE BUT NO GAS CROSSING OR CONFLICT WITH SERVICE,,,Katy Thompson,Pass,,,POOR VISUAL DIRTY LINE SEE TECH NOTES,,,2025/05/07,,,Katy Thompson,,,Pass,,,,,,,,,,,,1,,,Lateral Inspection,,MH 1100 6TH ST,KS,2025/05/07,,,,11:31,,2,Edgar Atwood,,,2025/05/07,,,2400 LETS,,,Lateral Launch,https://pioneer.sewerai.com/dashboard/review/19565120-c812-458b-859b-422e6c04b9a4?t=9.51295&limit=30&offset=0&project=25PV0406+ONE+GAS+&client_reviewed=false,,
COMPLETE,2025-06-04,,STMH 9420 MOODY PARK DR ,,MOODY PARK DR,OVERLAND PARK ,,,,,,2025/06/04,,SOUTHDALE/95 AND NEIMAN ,,,Edgar Atwood,Carter Pacheco,0,0,,,,STMH 9420 MOODY PARK DR ,END/STMH 9436 MOODY PARK DR ,,,,,No,,0,266,,,,,,,,STMH 9436 MOODY PARK DR ,,2025/06/04,ML,2025/06/04,ML,,Post,SCOTT.LOVELADY@ONEGAS.COM ,,38.9575,-94.7012,yes,1,1,,UPDATED BY TEAM #1059,,One Gas,"___json[{""pathname"":""/Collected Media/map_2662324/layer_6728851/mdc_photo_mdc_8f6712_cdv_photo_000_1749072384349.jpg"",""rid"":38783145,""lid"":""6728851"",""fid"":""864"",""field"":""photo_map"",""title"":""mdc_photo_mdc_8f6712_cdv_photo_000_1749072384349.jpg"",""ext"":""jpg"",""panorama"":false,""isDir"":false}]",Yes,0403,COMPLETE,,,,,,,,,,,2025/09/10,,,Katy Thompson,,,Pass,,,A,B,,,,,,,,,,266,Main Inspection,,STMH 9420 MOODY PARK DR ,KS,2025/06/04,,266,,15:59,TO STMH 9436 MOODY PARK DR,3,Edgar Atwood,,,2025/06/04,,,1059 ML,,,CCTV,https://pioneer.sewerai.com/dashboard/review/be5b503b-c630-4dfd-98af-f8fa9d2935c4?t=4.197613&limit=30&offset=0&status=uploaded&issues=false&project=25PV0406+ONE+GAS+&ordering=Inspection_Date&city=OVERLAND+PARK&client_reviewed=false,,
COMPLETE NO BILL,2025-12-10,,7605 MHML S,,Kimgmesns dr,El paso,,,,,,2025/12/10,,Kingsmens dr elpaso ,,,---------------------,---------------------,,,,,,End,,,,,,No,,330,,,,,,,,,,,2025/12/10,LETS,2025/12/10,LETS,,Post,Scott.lovelady@onegas.com,,34.4101,-100.205,yes,1,1,,,,One Gas,"___json[{""pathname"":""/Collected Media/map_2662324/layer_6728851/mdc_photo_mdc_d4e31d_cdv_photo_017_1765391381678.jpg"",""rid"":41191603,""lid"":""6728851"",""fid"":""1313"",""field"":""photo_map"",""title"":""mdc_photo_mdc_d4e31d_cdv_photo_017_1765391381678.jpg"",""ext"":""jpg"",""panorama"":false,""isDir"":false}]",N/A,0723,COMPLETE NO BILL,,,,,,,,PASSED 2/10/26 FF,,,2026/02/10,,,Fallon Farmer,,,Pass,,,,,,,,,,,,,,178,Lateral Inspection,"___json[{""pathname"":""/Collected Media/map_2662324/layer_6728851/mdc_photo_mdc_a4681e_cdv_photo_014_1765391381678.jpg"",""rid"":41191600,""lid"":""6728851"",""fid"":""1313"",""field"":""site_photos"",""title"":""mdc_photo_mdc_a4681e_cdv_photo_014_1765391381678.jpg"",""ext"":""jpg"",""panorama"":false,""isDir"":false},{""pathname"":""/Collected Media/map_2662324/layer_6728851/mdc_photo_mdc_734807_cdv_photo_015_1765391381678.jpg"",""rid"":41191601,""lid"":""6728851"",""fid"":""1313"",""field"":""site_photos"",""title"":""mdc_photo_mdc_734807_cdv_photo_015_1765391381678.jpg"",""ext"":""jpg"",""panorama"":false,""isDir"":false},{""pathname"":""/Collected Media/map_2662324/layer_6728851/mdc_photo_mdc_81ba6c_cdv_photo_016_1765391381678.jpg"",""rid"":41191602,""lid"":""6728851"",""fid"":""1313"",""field"":""site_photos"",""title"":""mdc_photo_mdc_81ba6c_cdv_photo_016_1765391381678.jpg"",""ext"":""jpg"",""panorama"":false,""isDir"":false}]",,,2025/12/10,,,South,12:19,,2,N/A,,,,,,N/A,,,CCTV,https://pioneer.sewerai.com/dashboard/review/ce11480e-3b69-415e-bf42-ef0fe4558a64?limit=30&offset=0&client_reviewed=false&surveyed_by=CHRISTIAN+ES,,
GAS LINE,2025-08-07,,145,,Manor Pl,El Paso,,,,,,2025/08/07,,,,,,,,,,,,,,,,,,,,,,,,,,,,,,,,,,,,Post,,,31.7462,-106.385,,,,,,,One Gas,,,0723,GAS LINE,,,,,,,,,,,,,,,,,,,,,,,,,,,,,,,,,,,TX,2025/08/07,,,,09:57,Gas Service,1,,,,,,,,,,,,,
OFFICE REVIEW,2025-08-05,,200,,SW 1st St,Andrews,,,,,,,4600,One Gas,,,Jason Claunch,Kyle Graham ,,,,,,End,,,,,,,,56.8,,,,,,,,,,,,,,,,Post,One Gas,,32.2986,-102.54,yes,1,1,,8/5/2025 4600 made floaty for camera and pushed out in ML as far as possible in highflow. Lost visual and push power and could not get any further due to sludge. Water is holding up to top of main. Pulled back and notified Dakota Redd of our findings.,,One Gas,"___json[{""pathname"":""/Collected Media/map_2662324/layer_6728851/mdc_photo_mdc_62b670_cdv_photo_001_1754424009260.jpg"",""rid"":39613234,""lid"":""6728851"",""fid"":""1007"",""field"":""photo_map"",""title"":""mdc_photo_mdc_62b670_cdv_photo_001_1754424009260.jpg"",""ext"":""jpg"",""panorama"":false,""isDir"":false}]",N/A,0723,OFFICE REVIEW,,,,,,,,,,,,,,,,,,,,,,,,,,,,56.8,,,56.8,Main Inspection,"___json[{""pathname"":""/Collected Media/map_2662324/layer_6728851/mdc_photo_mdc_e84b7c_cdv_photo_005_1754423385426.jpg"",""rid"":39613190,""lid"":""6728851"",""fid"":""1007"",""field"":""site_photos"",""title"":""mdc_photo_mdc_e84b7c_cdv_photo_005_1754423385426.jpg"",""ext"":""jpg"",""panorama"":false,""isDir"":false},{""pathname"":""/Collected Media/map_2662324/layer_6728851/mdc_photo_mdc_b64897_cdv_photo_006_1754423385426.jpg"",""rid"":39613191,""lid"":""6728851"",""fid"":""1007"",""field"":""site_photos"",""title"":""mdc_photo_mdc_b64897_cdv_photo_006_1754423385426.jpg"",""ext"":""jpg"",""panorama"":false,""isDir"":false},{""pathname"":""/Collected Media/map_2662324/layer_6728851/mdc_photo_mdc_8e9849_cdv_photo_1754421963_1754423385426.jpg"",""rid"":39613192,""lid"":""6728851"",""fid"":""1007"",""field"":""site_photos"",""title"":""mdc_photo_mdc_8e9849_cdv_photo_1754421963_1754423385426.jpg"",""ext"":""jpg"",""panorama"":false,""isDir"":false}]",200 SW 1st St MH ML E,TX,2025/08/05,,,,,MH ML E,2,Jason Claunch,,,2025/08/05,,,-----------------,,,Push Camera,,,
GAS LINE,2025-08-07,,125,,Manor Pl,El Paso,,,,,,2025/08/07,,,,,,,,,,,,,,,,,,,,,,,,,,,,,,,,,,,,Post,,,31.7453,-106.386,,,,,,,One Gas,,,0723,GAS LINE,,,,,,,,,,,,,,,,,,,,,,,,,,,,,,,,,,,TX,2025/08/07,,,,11:25,Gas Service,1,,,,,,,,,,,,,
GAS LINE,2025-08-07,,7607,,Alpine Dr,El Paso,,,,,,2025/08/07,,,,,,,,,,,,,,,,,,,,,,,,,,,,,,,,,,,,Post,,,31.76,-106.362,,,,,,,One Gas,,,0723,GAS LINE,,,,,,,,,,,,,,,,,,,,,,,,,,,,,,,,,,,TX,2025/08/07,,,,15:38,Gas Service ,1,,,,,,,,,,,,,
GAS LINE,2025-08-07,,157,,Manor Pl,El Paso,,,,,,2025/08/07,,,,,,,,,,,,,,,,,,,,,,,,,,,,,,,,,,,,Post,,,31.7467,-106.385,,,,,,,One Gas,,,0723,GAS LINE,,,,,,,,,,,,,,,,,,,,,,,,,,,,,,,,,,,TX,2025/08/07,,,,19:15,Gas Service,1,,,,,,,,,,,,,
GAS LINE,2025-08-08,,,,,,,,,,,2025/08/08,,,,,,,,,,,,,,,,,,,,,,,,,,,,,,,,,,,,Post,,,31.7611,-106.363,,,,,,,One Gas,,,0723,GAS LINE,,,,,,,,,,,,,,,,,,,,,,,,,,,,,,,,,,,,2025/08/08,,,,10:29,,1,,,,,,,,,,,,,
COMPLETE,2025-09-09,,1015,,2ND AVE NW,MIAMI,,,,,,2025/09/09,1700,K ST NW / 3 AVE NW ,,,Carter Pacheco,,0,26,11,0,,TAP,GSI,GSI,END/3T,,,,North,47.2,21.3,85.5,104.8,,47.2,,,,,,2025/09/09,LETS,2025/09/09,LETS,,Post,SCOTT.LOVELADY@ONEGAS.COM ,,36.8776,-94.8891,yes,1,1,,"TECH: TINAI MITCHELL
PUSHED TO FOUNDATION, LINE IS CLEAR IN FULL, NEW GAS SERVICE RECEIVED",,One Gas,"___json[{""pathname"":""/Collected Media/map_2662324/layer_6728851/mdc_photo_mdc_5605e0_cdv_photo_001_1757452614992.jpg"",""rid"":40092605,""lid"":""6728851"",""fid"":""1223"",""field"":""photo_map"",""title"":""mdc_photo_mdc_5605e0_cdv_photo_001_1757452614992.jpg"",""ext"":""jpg"",""panorama"":false,""isDir"":false}]",Yes,0406,COMPLETE,VISUAL IS CLEAR ENOUGH TO SEE THAT THERE'S NO CONFLICTS.,,,Katy Thompson,Pass,,,"BAD VISUAL, NOT CLEAR ON PULLBACK",,,2025/09/18,,,Charlton Moren,,,Pass,,,,,,,,,,,,1,,,Lateral Inspection,"___json[{""pathname"":""/Collected Media/map_2662324/layer_6728851/mdc_photo_mdc_9ea1dd_cdv_photo_002_1757452614992.jpg"",""rid"":40092603,""lid"":""6728851"",""fid"":""1223"",""field"":""site_photos"",""title"":""mdc_photo_mdc_9ea1dd_cdv_photo_002_1757452614992.jpg"",""ext"":""jpg"",""panorama"":false,""isDir"":false},{""pathname"":""/Collected Media/map_2662324/layer_6728851/mdc_photo_mdc_80d2e9_cdv_photo_003_1757452614992.jpg"",""rid"":40092604,""lid"":""6728851"",""fid"":""1223"",""field"":""site_photos"",""title"":""mdc_photo_mdc_80d2e9_cdv_photo_003_1757452614992.jpg"",""ext"":""jpg"",""panorama"":false,""isDir"":false}]",MH 132 K ST NW,OK,2025/09/09,,,,16:09,,2,Carter Pacheco,,,2025/09/09,,,1700 LETS,,,Lateral Launch,https://pioneer.sewerai.com/dashboard/review/dd97d227-45c4-4a70-b470-bd84ff06df25?t=0&limit=30&offset=0&status=uploaded&client_reviewed=false&issues=false&ordering=-Inspection_Date&project=25PV0406+ONE+GAS+&inspection_datetime__lte=2025-09-09T23%3A59%3A59-05%3A00,,
COMPLETE,2025-05-07,,MH 1100 N 6TH ST,,6TH ST,MANHATTAN ,,,,,,2025/05/07,2400,BERTRAND / N 6 ST ,,,Edgar Atwood,Edgar Atwood ,0,0,,,,MH 1100,END,,,,,,,0,15.4,,,,,,,,TO NORTH,,2025/05/07,ML,2025/05/07,ML,,Post,Scott.Lovelady@onegas.com ,,39.1906,-96.5649,yes,1,1,,END DUE TO WATER LEVEL ,,One Gas,"___json[{""pathname"":""/Collected Media/map_2662324/layer_6728851/mdc_photo_mdc_6f09ac_cdv_photo_000_1746631926159.jpg"",""rid"":38467234,""lid"":""6728851"",""fid"":""634"",""field"":""photo_map"",""title"":""mdc_photo_mdc_6f09ac_cdv_photo_000_1746631926159.jpg"",""ext"":""jpg"",""panorama"":false,""isDir"":false}]",Yes,0406,COMPLETE,,,,,,,,,,,2025/05/07,,,Katy Thompson,,,Pass,,,A,B,,,,,,15.4,15.4,,,15.4,Main Inspection,,MH 1100 6TH ST,KS,2025/05/07,,,,09:05,TO NORTH,2,Edgar Atwood,,,2025/05/07,,,2400 LETS,,,CCTV,https://pioneer.sewerai.com/dashboard/review/1e03e34c-c16b-41de-b3bd-3b767cd8a677?t=6.149647&limit=30&offset=0&project=25PV0406+ONE+GAS+&client_reviewed=false,,
COMPLETE,2025-05-05,,Mh 232 SW SANNEMAN DR,,SANNEMAN DR,TOPEKA,,,,,,2025/05/05,2400,PW-24R3-TOPEKA-SW SANNEMAN AND TERRA DR-CWO-5/31/25,,,Edgar Atwood,,0,70,0,,,MANHOLE 232,GMI,MH 221 ,,,,,,0,176.7,181.4,,,,,,,MH 221 SANNEMAN DR,,2025/05/05,LETS,2025/05/05,LETS,,Post,Scott.lovelady@onegas.com,,38.9768,-95.6857,yes,1,1,,SEWER IS 70 INCHES GAS MAIN IS 31 INCHES,,One Gas,"___json[{""pathname"":""/Collected Media/map_2662324/layer_6728851/mdc_photo_mdc_4029ce_cdv_photo_002_1746457391440.jpg"",""rid"":38438502,""lid"":""6728851"",""fid"":""541"",""field"":""photo_map"",""title"":""mdc_photo_mdc_4029ce_cdv_photo_002_1746457391440.jpg"",""ext"":""jpg"",""panorama"":false,""isDir"":false}]",Yes,0406,COMPLETE,,,,,,,,,,,2025/05/05,,,Katy Thompson,,,Pass,,,A,B,,,,,,,181.4,,,181.4,Main Inspection,"___json[{""pathname"":""/Collected Media/map_2662324/layer_6728851/mdc_photo_mdc_d9d4da_cdv_photo_000_1746457320684.jpg"",""rid"":38438492,""lid"":""6728851"",""fid"":""541"",""field"":""site_photos"",""title"":""mdc_photo_mdc_d9d4da_cdv_photo_000_1746457320684.jpg"",""ext"":""jpg"",""panorama"":false,""isDir"":false},{""pathname"":""/Collected Media/map_2662324/layer_6728851/mdc_photo_mdc_949cef_cdv_photo_001_1746457320685.jpg"",""rid"":38438493,""lid"":""6728851"",""fid"":""541"",""field"":""site_photos"",""title"":""mdc_photo_mdc_949cef_cdv_photo_001_1746457320685.jpg"",""ext"":""jpg"",""panorama"":false,""isDir"":false}]",MH 232 SANNEMAN DR,KS,2025/05/05,,,,10:37,,2,Edgar Atwood,,,2025/05/05,,,2400 LETS,,,CCTV,https://pioneer.sewerai.com/dashboard/review/fbc5e911-ea47-4367-836e-78068e688fce?t=0&limit=30&offset=0&project=25PV0406+ONE+GAS+,,
COMPLETE,2025-05-09,,MH 2026 W 2ND ST,,2ND ST,WICHITA ,,,,,,2025/05/09,2400,WICHITA-3RD AND ST CLAIR ,,,Edgar Atwood,Michael Parrish,0,0,,,,MH 2026 W 2ND ST,MH 2130 W 2ND ST,,,,,,,0,391.9,,,,,,,,MH 2130 W 2ND ST,,2025/05/09,LETS,2025/05/09,LETS,,Post,SCOTT.LOVELADY@ONEGAS.COM ,,37.6876,-97.3654,yes,1,1,,,,One Gas,"___json[{""pathname"":""/Collected Media/map_2662324/layer_6728851/mdc_photo_mdc_e11d1c_cdv_photo_006_1746816394070.jpg"",""rid"":38496531,""lid"":""6728851"",""fid"":""755"",""field"":""photo_map"",""title"":""mdc_photo_mdc_e11d1c_cdv_photo_006_1746816394070.jpg"",""ext"":""jpg"",""panorama"":false,""isDir"":false}]",Yes,0406,COMPLETE,,,,,,,,,,,2025/05/13,,,Katy Thompson,,,Pass,,,A,,,,,,,,391.9,,,391.9,Main Inspection,,MH 2026 W 2ND ST,KS,2025/05/09,,,West,13:58,MH 2130 W 2ND ST,2,Edgar Atwood,,,2025/05/09,,,2400 LETS,,,CCTV,https://pioneer.sewerai.com/dashboard/review/5d3edd54-0c8f-49bf-960e-c94f541cb905?t=0&limit=30&offset=0&project=25PV0406+ONE+GAS+,,
COMPLETE NO BILL,2025-08-07,,137 MLS,,Monor Pl jetting ,El Paso,,,3.00 hrs heavy cleaning. 0.50 hrs setup. 0.50 hrs water fill. ,,,,1069,Manor Pl,,,Bryan Cary,,,,,,,,,,,,,,,,,,,,,,,,,,,,,,,Post,Scott.lovelady@onegas.com,,31.7467,-106.385,,,,,08/07/25; 1069 truck: jetted 600ft south against flow. Used step method. 3.00 hrs heavy cleaning. 0.50 hrs setup. 0.50 hrs water fill. ,,One Gas,,N/A,0723,COMPLETE NO BILL,,,,,,,,,,,,,,,,,,,,,,,,,,,600,,,,,Main Inspection,,137 Monor Pl,TX,2025/08/07,,,,,,2,N/A,,,,,,N/A,,,,,,
GAS LINE,2025-06-06,,,,,COMMERCE,,,,,,,,,,,,,,,,,,,,,,,,,,,,,,,,,,,,,,,,,,,,,36.9375,-94.8748,,,,,,,One Gas,,,0406,GAS LINE,,,,,,,,,,,,,,,,,,,,,,,,,,,,,,,,,,,OK,2025/06/06,,,,,,1,,,,,,,,,,,,,
GAS LINE,2025-06-06,,,,,COMMERCE,,,,,,,,,,,,,,,,,,,,,,,,,,,,,,,,,,,,,,,,,,,,,36.9384,-94.8742,,,,,,,One Gas,,,0406,GAS LINE,,,,,,,,,,,,,,,,,,,,,,,,,,,,,,,,,,,OK,2025/06/06,,,,,,1,,,,,,,,,,,,,
GAS LINE,2025-06-06,,,,,COMMERCE,,,,,,,,,,,,,,,,,,,,,,,,,,,,,,,,,,,,,,,,,,,,,36.9384,-94.8743,,,,,,,One Gas,,,0406,GAS LINE,,,,,,,,,,,,,,,,,,,,,,,,,,,,,,,,,,,OK,2025/06/06,,,,,,1,,,,,,,,,,,,,
RECON,2025-06-06,,,,,,,,,,,,,5TH AND RIVER,,,N/A,,,,,,,,,,,,,,,,,,,,,,,,,,,,,,,,SCOTT.LOVELADY@ONEGAS.COM ,,36.9375,-94.8748,,,,,,,One Gas,,N/A,0406,RECON,,,,,,,,,,,,,,,,,,,,,,,,,,,,,,,,Main Inspection,,,,2025/06/06,,,,,,2,N/A,,,,,,N/A,,,,,,
GAS LINE,2025-08-07,,129,,Manor Pl,El Paso,,,,,,2025/08/07,,,,,,,,,,,,,,,,,,,,,,,,,,,,,,,,,,,,Post,,,31.7454,-106.386,,,,,,,One Gas,,,0723,GAS LINE,,,,,,,,,,,,,,,,,,,,,,,,,,,,,,,,,,,TX,2025/08/07,,,,11:26,Gas Service,1,,,,,,,,,,,,,
GAS LINE,2025-08-07,,7601,,Alpine Dr,El Paso,,,,,,2025/08/07,,,,,,,,,,,,,,,,,,,,,,,,,,,,,,,,,,,,Post,,,31.7609,-106.362,,,,,,,One Gas,,,0723,GAS LINE,,,,,,,,,,,,,,,,,,,,,,,,,,,,,,,,,,,TX,2025/08/07,,,,13:42,Gas Main,1,,,,,,,,,,,,,
STRIKE,2025-05-09,,433,,SHERMAN ST,HUTCHINSON,,,,2025/05/13,"___json[{""pathname"":""/Collected Media/map_2662324/layer_6728851/mdc_photo_mdc_a56dd9_cdv_photo_001_1747160449449.jpg"",""rid"":38529433,""lid"":""6728851"",""fid"":""754"",""field"":""cb_report"",""title"":""mdc_photo_mdc_a56dd9_cdv_photo_001_1747160449449.jpg"",""ext"":""jpg"",""panorama"":false,""isDir"":false}]",2025/05/09,1800,PW-23R3-HUTCHINSON-SHERMAN AND MADISON ,,,Eric Zerr,Carter Pacheco,20,28,,,,TAP,END/CROSSBORE,,,,,No,West,129.8,6.1,,,,129.8,,,,,,2025/05/09,LETS,2025/05/09,LETS,,Post,SCOTT.LOVELADY@ONEGAS.COM ,,38.0521,-97.9396,yes,1,1,,,,One Gas,,No,0406,STRIKE,,,,,N/A,,,END @ CROSSBORE,,,2025/05/13,,,Katy Thompson,,,Fail,,,A,B,,,,,,,,1,,,Lateral Inspection,,MH 414 W AVENUE A ,KS,2025/05/09,,,West,11:17,,2,Eric Zerr,,,2025/05/09,,,1800 LETS,,,Lateral Launch,https://pioneer.sewerai.com/dashboard/review/0c5b32f5-869d-4900-a889-ae18ba67844a?t=1.60408&limit=30&offset=0&project=25PV0406+ONE+GAS+&client_reviewed=false,,
COMPLETE,2025-09-09,,211,,J ST NW,MIAMI,,,,,,2025/09/09,1700,K ST NW / 3 AVE NW ,,,Carter Pacheco,,0,55,0,0,,TAP,GMI,12T,END/FD,,,,South,31.5,12,171.9,174.1,,31.5,,,,,,2025/09/09,LETS,2025/09/09,LETS,,Post,SCOTT.LOVELADY@ONEGAS.COM ,,36.8781,-94.889,yes,1,1,,"TECH: TINAI MITCHELL
PUSHED TO FOUNDATION, LINE IS CLEAR, NO NEW SERVICES RECEIVED",,One Gas,"___json[{""pathname"":""/Collected Media/map_2662324/layer_6728851/mdc_photo_mdc_73a914_cdv_photo_009_1757440430201.jpg"",""rid"":40090421,""lid"":""6728851"",""fid"":""1210"",""field"":""photo_map"",""title"":""mdc_photo_mdc_73a914_cdv_photo_009_1757440430201.jpg"",""ext"":""jpg"",""panorama"":false,""isDir"":false}]",Yes,0406,COMPLETE,,,,,,,,PASS-CAM,,,2025/09/18,,,Charlton Moren,,,Pass,,,,,,,,,,,,1,,,Lateral Inspection,"___json[{""pathname"":""/Collected Media/map_2662324/layer_6728851/mdc_photo_mdc_1e62d2_cdv_photo_010_1757440430201.jpg"",""rid"":40090420,""lid"":""6728851"",""fid"":""1210"",""field"":""site_photos"",""title"":""mdc_photo_mdc_1e62d2_cdv_photo_010_1757440430201.jpg"",""ext"":""jpg"",""panorama"":false,""isDir"":false}]",MH 215 J ST NW,OK,2025/09/09,,,,12:32,,2,Carter Pacheco,,,2025/09/09,,,1700 LETS,,,Lateral Launch,https://pioneer.sewerai.com/dashboard/review/61712e65-d299-4513-ac48-c4088e0a6844?t=0&limit=30&offset=0&status=uploaded&client_reviewed=false&issues=false&ordering=-Inspection_Date&project=25PV0406+ONE+GAS+&inspection_datetime__lte=2025-09-09T23%3A59%3A59-05%3A00,,
GAS LINE,2025-05-08,,,,,HUTCHINSON ,,,,,,2025/05/08,,,,,,,,,,,,,,,,,,,,,,,,,,,,,,,,,,,,Post,,,38.0519,-97.9399,,,,,,,One Gas,,,0406,GAS LINE,,,,,,,,,,,,,,,,,,,,,,,,,,,,,,,,,,,KS,2025/05/08,,,,08:30,,1,,,,,,,,,,,,,
GAS LINE,2025-05-08,,,,,HUTCHINSON ,,,,,,2025/05/08,,,,,,,,,,,,,,,,,,,,,,,,,,,,,,,,,,,,Post,,,38.0515,-97.9411,,,,,,,One Gas,,,0406,GAS LINE,,,,,,,,,,,,,,,,,,,,,,,,,,,,,,,,,,,KS,2025/05/08,,,,09:01,,1,,,,,,,,,,,,,
GAS LINE,2025-05-08,,,,,HUTCHINSON ,,,,,,2025/05/08,,,,,,,,,,,,,,,,,,,,,,,,,,,,,,,,,,,,Post,,,38.0515,-97.9411,,,,,,,One Gas,,,0406,GAS LINE,,,,,,,,,,,,,,,,,,,,,,,,,,,,,,,,,,,KS,2025/05/08,,,,08:57,,1,,,,,,,,,,,,,
GAS LINE,2025-05-08,,,,,HUTCHINSON ,,,,,,2025/05/08,,,,,,,,,,,,,,,,,,,,,,,,,,,,,,,,,,,,Post,,,38.0519,-97.9408,,,,,,,One Gas,,,0406,GAS LINE,,,,,,,,,,,,,,,,,,,,,,,,,,,,,,,,,,,KS,2025/05/08,,,,08:42,,1,,,,,,,,,,,,,
GAS LINE,2025-05-08,,,,,HUTCHINSON ,,,,,,2025/05/08,,,,,,,,,,,,,,,,,,,,,,,,,,,,,,,,,,,,Post,,,38.0515,-97.9411,,,,,,,One Gas,,,0406,GAS LINE,,,,,,,,,,,,,,,,,,,,,,,,,,,,,,,,,,,KS,2025/05/08,,,,08:48,,1,,,,,,,,,,,,,
GAS LINE,2025-06-04,,,,,OSWEGO ,,,,,,2025/06/04,,,,,,,,,,,,,,,,,,,,,,,,,,,,,,,,,,,,Post,,,37.1637,-95.1081,,,,,,,One Gas,,,0406,GAS LINE,,,,,,,,,,,,,,,,,,,,,,,,,,,,,,,,,,,KS,2025/06/04,,,,15:59,,1,,,,,,,,,,,,,
COMPLETE,2025-06-05,,MH 645 MERCHANT ST ,,MERCHANT ST,OSWEGO ,,,,,,2025/06/05,2400,6 AND MERCHANT,,,James Atwood,Michael Parrish,0,55,0,,,MH,GMI,END,,,,,,0,2.5,50,,,,,,,ML WEST,,2025/06/05,PO,2025/06/05,PO,,Post,SCOTT.LOVELADY@ONEGAS.COM ,,37.1628,-95.1081,yes,1,1,,,,One Gas,"___json[{""pathname"":""/Collected Media/map_2662324/layer_6728851/mdc_photo_mdc_cf1c9d_cdv_photo_000_1749130611791.jpg"",""rid"":38792058,""lid"":""6728851"",""fid"":""870"",""field"":""photo_map"",""title"":""mdc_photo_mdc_cf1c9d_cdv_photo_000_1749130611791.jpg"",""ext"":""jpg"",""panorama"":false,""isDir"":false}]",N/A,0403,COMPLETE,,,,,,,,,,,,,,,,,,,,A,B,C,,,,,,50,,,50,Main Inspection,"___json[{""pathname"":""/Collected Media/map_2662324/layer_6728851/mdc_photo_mdc_c58074_cdv_photo_1749130382_1749130513434.jpg"",""rid"":38792041,""lid"":""6728851"",""fid"":""870"",""field"":""site_photos"",""title"":""mdc_photo_mdc_c58074_cdv_photo_1749130382_1749130513434.jpg"",""ext"":""jpg"",""panorama"":false,""isDir"":false}]",MH 645 MERCHANT ST ,KS,2025/06/05,,,,08:29,ML WEST,2,James Atwood,,,2025/06/05,,,2400 LETS,,,Push Camera,,,
COMPLETE NO BILL,2025-08-05,,909,,SW 1st St,Andrews,,,,,,2025/08/05,4600,One Gas,,,Jason Claunch,Kyle Graham ,,,,,,End,GMI sewer@25” Gas@28”,,,,,,,12.6,6.9,,,,,,,,,,2025/08/05,PO,2025/08/05,PO,,Post,One Gas,1,32.3099,-102.544,yes,1,1,,"8/4/2025 4600 pushed from CO to ML, lateral is clear. Roots and debris in line.",,One Gas,"___json[{""pathname"":""/Collected Media/map_2662324/layer_6728851/mdc_photo_mdc_62af67_cdv_photo_002_1754424039833.jpg"",""rid"":39613237,""lid"":""6728851"",""fid"":""1000"",""field"":""photo_map"",""title"":""mdc_photo_mdc_62af67_cdv_photo_002_1754424039833.jpg"",""ext"":""jpg"",""panorama"":false,""isDir"":false}]",N/A,0723,COMPLETE NO BILL,,,,,,,,,,,,,,,,,,,,,,,,,,,,,,,,Lateral Inspection,"___json[{""pathname"":""/Collected Media/map_2662324/layer_6728851/mdc_photo_mdc_40b042_cdv_photo_000_1754413210596.jpg"",""rid"":39610856,""lid"":""6728851"",""fid"":""1000"",""field"":""site_photos"",""title"":""mdc_photo_mdc_40b042_cdv_photo_000_1754413210596.jpg"",""ext"":""jpg"",""panorama"":false,""isDir"":false}]",,TX,2025/08/05,,,,11:57,,2,Kyle Graham ,,,2025/08/05,,,-----------------,,,Push Camera,,,
GAS LINE,2025-06-06,,,,,COMMERCE,,,,,,,,,,,,,,,,,,,,,,,,,,,,,,,,,,,,,,,,,,Post,,,36.9375,-94.8748,,,,,,,One Gas,,,0406,GAS LINE,,,,,,,,,,,,,,,,,,,,,,,,,,,,,,,,,,,OK,2025/06/06,,,,,,1,,,,,,,,,,,,,
PO,2025-09-09,,212,,K ST NW,MIAMI,,,,,,2025/09/09,1700,K ST NW / 3 AVE NW ,,,Carter Pacheco,,0,0,,,,TAP,END/OFFSET,,,,,,South,12.5,18.1,,,,12.5,,,,,,2025/09/09,LETS,2025/09/09,LETS,,Post,SCOTT.LOVELADY@ONEGAS.COM ,,36.8782,-94.8891,yes,1,1,,"TECH: TINAI MITCHELL
PUSHED TO OFFSET, WILL NEED TO PO TO CLEAR IN FULL, NO CROSSINGS & NO NEW SERVICES RECEIVED",,One Gas,,No,0406,PO,NO CROSSINGS & NO NEW SERVICES RECEIVED,,,Katy Thompson,Pass,,,"NOTES SAY NEEDS PO VIDEO, WAITING ON PO VIDEO",,,2025/09/18,,,Charlton Moren,,,Pass,,,,,,,,,,,,1,,,Lateral Inspection,,MH 215 J ST NW,OK,2025/09/09,,,,11:25,,2,Carter Pacheco,,,2025/09/09,,,1700 LETS,,,Lateral Launch,https://pioneer.sewerai.com/dashboard/review/3dbe500d-9f20-4dce-80da-ddbc9958bed8?t=0&limit=30&offset=0&status=uploaded&client_reviewed=false&issues=false&ordering=-Inspection_Date&project=25PV0406+ONE+GAS+&inspection_datetime__lte=2025-09-09T23%3A59%3A59-05%3A00,,
COMPLETE,2025-05-09,,425,,SHERMAN ST,HUTCHINSON,,,,,,2025/05/09,1800,PW-23R3-HUTCHINSON-SHERMAN AND MADISON ,,,Eric Zerr,Tiffanie Gibson,28,20,,,,TAP,END,,,,,No,West,42.5,25.9,,,,66.5,,,,,ABANDONED LOT ENDED AT DIRT BLOCKAGE,2025/05/09,LETS,2025/05/09,LETS,,Post,SCOTT.LOVELADY@ONEGAS.COM ,,38.0516,-97.9405,yes,1,1,,ABANDONED LOT END AT DIRT BLOCKAGE,,One Gas,"___json[{""pathname"":""/Collected Media/map_2662324/layer_6728851/mdc_photo_mdc_2affa0_cdv_photo_005_1746804927687.jpg"",""rid"":38493752,""lid"":""6728851"",""fid"":""750"",""field"":""photo_map"",""title"":""mdc_photo_mdc_2affa0_cdv_photo_005_1746804927687.jpg"",""ext"":""jpg"",""panorama"":false,""isDir"":false}]",Yes,0406,COMPLETE,,,,,,,,"NO CROSSING, DEBRIS IN PIPE CREATES A POOR VISUAL FOR PART OF RUN",,,2025/05/13,,,Katy Thompson,,,Pass,,,A,,,,,,,,,1,,,Lateral Inspection,,MH 414 W AVENUE A,KS,2025/05/09,,,West,10:25,B,2,Eric Zerr,,,2025/05/09,,,1800 LETS,,,Lateral Launch,https://pioneer.sewerai.com/dashboard/review/34344ca7-df52-401f-be8d-e7522f8ae8a3?t=1.041615&limit=30&offset=0&project=25PV0406+ONE+GAS+&client_reviewed=false,,
COMPLETE,2025-05-09,,420,,AVENUE A,HUTCHINSON,,,,,,2025/05/09,1800,PW-23R3-HUTCHINSON-SHERMAN AND MADISON ,,,Eric Zerr,Tiffanie Gibson,30,27,20,,,TAP,GMI,END/12T,,,,No,West,125.6,4.6,99.4,,,125.6,,,,,NO GSI CROSSING,2025/05/09,LETS,2025/05/09,LETS,,Post,SCOTT.LOVELADY@ONEGAS.COM ,,38.0516,-97.9405,yes,1,1,,NO GSI CROSSING,,One Gas,"___json[{""pathname"":""/Collected Media/map_2662324/layer_6728851/mdc_photo_mdc_9a5cda_cdv_photo_008_1746810978368.jpg"",""rid"":38495107,""lid"":""6728851"",""fid"":""753"",""field"":""photo_map"",""title"":""mdc_photo_mdc_9a5cda_cdv_photo_008_1746810978368.jpg"",""ext"":""jpg"",""panorama"":false,""isDir"":false}]",Yes,0406,COMPLETE,,,,,,,,CLEAR ON PULLBACK,,,2025/05/13,,,Katy Thompson,,,Pass,,,A,B,C,,,,,,,1,,,Lateral Inspection,"___json[{""pathname"":""/Collected Media/map_2662324/layer_6728851/mdc_photo_mdc_db40db_cdv_photo_007_1746810978368.jpg"",""rid"":38495106,""lid"":""6728851"",""fid"":""753"",""field"":""site_photos"",""title"":""mdc_photo_mdc_db40db_cdv_photo_007_1746810978368.jpg"",""ext"":""jpg"",""panorama"":false,""isDir"":false}]",MH 414 W AVENUE,KS,2025/05/09,,,West,10:57,,2,Eric Zerr,,,2025/05/09,,,1800 LETS,,,Lateral Launch,https://pioneer.sewerai.com/dashboard/review/88ce7776-1571-4dd3-8410-fc2582c949b2?t=2.233271&limit=30&offset=0&project=25PV0406+ONE+GAS+&client_reviewed=false,,
OFFICE REVIEW,2025-05-09,,416 ,,AVENUE A,HUTCHINSON,,,,,,2025/05/09,1800,PW-23R3-HUTCHINSON-SHERMAN AND MADISON ,,,Eric Zerr,Tiffanie Gibson,29,22,19,,,TAP,GMI,END,,,,No,West,0.4,7.7,35.3,,,416,,,,,ENDED ROOTBALL POSSIBLE CONTINUATION OF LINE WITH GSI,2025/05/09,LETS,2025/05/09,LETS,,Post,SCOTT.LOVELADY@ONEGAS.COM ,,38.0515,-97.9403,yes,1,1,,,,One Gas,"___json[{""pathname"":""/Collected Media/map_2662324/layer_6728851/mdc_photo_mdc_48e2fa_cdv_photo_002_1746801471863.jpg"",""rid"":38492819,""lid"":""6728851"",""fid"":""744"",""field"":""photo_map"",""title"":""mdc_photo_mdc_48e2fa_cdv_photo_002_1746801471863.jpg"",""ext"":""jpg"",""panorama"":false,""isDir"":false}]",Yes,0406,OFFICE REVIEW,,,,,,,,,,,2025/05/13,,,Katy Thompson,,,Pass,,,A,B,C,,,,,,,1,,,Lateral Inspection,"___json[{""pathname"":""/Collected Media/map_2662324/layer_6728851/mdc_photo_mdc_3d8396_cdv_photo_001_1746801471863.jpg"",""rid"":38492818,""lid"":""6728851"",""fid"":""744"",""field"":""site_photos"",""title"":""mdc_photo_mdc_3d8396_cdv_photo_001_1746801471863.jpg"",""ext"":""jpg"",""panorama"":false,""isDir"":false}]",MH 414 W AVENUE A,KS,2025/05/09,,,West,08:59,,2,Eric Zerr,,,2025/05/09,,,1800 LETS,,,Lateral Launch,https://pioneer.sewerai.com/dashboard/review/ca12b4e8-0cc4-475f-acde-393c3f1193e4?t=0&limit=30&offset=0&project=25PV0406+ONE+GAS+&client_reviewed=false,,
COMPLETE NO BILL,2025-08-05,,406,,W 15TH ST,Monahans ,,,,,,2025/08/05,---------------------,15TH ST Monaghan ,,,---------------------,---------------------,0.4,,,,,End,,,,,,No,,50,,,,,30.5,,,,,,2025/08/05,LETS,2025/08/05,LETS,,Post,Z,1,31.5793,-102.893,yes,1,1,,"08/05/2025 
Truck5100
Christian E- Derek K
12T at 30.5 runs South no GMI crossing. This kat is clear ",,One Gas,"___json[{""pathname"":""/Collected Media/map_2662324/layer_6728851/mdc_photo_mdc_1c26d2_cdv_photo_034_1754410622615.jpg"",""rid"":39610317,""lid"":""6728851"",""fid"":""999"",""field"":""photo_map"",""title"":""mdc_photo_mdc_1c26d2_cdv_photo_034_1754410622615.jpg"",""ext"":""jpg"",""panorama"":false,""isDir"":false}]",Yes,0723,COMPLETE NO BILL,,,,,,,,,,,2025/10/01,,,Katy Thompson,,,Pass,,,A,,,,,,,,,,,,Lateral Inspection,"___json[{""pathname"":""/Collected Media/map_2662324/layer_6728851/mdc_photo_mdc_4c29f1_cdv_photo_035_1754410622615.jpg"",""rid"":39610313,""lid"":""6728851"",""fid"":""999"",""field"":""site_photos"",""title"":""mdc_photo_mdc_4c29f1_cdv_photo_035_1754410622615.jpg"",""ext"":""jpg"",""panorama"":false,""isDir"":false},{""pathname"":""/Collected Media/map_2662324/layer_6728851/mdc_photo_mdc_fb72dd_cdv_photo_036_1754410622615.jpg"",""rid"":39610314,""lid"":""6728851"",""fid"":""999"",""field"":""site_photos"",""title"":""mdc_photo_mdc_fb72dd_cdv_photo_036_1754410622615.jpg"",""ext"":""jpg"",""panorama"":false,""isDir"":false},{""pathname"":""/Collected Media/map_2662324/layer_6728851/mdc_photo_mdc_bd3f4b_cdv_photo_037_1754410622615.jpg"",""rid"":39610315,""lid"":""6728851"",""fid"":""999"",""field"":""site_photos"",""title"":""mdc_photo_mdc_bd3f4b_cdv_photo_037_1754410622615.jpg"",""ext"":""jpg"",""panorama"":false,""isDir"":false},{""pathname"":""/Collected Media/map_2662324/layer_6728851/mdc_photo_mdc_dd0541_cdv_photo_038_1754410622615.jpg"",""rid"":39610316,""lid"":""6728851"",""fid"":""999"",""field"":""site_photos"",""title"":""mdc_photo_mdc_dd0541_cdv_photo_038_1754410622615.jpg"",""ext"":""jpg"",""panorama"":false,""isDir"":false}]",,TX,2025/08/05,,,,11:12,,2,---------------------,,,2025/08/05,,,N/A,,,Lateral Launch,https://pioneer.sewerai.com/dashboard/review/3a3f5feb-866e-4e64-9296-cf0a6d5c58bd?t=2.518813&limit=30&offset=0&status=uploaded&client_reviewed=false&issues=false&project=25PV0406+ONE+GAS+,,
COMPLETE,2025-09-11,,219,,K ST NW,MIAMI,,,,,,2025/09/11,1700,K ST NW / 3 AVE NW ,,,Edgar Atwood,,0,0,,,,TAP,12T/END,,,,,,North,303.6,156.5,,,,303.6,,,,,,2025/09/11,LETS,2025/09/11,LETS,,Post,SCOTT.LOVELADY@ONEGAS.COM ,1,36.8781,-94.8897,yes,1,1,,"TECH: TINAI MITCHELL
PUSHED TO 12T, LINE IS CLEAR IN FULL WITH NO CROSSINGS, NO GAS SERVICE RECEIVED",,One Gas,"___json[{""pathname"":""/Collected Media/map_2662324/layer_6728851/mdc_photo_mdc_b06203_cdv_photo_002_1757612449134.jpg"",""rid"":40118716,""lid"":""6728851"",""fid"":""1297"",""field"":""photo_map"",""title"":""mdc_photo_mdc_b06203_cdv_photo_002_1757612449134.jpg"",""ext"":""jpg"",""panorama"":false,""isDir"":false}]",Yes,0406,COMPLETE,,,,,,,,"POO COVERING CAMERA FROM 93FT TO END, CLEAR ON PULLBACK

PASS-CAM",,,2025/09/17,,,Charlton Moren,,,Pass,,,,,,,,,,,,,,,Lateral Inspection,,MH 203 K ST NW,OK,2025/09/11,,,North,12:35,A,2,Edgar Atwood,,,2025/09/11,,,1700 LETS,,,Lateral Launch,https://pioneer.sewerai.com/dashboard/review/0fa5e056-5c74-43c7-9484-7ae6b554591d?t=0&limit=30&offset=0&status=uploaded&client_reviewed=false&issues=false&ordering=-Inspection_Date&project=25PV0406+ONE+GAS+,,
COMPLETE,2025-05-09,,425 ,,SHERMAN ST,HUTCHINSON ,,,,,,2025/05/09,1800,PW-23R3-HUTCHINSON-SHERMAN AND MADISON ,,,Eric Zerr,Carter Pacheco,29,23,,,,TAP,END,,,,,No,West,9.5,8.1,,,,9.5,,,,,DIRT BLOCKAGE. POSSIBLE ABANDONED LINE GOING TOWARDS EMPTY LOT,2025/05/09,LETS,2025/05/09,LETS,,Post,SCOTT.LOVELADY@ONEGAS.COM ,,38.0516,-97.941,yes,1,1,,,,One Gas,"___json[{""pathname"":""/Collected Media/map_2662324/layer_6728851/mdc_photo_mdc_ffdcea_cdv_photo_000_1746799299806.jpg"",""rid"":38491590,""lid"":""6728851"",""fid"":""742"",""field"":""photo_map"",""title"":""mdc_photo_mdc_ffdcea_cdv_photo_000_1746799299806.jpg"",""ext"":""jpg"",""panorama"":false,""isDir"":false}]",Yes,0406,COMPLETE,,,,,,,,"END AT DIRT BLOCKAGE, EMPTY LOT, NO GAS CROSSINGS ",,,2025/05/13,,,Katy Thompson,,,Pass,,,A,B,,,,,,,,1,,,Lateral Inspection,"___json[{""pathname"":""/Collected Media/map_2662324/layer_6728851/mdc_photo_mdc_333e02_cdv_photo_001_1746799299806.jpg"",""rid"":38491589,""lid"":""6728851"",""fid"":""742"",""field"":""site_photos"",""title"":""mdc_photo_mdc_333e02_cdv_photo_001_1746799299806.jpg"",""ext"":""jpg"",""panorama"":false,""isDir"":false}]",MH 414 W AVENUE A ,KS,2025/05/09,,,West,08:54,A,2,Eric Zerr,,,2025/05/09,,,1800 LETS,,,Lateral Launch,https://pioneer.sewerai.com/dashboard/review/f14f8582-b45e-4ba9-baf0-09fc091b4852?t=0.829419&limit=30&offset=0&project=25PV0406+ONE+GAS+&client_reviewed=false,,
COMPLETE,2025-05-08,,413,,SHERMAN ST,HUTCHINSON,,,,,,2025/05/08,1800,PW-23R3-HUTCHINSON-SHERMAN AND MADISON ,,,Ben Zerr,Tiffanie Gibson,28,19,15,,,TAP,12T,END,,,,No,West,174.2,55.7,71.9,,,174.2,,,,,,2025/05/08,LETS,2025/05/08,LETS,,Post,SCOTT.LOVELADY@ONEGAS.COM ,,38.0518,-97.9399,yes,1,1,,,,One Gas,"___json[{""pathname"":""/Collected Media/map_2662324/layer_6728851/mdc_photo_mdc_63df66_cdv_photo_000_1746730444371.jpg"",""rid"":38483781,""lid"":""6728851"",""fid"":""722"",""field"":""photo_map"",""title"":""mdc_photo_mdc_63df66_cdv_photo_000_1746730444371.jpg"",""ext"":""jpg"",""panorama"":false,""isDir"":false}]",Yes,0406,COMPLETE,THERE ARE NO GAS CROSSINGS,,,Katy Thompson,Pass,,,"POOR VISUAL DUE TO DEBRIS 3.5' -44', 67'- END, NOT CLEAR ON PULLBACK FROM 45'-37', BUT THERE ARE NO GAS CROSSINGS",,,2025/05/13,,,Katy Thompson,,,Pass,,,A,B,C,,,,,,,1,,,Lateral Inspection,,401 W SHERMAN,KS,2025/05/08,,,West,13:35,,2,Eric Zerr,,,2025/05/08,,,1800 LETS,,,Lateral Launch,https://pioneer.sewerai.com/dashboard/review/cd193cf2-ab71-4451-a383-51418480ceb6?t=1.010918&limit=30&offset=0&project=25PV0406+ONE+GAS+&client_reviewed=false,,
COMPLETE,2025-05-08,,407,,SHERMAN ST,HUTCHINSON,,,,,,2025/05/08,1800,PW-23R3-HUTCHINSON-SHERMAN AND MADISON ,,,Eric Zerr,Tiffanie Gibson,33,29,15,,,TAP,12T,END,,,,,West,130.4,32.6,103.7,,,130.4,,,,,,2025/05/08,LETS,2025/05/08,LETS,,Post,SCOTT.LOVELADY@ONEGAS.COM ,1,38.0517,-97.9394,yes,1,1,,,,One Gas,"___json[{""pathname"":""/Collected Media/map_2662324/layer_6728851/mdc_photo_mdc_c57a8f_cdv_photo_001_1746724474636.jpg"",""rid"":38483001,""lid"":""6728851"",""fid"":""715"",""field"":""photo_map"",""title"":""mdc_photo_mdc_c57a8f_cdv_photo_001_1746724474636.jpg"",""ext"":""jpg"",""panorama"":false,""isDir"":false}]",Yes,0406,COMPLETE,,,,,,,,"DEBRIS BLOCKS VIEW 45'- END, CLEAR ON PULLBACK FROM 100'",,,2025/05/13,,,Katy Thompson,,,Pass,,,A,B,,,,,,,130.4,1,,,Lateral Inspection,,MH 401 W SHERMAN ST,KS,2025/05/08,,,West,12:02,,2,Eric Zerr,,,2025/05/08,,,1800 LETS,,,Lateral Launch,https://pioneer.sewerai.com/dashboard/review/3238d472-59ea-4d93-bd37-82c1dcfca7ef?t=2.807927&limit=30&offset=0&project=25PV0406+ONE+GAS+&client_reviewed=false,,
COMPLETE,2025-05-08,,401,,1ST AVE,HUTCHINSON,,,,,,2025/05/08,2400,PW-23R3-HUTCHINSON-SHERMAN AND MADISON,,,Edgar Atwood,Robert Gudgel,0,31,0,,,TAP,GSI,12T/END,,,,,North,90.8,94.4,111.5,,,90.8,,,,,,2025/05/08,LETS,2025/05/08,LETS,,Post,SCOTT.LOVELADY@ONEGAS.COM,,38.0527,-97.9393,yes,1,1,,,,One Gas,"___json[{""pathname"":""/Collected Media/map_2662324/layer_6728851/mdc_photo_mdc_6ad3ec_cdv_photo_012_1746716323741.jpg"",""rid"":38480823,""lid"":""6728851"",""fid"":""701"",""field"":""photo_map"",""title"":""mdc_photo_mdc_6ad3ec_cdv_photo_012_1746716323741.jpg"",""ext"":""jpg"",""panorama"":false,""isDir"":false}]",Yes,0406,COMPLETE,,,,,,,,"POOR VISUAL 98'- 106.5', CAMERA UNDER WATER, CLEAR ON PULLBACK",,,2025/05/13,,,Katy Thompson,,,Pass,,,A,B,,,,,,,,1,,,Lateral Inspection,"___json[{""pathname"":""/Collected Media/map_2662324/layer_6728851/mdc_photo_mdc_ffc7a9_cdv_photo_009_1746716150062.jpg"",""rid"":38480808,""lid"":""6728851"",""fid"":""701"",""field"":""site_photos"",""title"":""mdc_photo_mdc_ffc7a9_cdv_photo_009_1746716150062.jpg"",""ext"":""jpg"",""panorama"":false,""isDir"":false},{""pathname"":""/Collected Media/map_2662324/layer_6728851/mdc_photo_mdc_4f6164_cdv_photo_010_1746716150062.jpg"",""rid"":38480809,""lid"":""6728851"",""fid"":""701"",""field"":""site_photos"",""title"":""mdc_photo_mdc_4f6164_cdv_photo_010_1746716150062.jpg"",""ext"":""jpg"",""panorama"":false,""isDir"":false},{""pathname"":""/Collected Media/map_2662324/layer_6728851/mdc_photo_mdc_4fe927_cdv_photo_011_1746716150062.jpg"",""rid"":38480810,""lid"":""6728851"",""fid"":""701"",""field"":""site_photos"",""title"":""mdc_photo_mdc_4fe927_cdv_photo_011_1746716150062.jpg"",""ext"":""jpg"",""panorama"":false,""isDir"":false}]",MH 400 W SHERMAN ST,KS,2025/05/08,,,West,09:50,A,2,Edgar Atwood,,,2025/05/08,,,2400 LETS,,,Lateral Launch,https://pioneer.sewerai.com/dashboard/review/37731447-453f-43f8-88b2-117510ee712e?t=1.472585&limit=30&offset=0&project=25PV0406+ONE+GAS+&client_reviewed=false&ordering=Lateral_Segment_Reference,,
COMPLETE NO BILL,2025-08-07,,109,,Manor Pl,El paso,,,,,,2025/08/07,---------------------,Manor El Paso,,,---------------------,---------------------,0,0,,,,End,9T,,,,,No,,27,24.5,,,,,,,,,,2025/08/07,LETS,2025/08/07,LETS,,Post,Scott.lovelady@Onegas.com ,,31.7381,-106.254,yes,1,1,,"08/07/2025 Truck5100 
Lead - Christian E. Tech - Derek K. 

Lines runs away from gas did find a 9T in line. This property will have a another point to so the 9T",,One Gas,"___json[{""pathname"":""/Collected Media/map_2662324/layer_6728851/mdc_photo_mdc_16dfd5_cdv_photo_005_1754618825502.jpg"",""rid"":39650958,""lid"":""6728851"",""fid"":""1120"",""field"":""photo_map"",""title"":""mdc_photo_mdc_16dfd5_cdv_photo_005_1754618825502.jpg"",""ext"":""jpg"",""panorama"":false,""isDir"":false}]",Yes,0723,COMPLETE NO BILL,,,,,,,,PASS-JAB,,,2025/08/27,,,Jay Brown,,,Pass,,,A,B,,,,,,,,1,,,Lateral Inspection,"___json[{""pathname"":""/Collected Media/map_2662324/layer_6728851/mdc_photo_mdc_bf3346_cdv_photo_004_1754618825502.jpg"",""rid"":39650957,""lid"":""6728851"",""fid"":""1120"",""field"":""site_photos"",""title"":""mdc_photo_mdc_bf3346_cdv_photo_004_1754618825502.jpg"",""ext"":""jpg"",""panorama"":false,""isDir"":false}]",,TX,2025/08/07,,,,20:03,,2,---------------------,,,2025/08/07,,,-----------------,,,Lateral Launch,https://pioneer.sewerai.com/dashboard/review/b724c3a7-b69b-418a-9df4-f10789843999?limit=30&offset=0&project=25PV0406+ONE+GAS+&city=el+paso&client_reviewed=false,,
COMPLETE,2025-05-08,,413,,1ST AVE,HUTCHINSON ,,,,,,2025/05/08,2400,PW-23R3-HUTCHINSON-SHERMAN AND MADISON ,,,Edgar Atwood,Michael Parrish,0,0,0,,,TAP,9T,END,,,,,West,184.1,65.2,108.4,,,184.1,,,,,,2025/05/08,LETS,2025/05/08,LETS,,Post,SCOTT.LOVELADY@ONEGAS.COM ,,38.0528,-97.9393,yes,1,1,,,,One Gas,"___json[{""pathname"":""/Collected Media/map_2662324/layer_6728851/mdc_photo_mdc_ccaa57_cdv_photo_000_1746723669994.jpg"",""rid"":38482744,""lid"":""6728851"",""fid"":""713"",""field"":""photo_map"",""title"":""mdc_photo_mdc_ccaa57_cdv_photo_000_1746723669994.jpg"",""ext"":""jpg"",""panorama"":false,""isDir"":false}]",Yes,0406,COMPLETE,,,,,,,,"POOR VISUAL CAMERA IS BLURRY, BUT THERE ARE NO GAS CROSSINGS",,,2025/05/13,,,Katy Thompson,,,Pass,,,A,B,,,,,,,,1,,,Lateral Inspection,,MH 400 W SHERMAN ST ,KS,2025/05/08,,,West,11:53,,2,Edgar Atwood,,,2025/05/08,,,2400 LETS,,,Lateral Launch,https://pioneer.sewerai.com/dashboard/review/7666aa1b-f801-4cda-ab05-4e04f1fb5fec?t=4.643379&limit=30&offset=30&project=25PV0406+ONE+GAS+&client_reviewed=false&ordering=Lateral_Segment_Reference,,
COMPLETE,2025-05-08,,413,,1ST AVE,HUTCHINSON ,,,,,,2025/05/08,2400,PW-23R3-HUTCHINSON-SHERMAN AND MADISON ,,,Edgar Atwood,Michael Parrish,0,0,,,,TAP,END,,,,,,West,225.3,82.3,,,,225.3,,,,,,2025/05/08,LETS,2025/05/08,LETS,,Post,SCOTT.LOVELADY@ONEGAS.COM ,,38.0528,-97.9393,yes,1,1,,ENDED AT BLOCKAGE DEAD LINE NO CONFLICT,,One Gas,"___json[{""pathname"":""/Collected Media/map_2662324/layer_6728851/mdc_photo_mdc_61bc40_cdv_photo_000_1746728564080.jpg"",""rid"":38483503,""lid"":""6728851"",""fid"":""718"",""field"":""photo_map"",""title"":""mdc_photo_mdc_61bc40_cdv_photo_000_1746728564080.jpg"",""ext"":""jpg"",""panorama"":false,""isDir"":false}]",Yes,0406,COMPLETE,,,,,,,,"POOR VISUAL 66'- END, DEBRIS BLOCKS VIEW, CLEAR ON PULLBACK",,,2025/05/13,,,Katy Thompson,,,Pass,,,A,,,,,,,,,1,,,Lateral Inspection,,MH 400 W SHERMAN ST ,KS,2025/05/08,,,West,13:16,A,2,Edgar Atwood,,,2025/05/08,,,2400 LETS,,,Lateral Launch,https://pioneer.sewerai.com/dashboard/review/ed80a9b9-5955-40a9-94df-175aadd0b5de?t=3.847659&limit=30&offset=30&project=25PV0406+ONE+GAS+&client_reviewed=false&ordering=Lateral_Segment_Reference,,
COMPLETE,2025-05-08,,409,,1ST AVE,HUTCHINSON ,,,,,,2025/05/08,2400,PW-23R3-HUTCHINSON-SHERMAN AND MADISON ,,,Edgar Atwood,Michael Parrish,0,0,,,,TAP,END,,,,,,West,170.7,107.9,,,,170.7,,,,,,2025/05/08,LETS,2025/05/08,LETS,,Post,SCOTT.LOVELADY@ONEGAS.COM ,,38.0528,-97.9392,yes,1,1,,,,One Gas,"___json[{""pathname"":""/Collected Media/map_2662324/layer_6728851/mdc_photo_mdc_b5a158_cdv_photo_002_1746722039841.jpg"",""rid"":38482251,""lid"":""6728851"",""fid"":""710"",""field"":""photo_map"",""title"":""mdc_photo_mdc_b5a158_cdv_photo_002_1746722039841.jpg"",""ext"":""jpg"",""panorama"":false,""isDir"":false}]",Yes,0406,COMPLETE,"THERE ARE NO GAS CROSSINGS, NO CONFLICT.",,,Katy Thompson,Pass,,,"POOR VISUAL 23'- 30', CLEAR ON PULLBACK.  MISSED HOLE IN PIPE @ 65',",,,2025/05/13,,,Katy Thompson,,,Pass,,,A,,,,,,,,,1,,,Lateral Inspection,,MH 400 W SHERMAN ST ,KS,2025/05/08,,,West,11:25,,2,Edgar Atwood,,,2025/05/08,,,2400 LETS,,,Lateral Launch,https://pioneer.sewerai.com/dashboard/review/65f05a00-eb43-4661-ab7f-fe26c15a7c5c?t=4.107924&limit=30&offset=30&project=25PV0406+ONE+GAS+&client_reviewed=false&ordering=Lateral_Segment_Reference,,
COMPLETE,2025-05-07,,1106,,JULIETTE AVE ,MANHATTAN ,,,,,,2025/05/07,1800,BERTRAND / N 6 ST ,,,Eric Zerr,Carter Pacheco,85,88,92,,,TAP,GSI,END,,,,No,East,88.8,17.3,53.5,,,88.8,,,,,,2025/05/07,LETS,2025/05/07,LETS,,Post,SCOTT.LOVELADY@ONEGAS.COM ,,39.1903,-96.5666,yes,1,1,,SEWER DPTH 88” GAS DEPTH 16”. 72” OF CLEARANCE. BACKUP 1’ FROM GSI CALLOUT CAN SEE ABOVE WATER AND LINE IS NOT HIT. UNABLE TO GET VISUAL DUE TO BELLY IN PIPE.,,One Gas,"___json[{""pathname"":""/Collected Media/map_2662324/layer_6728851/mdc_photo_mdc_ffc5e0_cdv_photo_000_1746646208315.jpg"",""rid"":38471374,""lid"":""6728851"",""fid"":""655"",""field"":""photo_map"",""title"":""mdc_photo_mdc_ffc5e0_cdv_photo_000_1746646208315.jpg"",""ext"":""jpg"",""panorama"":false,""isDir"":false}]",Yes,0406,COMPLETE,"SEE TECH NOTES. 72"" OF CLEARANCE. THIS LINE IS NOT HIT. VISUAL OF GSI ON PULLBACK",,,Katy Thompson,Pass,,,"NO VISUAL 15'- 53.5'. CLEAR ON PULLBACK UNTIL 36'- 16', NO VISUAL @ GSI",,,2025/05/14,,,Katy Thompson,,,Pass,,,A,B,C,,,,,,,1,,,Lateral Inspection,,MH 1106 N JULIETTE AVE,KS,2025/05/07,,,North,12:55,,2,Eric Zerr,,,2025/05/07,,,1800 LETS,,,Lateral Launch,https://pioneer.sewerai.com/dashboard/review/eae573f4-ceb2-4e4e-866e-2d794933c017?t=3.508735&limit=30&offset=0&project=25PV0406+ONE+GAS+&ordering=Lateral_Segment_Reference&surveyed_by=ERIC+ZERR,,
COMPLETE,2025-09-11,,919,,5TH AVE NW,MIAMI ,,,,,,2025/09/11,2400,K ST NW/3 AVE NW ,,,James Atwood,Michael Parrish,0,0,,,,TAP,END,,,,,,North,163.8,50.3,,,,163.8,,,,,,2025/09/11,LETS,2025/09/11,LETS,,Post,SCOTT.LOVELADY@ONEGAS.COM ,,36.8802,-94.888,yes,1,1,,NO NEW GAS,,One Gas,"___json[{""pathname"":""/Collected Media/map_2662324/layer_6728851/mdc_photo_mdc_7ae8e6_cdv_photo_023_1757616643238.jpg"",""rid"":40119359,""lid"":""6728851"",""fid"":""1302"",""field"":""photo_map"",""title"":""mdc_photo_mdc_7ae8e6_cdv_photo_023_1757616643238.jpg"",""ext"":""jpg"",""panorama"":false,""isDir"":false}]",Yes,0406,COMPLETE,NO GAS CROSSINGS. GAS RUNS PARALLEL TO SEWER,,,Katy Thompson,Pass,,,NOT SURE IF I NEED GAS CALLOUT TO KNOW IF THIS IS A PASS,,,2025/09/17,,,Charlton Moren,,,Pass,,,A,B,,,,,,,,1,,,Lateral Inspection,,MH 327 I ST NW ,OK,2025/09/11,,,,13:43,,2,James Atwood,,,2025/09/11,,,2400 LETS,,,Lateral Launch,https://pioneer.sewerai.com/dashboard/review/3a56ffce-e4f8-4a62-9f14-607418e29d92?t=0&limit=30&offset=0&status=uploaded&client_reviewed=false&issues=false&ordering=-Inspection_Date&project=25PV0406+ONE+GAS+,,
COMPLETE NO BILL,2025-08-05,,108 MLS,,SW Ave G jetting,Andrews ,,,,,,,1069,One Gas ,,,Bryan Cary,,,,,,,,,,,,,,,,,,,,,,,,,,,,,,,Post,One Gas ,,32.3112,-102.545,,,,,08/05/25; 1069 truck: jetted 500ft south against flow. 1.00hrs heavy cleaning. 1.25 hrs mobilization. 0.50 hrs setup. 0.50 hrs water fill. ,,One Gas,,N/A,0723,COMPLETE NO BILL,,,,,,,,,,,,,,,,,,,,,,,,,,,500,,,,,Main Inspection,,108 SW Ave G MHMLS,TX,2025/08/05,,,,,,2,N/A,,,,,,N/A,,,,,,
COMPLETE,2025-05-07,,1118,,JULIETTE AVE ,MANHATTAN ,,,,,,2025/05/07,1800,BERTRAND / N 6 ST ,,,Eric Zerr,Carter Pacheco,66,66,52,44,,TAP,GMI,END,END,,,No,East,117.6,1.3,21.6,43.3,,117.6,,,,,,2025/05/07,LETS,2025/05/07,LETS,,Post,SCOTT.LOVELADY@ONEGAS.COM ,,39.1904,-96.5662,yes,1,1,,,,One Gas,"___json[{""pathname"":""/Collected Media/map_2662324/layer_6728851/mdc_photo_mdc_af8f48_cdv_photo_001_1746646610369.jpg"",""rid"":38471408,""lid"":""6728851"",""fid"":""659"",""field"":""photo_map"",""title"":""mdc_photo_mdc_af8f48_cdv_photo_001_1746646610369.jpg"",""ext"":""jpg"",""panorama"":false,""isDir"":false}]",Yes,0406,COMPLETE,,,,,,,,CLEAR ON PULLBACK,,,2025/05/14,,,Katy Thompson,,,Pass,,,A,B,C,D,,,,,,1,,,Lateral Inspection,,MH 1106 N JULIETTE AVE ,KS,2025/05/07,,,North,13:18,,2,Eric Zerr,,,2025/05/07,,,1800 LETS,,,Lateral Launch,https://pioneer.sewerai.com/dashboard/review/a4da0325-4c78-4075-bba0-ee8852f6ba33?t=1.382657&limit=30&offset=0&project=25PV0406+ONE+GAS+&ordering=Lateral_Segment_Reference&surveyed_by=ERIC+ZERR&client_reviewed=false,,
COMPLETE,2025-05-09,,12,,MONROE ST,HUTCHINSON ,,,,,,2025/05/09,1800,PW-23R3-HUTCHINSON-SHERMAN AND MADISON ,,,Eric Zerr,Carter Pacheco,28,22,18,,,TAP,GMI ,VCO/END,,,,No,West,230.1,2.4,15.4,,,230.1,,,,,,2025/05/09,LETS,2025/05/09,LETS,,Post,SCOTT.LOVELADY@ONEGAS.COM ,,38.0516,-97.9404,yes,1,1,,,,One Gas,"___json[{""pathname"":""/Collected Media/map_2662324/layer_6728851/mdc_photo_mdc_56372d_cdv_photo_004_1746817087352.jpg"",""rid"":38496671,""lid"":""6728851"",""fid"":""767"",""field"":""photo_map"",""title"":""mdc_photo_mdc_56372d_cdv_photo_004_1746817087352.jpg"",""ext"":""jpg"",""panorama"":false,""isDir"":false}]",Yes,0406,COMPLETE,,,,,,,,,,,2025/05/14,,,Katy Thompson,,,Pass,,,A,B,C,,,,,,,1,,,Lateral Inspection,"___json[{""pathname"":""/Collected Media/map_2662324/layer_6728851/mdc_photo_mdc_2b20d1_cdv_photo_001_1746816841248.jpg"",""rid"":38496639,""lid"":""6728851"",""fid"":""767"",""field"":""site_photos"",""title"":""mdc_photo_mdc_2b20d1_cdv_photo_001_1746816841248.jpg"",""ext"":""jpg"",""panorama"":false,""isDir"":false}]",MH 414 W AVENUE A ,KS,2025/05/09,,,South,13:48,,2,Eric Zerr,,,2025/05/09,,,1800 LETS,,,Lateral Launch,https://pioneer.sewerai.com/dashboard/review/ac2613fb-4f67-4fa0-a942-d9aa0193f952?t=1.938284&limit=30&offset=0&project=25PV0406+ONE+GAS+&ordering=Lateral_Segment_Reference&surveyed_by=ERIC+ZERR&client_reviewed=false,,
COMPLETE,2025-05-06,,328,,SW LINDENWOOD AVE ,TOPEKA ,,,,,,2025/05/06,1800,PW-24R2-TOPEKA-2ND AND ORCHARD ,,,Eric Zerr,Carter Pacheco,113,78,,,,TAP,END/CAP,,,,,No,South,109.9,33.9,,,,109.9,,,,,,2025/05/06,LETS,2025/05/06,LETS,,Post,SCOTT.LOVELADY@ONEGAS.COM ,,-1,-1,yes,1,1,,,,One Gas,,Yes,0406,COMPLETE,,,,,,,,,,,2025/05/14,,,Katy Thompson,,,Pass,,,A,B,,,,,,,,1,,,Lateral Inspection,,MH 320 SW LINDENWOOD AVE  ,KS,2025/05/06,,,South,09:24,,2,Eric Zerr,,,2025/05/06,,,1800 LETS,,,Lateral Launch,https://pioneer.sewerai.com/dashboard/review/9065a4e4-4f7d-4545-b3c7-170ee234a472?t=1.181111&limit=30&offset=0&project=25PV0406+ONE+GAS+&ordering=Lateral_Segment_Reference&surveyed_by=ERIC+ZERR&client_reviewed=false,,
COMPLETE,2025-05-06,,330,,SW LINDENWOOD AVE ,TOPEKA ,,,,,,2025/05/06,1800,PW-24R2-TOPEKA-2ND AND ORCHARD ,,,Eric Zerr,Carter Pacheco,106,82,,,,TAP,END,,,,,No,South,149.9,35.9,,,,149.9,,,,,,2025/05/06,LETS,2025/05/06,LETS,,Post,SCOTT.LOVELADY@ONEGAS.COM ,,39.0615,-95.7003,yes,1,1,,,,One Gas,,Yes,0406,COMPLETE,,,,,,,,,,,2025/05/14,,,Katy Thompson,,,Pass,,,A,B,,,,,,,,1,,,Lateral Inspection,,MH 320 SW LINDENWOOD AVE  ,KS,2025/05/06,,,South,10:12,,2,Eric Zerr,,,2025/05/06,,,1800 LETS,,,Lateral Launch,https://pioneer.sewerai.com/dashboard/review/dc9942bf-db1e-42ca-a738-0efc554736da?t=1.997372&limit=30&offset=0&project=25PV0406+ONE+GAS+&ordering=Lateral_Segment_Reference&surveyed_by=ERIC+ZERR&client_reviewed=false,,
PO,2025-05-06,,338,,SW LINDENWOOD AVE ,TOPEKA ,,,,,,2025/05/06,1800,PW-24R2-TOPEKA 2ND AND ORCHARD ,,,Eric Zerr,Carter Pacheco,112,74,,,,TAP,END/DEBRIS,,,,,No,South,282.6,9.9,,,,282.6,,,,,DEBRIS IN PIPE,2025/05/06,LETS,2025/05/06,LETS,,Post,SCOTT.LOVELADY@ONEGAS.COM ,,39.0615,-95.7003,yes,1,1,,,,One Gas,,Yes,0406,PO,,,,,,,,"POOR VISUAL ENTIRE RUN DUE TO DEBRIS IN PIPE AND ON CAMERA, CLEAR ON PULLBACK",,,2025/05/14,,,Katy Thompson,,,Pass,,,A,,,,,,,,,,,,Lateral Inspection,,MH 320 SW LINDENWOOD AVE  ,KS,2025/05/06,,,South,11:56,,2,Eric Zerr,,,2025/05/06,,,1800 LETS,,,Lateral Launch,https://pioneer.sewerai.com/dashboard/review/380f6653-a751-4d28-9094-0d2ef16057dd?t=0&limit=30&offset=0&project=25PV0406+ONE+GAS+&ordering=Lateral_Segment_Reference&surveyed_by=ERIC+ZERR&client_reviewed=false,,
COMPLETE,2025-09-10,,309,,I ST NW,MIAMI ,,,,,,2025/09/10,2400,K ST NW/3 AVE NW ,,,James Atwood,Michael Parrish,0,37,0,,,TAP,GMI,END,,,,,North,78,9.8,12.2,,,78,,,,,,2025/09/10,LETS,2025/09/10,LETS,,Post,SCOTT.LOVELADY@ONEGAS.COM ,,36.8792,-94.888,yes,1,1,,ORANGEBURG DEFORMED NO NEW GAS SERVICE GMI CLEAR ,,One Gas,"___json[{""pathname"":""/Collected Media/map_2662324/layer_6728851/mdc_photo_mdc_a7303e_cdv_photo_006_1757529602468.jpg"",""rid"":40105309,""lid"":""6728851"",""fid"":""1255"",""field"":""photo_map"",""title"":""mdc_photo_mdc_a7303e_cdv_photo_006_1757529602468.jpg"",""ext"":""jpg"",""panorama"":false,""isDir"":false}]",Yes,0406,COMPLETE,10/01/25 ORANGEBURG DEFORMED NO NEW GAS SERVICE GMI CLEAR,,,Katy Thompson,Pass,,,"VIDEO GOOD, CLOSE TO, BUT NOT 3FT PAST GMI, DEFORMED PIPE @ 12FT",,,2025/09/18,,,Charlton Moren,,,Pass,,,A,B,C,,,,,,,1,,,Lateral Inspection,"___json[{""pathname"":""/Collected Media/map_2662324/layer_6728851/mdc_photo_mdc_9778f1_cdv_photo_005_1757529406383.jpg"",""rid"":40105277,""lid"":""6728851"",""fid"":""1255"",""field"":""site_photos"",""title"":""mdc_photo_mdc_9778f1_cdv_photo_005_1757529406383.jpg"",""ext"":""jpg"",""panorama"":false,""isDir"":false}]",MH 910 3RD AVE NW ,OK,2025/09/10,,,,13:32,,2,James Atwood,,,2025/09/10,,,2400 LETS,,,Lateral Launch,https://pioneer.sewerai.com/dashboard/review/fe6ba049-58b1-4aee-bf7f-536d5cdb3303?t=0&limit=30&offset=0&status=uploaded&client_reviewed=false&issues=false&ordering=-Inspection_Date&project=25PV0406+ONE+GAS+,,
GAS LINE,2025-08-06,,7701,,Veracruz,El Paso,,,,,,,,,,,,,,,,,,,,,,,,,,,,,,,,,,,,,,,,,,Post,,,31.7473,-106.358,,,,,,,One Gas,,,0723,GAS LINE,,,,,,,,,,,,,,,,,,,,,,,,,,,,,,,,,,,TX,2025/08/06,,,,,,1,,,,,,,,,,,,,
COMPLETE,2025-05-08,,404 B,,AVENUE A,HUTCHINSON ,,,,,,2025/05/08,1800,PW-23R3-HUTCHINSON-SHERMAN AND MADISON ,,,Eric Zerr,Carter Pacheco,26,29,0,,,TAP,GMI,END,,,,No,West,125.7,3.8,10.4,,,125.7,,,,,,2025/05/08,LETS,2025/05/08,LETS,,Post,SCOTT.LOVELADY@ONEGAS.COM ,,38.0516,-97.9394,yes,1,1,,,,One Gas,"___json[{""pathname"":""/Collected Media/map_2662324/layer_6728851/mdc_photo_mdc_a847b4_cdv_photo_001_1746722364355.jpg"",""rid"":38482354,""lid"":""6728851"",""fid"":""712"",""field"":""photo_map"",""title"":""mdc_photo_mdc_a847b4_cdv_photo_001_1746722364355.jpg"",""ext"":""jpg"",""panorama"":false,""isDir"":false}]",Yes,0406,COMPLETE,,,,,,,,"VIDEO CLEAR ON PULLBACK, GMI IS CLEAR, END INSPECTION HERE AT A DEPTH UNKOWN DEPTH DUE TO BUILDING IN WAY",,,2025/05/14,,,Katy Thompson,,,Pass,,,A,B,C,,,,,,,1,,,Lateral Inspection,"___json[{""pathname"":""/Collected Media/map_2662324/layer_6728851/mdc_photo_mdc_5adb69_cdv_photo_000_1746722203179.jpg"",""rid"":38482315,""lid"":""6728851"",""fid"":""712"",""field"":""site_photos"",""title"":""mdc_photo_mdc_5adb69_cdv_photo_000_1746722203179.jpg"",""ext"":""jpg"",""panorama"":false,""isDir"":false}]",MH 401 W SHERMAN ST ,KS,2025/05/08,,,West,11:28,,2,Eric Zerr,,,2025/05/08,,,1800 LETS,,,Lateral Launch,https://pioneer.sewerai.com/dashboard/review/eb28b7b3-cb05-4dc3-9770-8010d05be866?t=3&limit=30&offset=0&project=25PV0406+ONE+GAS+&ordering=Lateral_Segment_Reference&surveyed_by=ERIC+ZERR&client_reviewed=false,,
COMPLETE,2025-09-11,,409,,I ST NW,MIAMI ,,,,,,2025/09/11,2400,K ST NW/3 AVE NW ,,,James Atwood,Michael Parrish,0,38,0,0,,TAP,GMI,12T,END,,,,North,100.5,10.8,93,94,,,,,,,,2025/09/11,LETS,2025/09/11,LETS,,Post,SCOTT.LOVELADY@ONEGAS.COM ,,36.8801,-94.888,yes,1,1,,GMI CLEAR,,One Gas,"___json[{""pathname"":""/Collected Media/map_2662324/layer_6728851/mdc_photo_mdc_55e3ad_cdv_photo_016_1757606655245.jpg"",""rid"":40117493,""lid"":""6728851"",""fid"":""1288"",""field"":""photo_map"",""title"":""mdc_photo_mdc_55e3ad_cdv_photo_016_1757606655245.jpg"",""ext"":""jpg"",""panorama"":false,""isDir"":false}]",Yes,0406,COMPLETE,,,,,,,,PASS-CAM,,,2025/09/17,,,Charlton Moren,,,Pass,,,A,B,C,D,,,,,,1,,,Lateral Inspection,"___json[{""pathname"":""/Collected Media/map_2662324/layer_6728851/mdc_photo_mdc_584b18_cdv_photo_015_1757606260681.jpg"",""rid"":40117457,""lid"":""6728851"",""fid"":""1288"",""field"":""site_photos"",""title"":""mdc_photo_mdc_584b18_cdv_photo_015_1757606260681.jpg"",""ext"":""jpg"",""panorama"":false,""isDir"":false}]",MH 327 I ST NW ,OK,2025/09/11,,,,11:04,,2,James Atwood,,,2025/09/11,,,2400 LETS,,,Lateral Launch,https://pioneer.sewerai.com/dashboard/review/b4e62ecf-5b1a-4227-9312-141efd4fc6f2?t=1&limit=30&offset=0&status=uploaded&client_reviewed=false&issues=false&ordering=-Inspection_Date&project=25PV0406+ONE+GAS+,,
COMPLETE,2025-05-08,,412/412,,AVENUE A,HUTCHINSON,,,,,,2025/05/08,1800,PW-23R3-HUTCHINSON-SHERMAN AND MADISON ,,,Eric Zerr,Tiffanie Gibson,29,30,24,24,29,TAP,GMI,12T,END,CO,,No,West,223,3.3,65.7,69.2,0,223,,,,,END 49.1@23,2025/05/08,LETS,2025/05/08,LETS,,Post,SCOTT.LOVELADY@ONEGAS.COM ,1,38.0519,-97.9397,yes,2,2,,,,One Gas,"___json[{""pathname"":""/Collected Media/map_2662324/layer_6728851/mdc_photo_mdc_7163b9_cdv_photo_003_1746734934162.jpg"",""rid"":38484195,""lid"":""6728851"",""fid"":""726"",""field"":""photo_map"",""title"":""mdc_photo_mdc_7163b9_cdv_photo_003_1746734934162.jpg"",""ext"":""jpg"",""panorama"":false,""isDir"":false}]",Yes,0406,COMPLETE,,,,,,,,,CLEAR ON PULLBACK,,,2025/05/14,,,Katy Thompson,,,Pass,,A,B,C,,,,,,,1,,,Lateral Inspection,"___json[{""pathname"":""/Collected Media/map_2662324/layer_6728851/mdc_photo_mdc_5a55da_cdv_photo_004_1746737892174.jpg"",""rid"":38484999,""lid"":""6728851"",""fid"":""726"",""field"":""site_photos"",""title"":""mdc_photo_mdc_5a55da_cdv_photo_004_1746737892174.jpg"",""ext"":""jpg"",""panorama"":false,""isDir"":false}]",401 W SHERMAN ST,KS,2025/05/08,,,West,14:46,A,2,Eric Zerr,Eric Zerr,,2025/05/08,2025/05/08,,1800 LETS,1800 PO,,Push camera and lateral Launch,https://pioneer.sewerai.com/dashboard/review/e7e0785f-4e85-45ff-a53f-5c9257234590?t=0&limit=30&offset=0&project=25PV0406+ONE+GAS+&ordering=Lateral_Segment_Reference&surveyed_by=ERIC+ZERR&client_reviewed=false,,
COMPLETE,2025-05-08,,414,,AVENUE A,HUTCHINSON,,,,,,2025/05/08,1800,PW-23R3-HUTCHINSON-SHERMAN AND MADISON ,,,Eric Zerr,Tiffanie Gibson,29,30,10,0,,TAP,GMI,12T,END,,,No,West,258.5,2.2,92.2,99.4,,258.5,,,,,,2025/05/08,LETS,2025/05/08,LETS,,Post,SCOTT.LOVELADY@ONEGAS.COM ,,38.0516,-97.9395,yes,1,1,,,,One Gas,,Yes,0406,COMPLETE,,,,,,,,"CLEAR @ GMI, POOR VISUAL FROM 5'- END, CLEAR ON PULLBACK",,,2025/05/14,,,Katy Thompson,,,Pass,,,A,B,C,,,,,,,1,,,Lateral Inspection,"___json[{""pathname"":""/Collected Media/map_2662324/layer_6728851/mdc_photo_mdc_5ad350_cdv_photo_005_1746738458028.jpg"",""rid"":38485060,""lid"":""6728851"",""fid"":""732"",""field"":""site_photos"",""title"":""mdc_photo_mdc_5ad350_cdv_photo_005_1746738458028.jpg"",""ext"":""jpg"",""panorama"":false,""isDir"":false}]",401 W SHERMAN ST,KS,2025/05/08,,,West,15:59,,2,Eric Zerr,,,2025/05/08,,,2400 LETS,,,Lateral Launch,https://pioneer.sewerai.com/dashboard/review/9e3bb0a2-d9fb-4489-a52e-7441d2547927?t=4.477348&limit=30&offset=0&project=25PV0406+ONE+GAS+&ordering=Lateral_Segment_Reference&surveyed_by=ERIC+ZERR&client_reviewed=false,,
GAS LINE,2025-06-06,,,,,COMMERCE,,,,,,,,,,,,,,,,,,,,,,,,,,,,,,,,,,,,,,,,,,,,,36.9375,-94.8748,,,,,,,One Gas,,,0406,GAS LINE,,,,,,,,,,,,,,,,,,,,,,,,,,,,,,,,,,,OK,2025/06/06,,,,,,1,,,,,,,,,,,,,
GAS LINE,2025-08-06,,7705,,Veracruz Ave,El Paso,,,,,,,,,,,,,,,,,,,,,,,,,,,,,,,,,,,,,,,,,,Post,,,31.7471,-106.358,,,,,,,One Gas,,,0723,GAS LINE,,,,,,,,,,,,,,,,,,,,,,,,,,,,,,,,,,,TX,2025/08/06,,,,,Gas Service ,1,,,,,,,,,,,,,
GAS LINE,2025-06-05,,,,,OSWEGO ,,,,,,2025/06/05,,,,,,,,,,,,,,,,,,,,,,,,,,,,,,,,,,,,Post,,,37.1646,-95.1073,,,,,,,One Gas,,,0406,GAS LINE,,,,,,,,,,,,,,,,,,,,,,,,,,,,,,,,,,,KS,2025/06/05,,,,09:05,,1,,,,,,,,,,,,,
GAS LINE,2025-08-06,,,,,,,,,,,2025/08/06,,,,,,,,,,,,,,,,,,,,,,,,,,,,,,,,,,,,Post,,,31.7479,-106.358,,,,,,,One Gas,,,0723,GAS LINE,,,,,,,,,,,,,,,,,,,,,,,,,,,,,,,,,,,,2025/08/06,,,,08:58,,1,,,,,,,,,,,,,
GAS LINE,2025-08-07,,149,,Manor Pl,El Paso,,,,,,2025/08/07,,,,,,,,,,,,,,,,,,,,,,,,,,,,,,,,,,,,Post,,,31.7467,-106.385,,,,,,,One Gas,,,0723,GAS LINE,,,,,,,,,,,,,,,,,,,,,,,,,,,,,,,,,,,TX,2025/08/07,,,,10:24,Gas Service,1,,,,,,,,,,,,,
COMPLETE,2025-05-09,,426,,AVENUE A,HUTCHINSON,,,,,,2025/05/09,1800,PW-23R3-HUTCHINSON-SHERMAN AND MADISON ,,,Eric Zerr,Tiffanie Gibson,29,31,15,,,TAP,GMI,END,,,,,West,174,2.1,124.1,,,174,,,,,,2025/05/09,LETS,2025/05/09,LETS,,Post,SCOTT.LOVELADY@ONEGAS.COM ,,38.0516,-97.9404,yes,1,1,,,,One Gas,"___json[{""pathname"":""/Collected Media/map_2662324/layer_6728851/mdc_photo_mdc_3d4a20_cdv_photo_010_1746813590660.jpg"",""rid"":38495711,""lid"":""6728851"",""fid"":""760"",""field"":""photo_map"",""title"":""mdc_photo_mdc_3d4a20_cdv_photo_010_1746813590660.jpg"",""ext"":""jpg"",""panorama"":false,""isDir"":false}]",Yes,0406,COMPLETE,,,,,,,,"CLEAR @ GMI, 13'- 19', 56'- 61', 75'- END, CLEAR ON PULLBACK FROM 110'- 0'.",,,2025/05/14,,,Katy Thompson,,,Pass,,,A,B,,,,,,,,1,,,Lateral Inspection,"___json[{""pathname"":""/Collected Media/map_2662324/layer_6728851/mdc_photo_mdc_eb44de_cdv_photo_009_1746813590660.jpg"",""rid"":38495710,""lid"":""6728851"",""fid"":""760"",""field"":""site_photos"",""title"":""mdc_photo_mdc_eb44de_cdv_photo_009_1746813590660.jpg"",""ext"":""jpg"",""panorama"":false,""isDir"":false}]",414 W AVENENUE A,KS,2025/05/09,,,West,12:49,,2,Eric Zerr,,,2025/05/09,,,1800 LETS,,,Lateral Launch,https://pioneer.sewerai.com/dashboard/review/cd3280d3-f608-4940-8353-2ee1cfd9896e?t=0.84655&limit=30&offset=0&project=25PV0406+ONE+GAS+&ordering=Lateral_Segment_Reference&surveyed_by=ERIC+ZERR&client_reviewed=false,,
COMPLETE,2025-09-11,,406,,J ST NW,MIAMI ,,,,,,2025/09/11,2400,K ST NW/3 AVE NW ,,,James Atwood,Michael Parrish,0,26,0,,,TAP,GSI,END/12T,,,,,North,5.2,17.9,91.5,,,5.2,,,,,,2025/09/11,LETS,2025/09/11,LETS,,Post,SCOTT.LOVELADY@ONEGAS.COM ,,36.8802,-94.888,yes,1,1,,GSI CLEAR / 3T NO CONFLICT,,One Gas,"___json[{""pathname"":""/Collected Media/map_2662324/layer_6728851/mdc_photo_mdc_94afb1_cdv_photo_010_1757603531058.jpg"",""rid"":40116921,""lid"":""6728851"",""fid"":""1280"",""field"":""photo_map"",""title"":""mdc_photo_mdc_94afb1_cdv_photo_010_1757603531058.jpg"",""ext"":""jpg"",""panorama"":false,""isDir"":false}]",Yes,0406,COMPLETE,,,,,,,,PASS-CAM,,,2025/09/17,,,Charlton Moren,,,Pass,,,A,B,C,,,,,,,1,,,Lateral Inspection,"___json[{""pathname"":""/Collected Media/map_2662324/layer_6728851/mdc_photo_mdc_73954c_cdv_photo_009_1757602738097.jpg"",""rid"":40116804,""lid"":""6728851"",""fid"":""1280"",""field"":""site_photos"",""title"":""mdc_photo_mdc_73954c_cdv_photo_009_1757602738097.jpg"",""ext"":""jpg"",""panorama"":false,""isDir"":false}]",MH 327 I ST NW ,OK,2025/09/11,,,,09:54,,2,James Atwood,,,2025/09/11,,,2400 LETS,,,Lateral Launch,https://pioneer.sewerai.com/dashboard/review/84fcb4ab-0002-456c-813c-3fe448684cfe?t=0&limit=30&offset=0&status=uploaded&client_reviewed=false&issues=false&ordering=-Inspection_Date&project=25PV0406+ONE+GAS+,,
COMPLETE NO BILL,2025-08-05,,901,,Sw 1st St,Andrews,,,,,,2025/08/05,4600,One Gas,,,Jason Claunch,Kyle Graham ,,,,,,End,GMI Sewer@45” Gas@34,12T buried,,,,,,102.9,94.5,51.7,,,,,,,,,2025/08/05,PO,2025/08/05,PO,,Post,One Gas,1,32.309,-102.545,yes,1,1,,"8/5/2025 4600 push from cleanout to mainline, this lateral is clear",,One Gas,,N/A,0403,COMPLETE NO BILL,,,,,,,,,,,,,,,,,,,,,,,,,,,,,,,,Lateral Inspection,"___json[{""pathname"":""/Collected Media/map_2662324/layer_6728851/mdc_photo_mdc_59c6ee_cdv_photo_002_1754421566291.jpg"",""rid"":39612787,""lid"":""6728851"",""fid"":""1004"",""field"":""site_photos"",""title"":""mdc_photo_mdc_59c6ee_cdv_photo_002_1754421566291.jpg"",""ext"":""jpg"",""panorama"":false,""isDir"":false},{""pathname"":""/Collected Media/map_2662324/layer_6728851/mdc_photo_mdc_c97d4a_cdv_photo_003_1754421566291.jpg"",""rid"":39612788,""lid"":""6728851"",""fid"":""1004"",""field"":""site_photos"",""title"":""mdc_photo_mdc_c97d4a_cdv_photo_003_1754421566291.jpg"",""ext"":""jpg"",""panorama"":false,""isDir"":false},{""pathname"":""/Collected Media/map_2662324/layer_6728851/mdc_photo_mdc_70bd63_cdv_photo_004_1754421566291.jpg"",""rid"":39612789,""lid"":""6728851"",""fid"":""1004"",""field"":""site_photos"",""title"":""mdc_photo_mdc_70bd63_cdv_photo_004_1754421566291.jpg"",""ext"":""jpg"",""panorama"":false,""isDir"":false}]",,TX,2025/08/05,,,,13:56,,2,N/A,,,,,,N/A,,,Push Camera,,,
COMPLETE,2025-06-05,,400,,QUINCY ST,COMMERCE,,,,,,2025/06/05,2400,5TH AND RIVER,,,James Atwood,Michael Parrish,0,40,0,,,TAP,GMI,END,,,,,North,73.4,5,21.5,,,73.4,,,,,,2025/06/05,LETS,2025/06/05,LETS,,Post,SCOTT.LOVELADY@ONEGAS.COM ,,36.9375,-94.8748,yes,1,1,,CLEAR ,,One Gas,"___json[{""pathname"":""/Collected Media/map_2662324/layer_6728851/mdc_photo_mdc_19cdc4_cdv_photo_000_1749159443482.jpg"",""rid"":38798538,""lid"":""6728851"",""fid"":""919"",""field"":""photo_map"",""title"":""mdc_photo_mdc_19cdc4_cdv_photo_000_1749159443482.jpg"",""ext"":""jpg"",""panorama"":false,""isDir"":false}]",Yes,0406,COMPLETE,,,,,,,,,,,2025/06/06,,,Katy Thompson,,,Pass,,,A,B,C,,,,,,,1,,,Lateral Inspection,"___json[{""pathname"":""/Collected Media/map_2662324/layer_6728851/mdc_photo_mdc_f1e779_cdv_photo_001_1749159443482.jpg"",""rid"":38798537,""lid"":""6728851"",""fid"":""919"",""field"":""site_photos"",""title"":""mdc_photo_mdc_f1e779_cdv_photo_001_1749159443482.jpg"",""ext"":""jpg"",""panorama"":false,""isDir"":false}]",MH 318 N QUINCY ST ,OK,2025/06/05,,,North,16:32,A,2,James Atwood,,,2025/06/05,,,2400 LETS,,,Lateral Launch,https://pioneer.sewerai.com/dashboard/review/26725ee3-5713-4f5a-a4c4-e27e15205ae5?t=1.921588&limit=30&offset=0&project=24PV0408+MESA+COUNTY-GATEWAY&ordering=-Inspection_Date&client_reviewed=false&city=COMMERCE,,
COMPLETE,2025-06-05,,622,,6TH ST,OSWEGO ,,,,,,2025/06/05,2400,6 AND MERCHANT,,,James Atwood,Michael Parrish,0,0,0,,,C/O,9T/12T,END,,,,,,0,45.1,97.3,,,,,,,,,2025/06/05,PO,2025/06/05,PO,,Post,SCOTT.LOVELADY@ONEGAS.COM ,1,37.1646,-95.1073,yes,1,1,,9T 12T IS PARTING LINES FOR 614 6TH ST NO CONFLICT WITH GAS,,One Gas,"___json[{""pathname"":""/Collected Media/map_2662324/layer_6728851/mdc_photo_mdc_d010e9_cdv_photo_000_1749132444746.jpg"",""rid"":38792632,""lid"":""6728851"",""fid"":""871"",""field"":""photo_map"",""title"":""mdc_photo_mdc_d010e9_cdv_photo_000_1749132444746.jpg"",""ext"":""jpg"",""panorama"":false,""isDir"":false}]",N/A,0403,COMPLETE,,,,,,,,,,,,,,,,,,,,A,B,C,,,,,,,,,,Lateral Inspection,,,KS,2025/06/05,,,,08:57,,2,James Atwood,,,2025/06/05,,,2400 PO,,,Push Camera,,,
GAS LINE,2025-08-07,,152,,Manor Pl,El Paso,,,,,,2025/08/07,,,,,,,,,,,,,,,,,,,,,,,,,,,,,,,,,,,,Post,,,31.7466,-106.386,,,,,,,One Gas,,,0723,GAS LINE,,,,,,,,,,,,,,,,,,,,,,,,,,,,,,,,,,,TX,2025/08/07,,,,10:30,Gas Service,1,,,,,,,,,,,,,
COMPLETE,2025-09-11,,406,,J ST NW,MIAMI ,,,,,,2025/09/11,2400,K ST NW/3 AVE NW ,,,James Atwood,Michael Parrish,0,0,,,,TAP,END,,,,,,North,9,4.2,,,,9,,,,,,2025/09/11,LETS,2025/09/11,LETS,,Post,SCOTT.LOVELADY@ONEGAS.COM ,,36.8798,-94.8876,yes,1,1,,VOID / COLLAPSE WAS SAME ON PRE ABANDONED ,,One Gas,"___json[{""pathname"":""/Collected Media/map_2662324/layer_6728851/mdc_photo_mdc_14bae1_cdv_photo_011_1757603838662.jpg"",""rid"":40116979,""lid"":""6728851"",""fid"":""1284"",""field"":""photo_map"",""title"":""mdc_photo_mdc_14bae1_cdv_photo_011_1757603838662.jpg"",""ext"":""jpg"",""panorama"":false,""isDir"":false}]",Yes,0406,COMPLETE,ABANDONED PIPE,,,Katy Thompson,Pass,,,COLLAPSED PIPE @ 4FT,,,2025/09/17,,,Charlton Moren,,,Pass,,,A,B,,,,,,,,1,,,Lateral Inspection,,MH 327 I ST NW ,KS,2025/09/11,,,,10:13,A,2,James Atwood,,,2025/09/11,,,2400 LETS,,,Lateral Launch,https://pioneer.sewerai.com/dashboard/review/0fedd624-feee-43e1-b94a-19294cfa3f91?t=0&limit=30&offset=0&status=uploaded&client_reviewed=false&issues=false&ordering=-Inspection_Date&project=25PV0406+ONE+GAS+,,
COMPLETE,2025-05-08,,MH 401 SHERMAN ST,,S MADISON ST,HUTCHINSON,,,,,,2025/05/08,1800,PW-23R3-HUTCHINSON-SHERMAN AND MADISON ,,,Eric Zerr,Tiffanie Gibson,24,29,,,,MH 401,MH 414,,,,,No,,0,291.6,,,,,,,,MH 414 W AVENUE A,,2025/05/08,ML,2025/05/08,ML,,Post,SCOTT.LOVELADY@ONEGAS.COM ,,38.0516,-97.9403,yes,1,1,,,,One Gas,"___json[{""pathname"":""/Collected Media/map_2662324/layer_6728851/mdc_photo_mdc_f4cc90_cdv_photo_000_1746742725992.jpg"",""rid"":38485532,""lid"":""6728851"",""fid"":""693"",""field"":""photo_map"",""title"":""mdc_photo_mdc_f4cc90_cdv_photo_000_1746742725992.jpg"",""ext"":""jpg"",""panorama"":false,""isDir"":false}]",Yes,0406,COMPLETE,,,,,,,,,,,2025/05/14,,,Katy Thompson,,,Pass,,,A,B,,,,,,,291.6,,,291.6,Main Inspection,,401 W SHERMAN ST,KS,2025/05/08,,,South,17:08,TO MH 414 W AVENUE A,2,Eric Zerr,,,2025/05/08,,,1800 LETS,,,CCTV,https://pioneer.sewerai.com/dashboard/review/29a10f54-1f2d-4f8b-bd59-3fc3d3130379?t=4.897798&limit=30&offset=0&project=25PV0406+ONE+GAS+&ordering=Lateral_Segment_Reference&surveyed_by=ERIC+ZERR&client_reviewed=false,,
COMPLETE,2025-05-07,,620,,THURSTON ST ,MANHATTAN ,,,,,,2025/05/07,1800,BERTRAND / N 6 ST ,,,Eric Zerr,Carter Pacheco,76,64,,,,TAP,END,,,,,No,East,175.5,100.1,,,,175.5,,,,,,2025/05/07,LETS,2025/05/07,LETS,,Post,SCOTT.LOVELADY@ONEGAS.COM ,,39.1903,-96.5666,yes,1,1,,NO GAS CROSSING,,One Gas,"___json[{""pathname"":""/Collected Media/map_2662324/layer_6728851/mdc_photo_mdc_421b34_cdv_photo_003_1746646754925.jpg"",""rid"":38471419,""lid"":""6728851"",""fid"":""665"",""field"":""photo_map"",""title"":""mdc_photo_mdc_421b34_cdv_photo_003_1746646754925.jpg"",""ext"":""jpg"",""panorama"":false,""isDir"":false}]",Yes,0406,COMPLETE,THERE ARE NO GAS CROSSINGS THIS LINE IS CLEAR.,,,Katy Thompson,Pass,,,"29'- END NO VISUAL, ON PULLBACK POOR VISUAL 71'- 50', GOES UNDER WATER 42'- 30'",,,2025/05/14,,,Katy Thompson,,,Pass,,,A,B,,,,,,,,1,,,Lateral Inspection,,MH 1106 N JULIETTE AVE ,KS,2025/05/07,,,,14:10,,2,Eric Zerr,,,2025/05/07,,,1800 LETS,,,Lateral Launch,https://pioneer.sewerai.com/dashboard/review/8bad8c6e-a74d-430c-acff-482e75962f3a?t=1.359201&limit=30&offset=0&project=25PV0406+ONE+GAS+&ordering=Lateral_Segment_Reference&surveyed_by=ERIC+ZERR&client_reviewed=false,,
COMPLETE,2025-05-07,,617,,BERTRAND ST,MANHATTAN ,,,,,,2025/05/07,1800,BERTRAND / N 6 ST ,,,Eric Zerr,Carter Pacheco,74,76,,,,TAP,END,,,,,No,East,236.5,74.6,,,,236.5,,,,,,2025/05/07,LETS,2025/05/07,LETS,,Post,SCOTT.LOVELADY@ONEGAS.COM ,,39.1903,-96.5666,yes,1,1,,,,One Gas,"___json[{""pathname"":""/Collected Media/map_2662324/layer_6728851/mdc_photo_mdc_af8535_cdv_photo_004_1746648861333.jpg"",""rid"":38471963,""lid"":""6728851"",""fid"":""675"",""field"":""photo_map"",""title"":""mdc_photo_mdc_af8535_cdv_photo_004_1746648861333.jpg"",""ext"":""jpg"",""panorama"":false,""isDir"":false}]",Yes,0406,COMPLETE,,,,,,,,"POOR VISUAL DUE TO WATER 50'-57', CLEAR ON PULLBACK",,,2025/05/14,,,Katy Thompson,,,Pass,,,A,B,,,,,,,,1,,,Lateral Inspection,,MH 1106 N JULIETTE AVE ,KS,2025/05/07,,,South,15:05,,2,Eric Zerr,,,2025/05/07,,,1800 LETS,,,Lateral Launch,https://pioneer.sewerai.com/dashboard/review/c54d04ed-8778-4937-ad52-1c41426ea86d?t=4.98731&limit=30&offset=0&project=25PV0406+ONE+GAS+&ordering=Lateral_Segment_Reference&surveyed_by=ERIC+ZERR&client_reviewed=false,,
PO,2025-05-07,,618,,THURSTON ST ,MANHATTAN ,,,,,,2025/05/07,1800,BERTRAND/N 6 ST ,,,Eric Zerr,Carter Pacheco,72,50,48,42,,TAP,GSI,12T,END,,,No,East,212.3,24.1,49.7,51,,212.3,,,,,,2025/05/07,LETS,2025/05/07,LETS,,Post,SCOTT.LOVELADY@ONEGAS.COM ,,39.1903,-96.5666,yes,1,1,,,,One Gas,,Yes,0406,PO,,,,,,,,GSI IS CLEAR,,,2025/05/14,,,Katy Thompson,,,Pass,,,A,B,C,D,,,,,,1,,,Lateral Inspection,,MH 1106 N JULIETTE AVE ,KS,2025/05/07,,,,14:35,,2,Eric Zerr,,,2025/05/07,,,1800 LETS,,,Lateral Launch,https://pioneer.sewerai.com/dashboard/review/6d3e184c-fd6f-4e8e-8662-1cddf926cfae?t=1.703337&limit=30&offset=0&project=25PV0406+ONE+GAS+&ordering=Lateral_Segment_Reference&surveyed_by=ERIC+ZERR&client_reviewed=false,,
COMPLETE NO BILL,2025-08-05,,Extra tap 6,,W 15th St,Monahans  ,,,,,,2025/08/05,---------------------,15TH ST Monaghan ,,,---------------------,---------------------,,,,,,Capped 12T,,,,,,No,,10,,,,,,,,,,,2025/08/05,LETS,2025/08/05,LETS,,Post,Z,,31.5809,-102.888,yes,1,1,,"Truck5100 Lead - Christian E. Tech - Derek K. 
Capped 12T",,One Gas,"___json[{""pathname"":""/Collected Media/map_2662324/layer_6728851/mdc_photo_mdc_1d9c06_cdv_photo_001_1754421497179.jpg"",""rid"":39612774,""lid"":""6728851"",""fid"":""1003"",""field"":""photo_map"",""title"":""mdc_photo_mdc_1d9c06_cdv_photo_001_1754421497179.jpg"",""ext"":""jpg"",""panorama"":false,""isDir"":false}]",N/A,0723,COMPLETE NO BILL,,,,,,,,,,,,,,,,,,,,A,,,,,,,,,1,,,Lateral Inspection,"___json[{""pathname"":""/Collected Media/map_2662324/layer_6728851/mdc_photo_mdc_22bf4c_cdv_photo_000_1754421497179.jpg"",""rid"":39612773,""lid"":""6728851"",""fid"":""1003"",""field"":""site_photos"",""title"":""mdc_photo_mdc_22bf4c_cdv_photo_000_1754421497179.jpg"",""ext"":""jpg"",""panorama"":false,""isDir"":false}]",,TX,2025/08/05,,,,14:12,,2,---------------------,,,2025/08/04,,,-----------------,,,Lateral Launch,,,
GAS LINE,2025-06-05,,,,,,,,,,,,,,,,,,,,,,,,,,,,,,,,,,,,,,,,,,,,,,,Post,,,38.9586,-94.701,,,,,,,One Gas,,,0406,GAS LINE,,,,,,,,,,,,,,,,,,,,,,,,,,,,,,,,,,,,2025/06/05,,,,,,1,,,,,,,,,,,,,
GAS LINE,2025-06-05,,,,,,,,,,,,,,,,,,,,,,,,,,,,,,,,,,,,,,,,,,,,,,,Post,,,38.9586,-94.7011,,,,,,,One Gas,,,0406,GAS LINE,,,,,,,,,,,,,,,,,,,,,,,,,,,,,,,,,,,,2025/06/05,,,,,,1,,,,,,,,,,,,,
GAS LINE,2025-08-07,,156,,Manor Pl,El Paso,,,,,,2025/08/07,,,,,,,,,,,,,,,,,,,,,,,,,,,,,,,,,,,,Post,,,31.7466,-106.386,,,,,,,One Gas,,,0723,GAS LINE,,,,,,,,,,,,,,,,,,,,,,,,,,,,,,,,,,,TX,2025/08/07,,,,10:32,Gas Service,1,,,,,,,,,,,,,
GAS LINE,2025-08-07,,7605,,Alpine Dr,El Paso,,,,,,2025/08/07,,,,,,,,,,,,,,,,,,,,,,,,,,,,,,,,,,,,Post,,,31.76,-106.362,,,,,,,One Gas,,,0723,GAS LINE,,,,,,,,,,,,,,,,,,,,,,,,,,,,,,,,,,,TX,2025/08/07,,,,15:39,Gas Service,1,,,,,,,,,,,,,
COMPLETE,2025-09-11,,412,,J ST NW,MIAMI ,,,,,,2025/09/11,2400,K ST NW/3 AVE NW ,,,James Atwood,Michael Parrish,0,0,,,,TAP,END,,,,,,North,106.6,105.5,,,,106.6,,,,,,2025/09/11,LETS,2025/09/11,LETS,,Post,SCOTT.LOVELADY@ONEGAS.COM ,,36.8802,-94.8879,yes,1,1,,NO NEW GAS / LINE IS UNDER WATER,,One Gas,"___json[{""pathname"":""/Collected Media/map_2662324/layer_6728851/mdc_photo_mdc_d9f0c8_cdv_photo_017_1757608971477.jpg"",""rid"":40117925,""lid"":""6728851"",""fid"":""1293"",""field"":""photo_map"",""title"":""mdc_photo_mdc_d9f0c8_cdv_photo_017_1757608971477.jpg"",""ext"":""jpg"",""panorama"":false,""isDir"":false}]",Yes,0406,COMPLETE,THERE ARE NO GAS CROSSINGS. NO NEW GAS / LINE IS UNDER WATER,,,Katy Thompson,Pass,,,"BAD VISUAL FROM 30FT TO END, NOT CLEAR ON PULLBACK",,,2025/09/17,,,Charlton Moren,,,Pass,,,A,B,,,,,,,,1,,,Lateral Inspection,,MH 327 I ST NW ,OK,2025/09/11,,,,11:38,,2,James Atwood,,,2025/09/11,,,2400 LETS,,,Lateral Launch,https://pioneer.sewerai.com/dashboard/review/2c83b010-c635-4f9f-82ca-e1d190b98299?t=1&limit=30&offset=0&status=uploaded&client_reviewed=false&issues=false&ordering=-Inspection_Date&project=25PV0406+ONE+GAS+,,
COMPLETE,2025-05-07,,MH 1106 N JULIETTE AVE ,,JULIETTE AVE,MANHATTAN,,,,,,2025/05/07,1800,BERTRAND / N 6 ST ,,,Eric Zerr,Carter Pacheco,87,72,72,,,MH 1106 N JULIETTE AVE ,GMI,END,,,,No,,0,211.8,257.7,,,,,,,,,2025/05/07,LETS,2025/05/07,LETS,,Post,SCOTT.LOVELADY@ONEGAS.COM ,,39.1903,-96.5666,yes,1,1,,,,One Gas,,Yes,0406,COMPLETE,,,,,,,,,,,2025/05/14,,,Katy Thompson,,,Pass,,,A,B,C,,,,,,,,,,Main Inspection,,MH 1106 N JULIETTE AVE ,KS,2025/05/07,,,North,15:38,TO EAST,2,Eric Zerr,,,2025/05/07,,,1800 LETS,,,Lateral Launch,https://pioneer.sewerai.com/dashboard/review/19eb699b-fe42-4ce9-bd9a-d314280400ee?t=2.257799&limit=30&offset=0&project=25PV0406+ONE+GAS+&ordering=Lateral_Segment_Reference&surveyed_by=ERIC+ZERR&client_reviewed=false,,
COMPLETE,2025-05-09,,2136,,2ND ST,WICHITA ,,,,,,2025/05/09,2400,WICHITA-3RD AND ST CLAIR ,,,Edgar Atwood,Michael Parrish,0,27,0,,,TAP,GMI,END,,,,,West,329.1,2.9,5.2,,,329.1,,,,,,2025/05/09,LETS,2025/05/09,LETS,,Post,SCOTT.LOVELADY@ONEGAS.COM ,,37.6879,-97.3654,yes,1,1,,ENDED AT P TRAP,,One Gas,"___json[{""pathname"":""/Collected Media/map_2662324/layer_6728851/mdc_photo_mdc_73c41f_cdv_photo_003_1746815463354.jpg"",""rid"":38495948,""lid"":""6728851"",""fid"":""764"",""field"":""photo_map"",""title"":""mdc_photo_mdc_73c41f_cdv_photo_003_1746815463354.jpg"",""ext"":""jpg"",""panorama"":false,""isDir"":false}]",Yes,0406,COMPLETE,,,,,,,,CLEAR ON PULLBACK,,,2025/05/16,,,Katy Thompson,,,Pass,,,A,B,,,,,,,,1,,,Lateral Inspection,"___json[{""pathname"":""/Collected Media/map_2662324/layer_6728851/mdc_photo_mdc_8c5b13_cdv_photo_002_1746815425158.jpg"",""rid"":38495940,""lid"":""6728851"",""fid"":""764"",""field"":""site_photos"",""title"":""mdc_photo_mdc_8c5b13_cdv_photo_002_1746815425158.jpg"",""ext"":""jpg"",""panorama"":false,""isDir"":false}]",MH 2026 W 2ND ST,KS,2025/05/09,,,West,13:18,,2,Edgar Atwood,,,2025/05/09,,,2400 LETS,,,Lateral Launch,https://pioneer.sewerai.com/dashboard/review/b3db85fb-f038-40e9-a359-314780b88a56?t=0&limit=30&offset=0&client_reviewed=false&project=25PV0406+ONE+GAS+,,
COMPLETE,2025-06-04,,625 ,,MERCHANT ST,OSWEGO ,,,,,,2025/06/04,2400,6 AND MERCHANT,,,James Atwood,Michael Parrish,0,46,0,16,0,TAP,GSI,VCO/12T,GSI,END,,,North,34.6,1.3,14.1,17.1,85.5,34.6,,,,,,2025/06/04,LETS,2025/06/04,LETS,,Post,SCOTT.LOVELADY@ONEGAS.COM ,,37.1637,-95.1082,yes,1,1,,CLEAR,,One Gas,"___json[{""pathname"":""/Collected Media/map_2662324/layer_6728851/mdc_photo_mdc_b57651_cdv_photo_000_1749046486368.jpg"",""rid"":38777422,""lid"":""6728851"",""fid"":""819"",""field"":""photo_map"",""title"":""mdc_photo_mdc_b57651_cdv_photo_000_1749046486368.jpg"",""ext"":""jpg"",""panorama"":false,""isDir"":false}]",Yes,0403,COMPLETE,2 GSI'S ARE CLEAR. THIS LINE IS CLEAR.,,,Katy Thompson,Pass,,,"POOR VISUAL 8'-11.3', 44'- 56.5', UNDER WATER, NOT CLEAR ON PULLBACK, GSI IS CLEAR",,,2025/06/17,,,Katy Thompson,,,Pass,,,A,B,C,D,,,,,,1,,,Lateral Inspection,"___json[{""pathname"":""/Collected Media/map_2662324/layer_6728851/mdc_photo_mdc_7d0f13_cdv_photo_000_1749046051216.jpg"",""rid"":38777317,""lid"":""6728851"",""fid"":""819"",""field"":""site_photos"",""title"":""mdc_photo_mdc_7d0f13_cdv_photo_000_1749046051216.jpg"",""ext"":""jpg"",""panorama"":false,""isDir"":false},{""pathname"":""/Collected Media/map_2662324/layer_6728851/mdc_photo_mdc_40fe18_cdv_photo_001_1749046051216.jpg"",""rid"":38777318,""lid"":""6728851"",""fid"":""819"",""field"":""site_photos"",""title"":""mdc_photo_mdc_40fe18_cdv_photo_001_1749046051216.jpg"",""ext"":""jpg"",""panorama"":false,""isDir"":false},{""pathname"":""/Collected Media/map_2662324/layer_6728851/mdc_photo_mdc_00597a_cdv_photo_002_1749046051216.jpg"",""rid"":38777319,""lid"":""6728851"",""fid"":""819"",""field"":""site_photos"",""title"":""mdc_photo_mdc_00597a_cdv_photo_002_1749046051216.jpg"",""ext"":""jpg"",""panorama"":false,""isDir"":false}]",MH 635 MERCHANT ST ,KS,2025/06/04,,,,09:03,,2,James Atwood,,,2025/06/04,,,2400 LETS,,,Lateral Launch,https://pioneer.sewerai.com/dashboard/review/9cd16ada-13f5-4c51-ab41-f3fc82fb4808?t=4.22273&limit=30&offset=0&project=24PV0408+MESA+COUNTY-GATEWAY&city=OSWEGO&client_reviewed=false,,
OFFICE REVIEW,2025-05-08,,414,,SHERMAN ST,HUTCHINSON ,,,,,,2025/05/08,2400,PW-23R3-HUTCHINSON-SHERMAN AND MADISON ,,,Edgar Atwood,Michael Parrish,0,27,0,0,0,TAP,GMI,12T,3T,3T,,,West,194.5,5.2,34.9,75,90.7,194.5,,,,,12T @ 95.9 FT / 0 DEPTH,2025/05/08,LETS,2025/05/08,LETS,,Post,SCOTT.LOVELADY@ONEGAS.COM ,,38.0528,-97.9393,yes,1,1,,,,One Gas,"___json[{""pathname"":""/Collected Media/map_2662324/layer_6728851/mdc_photo_mdc_6a73a7_cdv_photo_004_1746728660912.jpg"",""rid"":38483521,""lid"":""6728851"",""fid"":""716"",""field"":""photo_map"",""title"":""mdc_photo_mdc_6a73a7_cdv_photo_004_1746728660912.jpg"",""ext"":""jpg"",""panorama"":false,""isDir"":false}]",Yes,0406,OFFICE REVIEW,,,,,,,,,,,2025/05/16,,,Katy Thompson,,,Pass,,,A,B,C,D,E,,,,,1,,,Lateral Inspection,"___json[{""pathname"":""/Collected Media/map_2662324/layer_6728851/mdc_photo_mdc_1d19a0_cdv_photo_001_1746728597017.jpg"",""rid"":38483507,""lid"":""6728851"",""fid"":""716"",""field"":""site_photos"",""title"":""mdc_photo_mdc_1d19a0_cdv_photo_001_1746728597017.jpg"",""ext"":""jpg"",""panorama"":false,""isDir"":false},{""pathname"":""/Collected Media/map_2662324/layer_6728851/mdc_photo_mdc_75b1a5_cdv_photo_002_1746728597017.jpg"",""rid"":38483508,""lid"":""6728851"",""fid"":""716"",""field"":""site_photos"",""title"":""mdc_photo_mdc_75b1a5_cdv_photo_002_1746728597017.jpg"",""ext"":""jpg"",""panorama"":false,""isDir"":false},{""pathname"":""/Collected Media/map_2662324/layer_6728851/mdc_photo_mdc_73d8b2_cdv_photo_003_1746728597017.jpg"",""rid"":38483509,""lid"":""6728851"",""fid"":""716"",""field"":""site_photos"",""title"":""mdc_photo_mdc_73d8b2_cdv_photo_003_1746728597017.jpg"",""ext"":""jpg"",""panorama"":false,""isDir"":false}]",MH 400 W SHERMAN ST ,KS,2025/05/08,,,West,12:43,,2,Edgar Atwood,,,2025/05/08,,,2400 LETS,,,Lateral Launch,https://pioneer.sewerai.com/dashboard/review/bd1c5448-2aca-4816-8087-8d310e3c7e91?t=3.295331&limit=30&offset=0&project=25PV0406+ONE+GAS+&client_reviewed=false,,
OFFICE REVIEW,2025-08-05,,913,,SW 1st St,Andrews,,,,,,,4600,One Gas,,,Jason Claunch,Kyle Graham ,,,,,,,,,,,,,,,,,,,,,,,,,,,,,,Post,One Gaa,,31.8204,-102.415,,,,,"8/4/2025 4600 no Co on property, could not access through mainline. Leaving under review for further instructions ",,One Gas,,N/A,0405,OFFICE REVIEW,,,,,,,,,,,,,,,,,,,,,,,,,,,,,,,,Lateral Inspection,"___json[{""pathname"":""/Collected Media/map_2662324/layer_6728851/mdc_photo_mdc_fbce33_cdv_photo_008_1754425274953.jpg"",""rid"":39613448,""lid"":""6728851"",""fid"":""1012"",""field"":""site_photos"",""title"":""mdc_photo_mdc_fbce33_cdv_photo_008_1754425274953.jpg"",""ext"":""jpg"",""panorama"":false,""isDir"":false}]",,TX,2025/08/05,,,,,,2,N/A,,,,,,N/A,,,,,,
COMPLETE NO BILL,2025-08-04,,101,,E 15th St,Monahans,,,,,,2025/08/04,4600,One Gas,,,Jason Claunch,Kyle Graham ,,,,,,End,9T,,,,,,,122,46.5,,,,,,,,,,2025/08/04,LETS,2025/08/04,LETS,,Post,One Gas,,31.5813,-102.887,yes,1,1,,8/4/2025 4600 ran this section of main but encountered a hard blockage that we cannot get past. We believe line is damaged at 122’. Section ran is clear.,,One Gas,"___json[{""pathname"":""/Collected Media/map_2662324/layer_6728851/mdc_photo_mdc_3eeb35_cdv_photo_052_1754354556679.jpg"",""rid"":39599088,""lid"":""6728851"",""fid"":""989"",""field"":""photo_map"",""title"":""mdc_photo_mdc_3eeb35_cdv_photo_052_1754354556679.jpg"",""ext"":""jpg"",""panorama"":false,""isDir"":false}]",N/A,0723,COMPLETE NO BILL,,,,,,,,,,,,,,,,,,,,,,,,,,,,122,,,122,Lateral Inspection,"___json[{""pathname"":""/Collected Media/map_2662324/layer_6728851/mdc_photo_mdc_0dad3c_cdv_photo_1754354211_1754354339011.jpg"",""rid"":39598977,""lid"":""6728851"",""fid"":""989"",""field"":""site_photos"",""title"":""mdc_photo_mdc_0dad3c_cdv_photo_1754354211_1754354339011.jpg"",""ext"":""jpg"",""panorama"":false,""isDir"":false},{""pathname"":""/Collected Media/map_2662324/layer_6728851/mdc_photo_mdc_1aa5f8_cdv_photo_1754354217_1754354339011.jpg"",""rid"":39598978,""lid"":""6728851"",""fid"":""989"",""field"":""site_photos"",""title"":""mdc_photo_mdc_1aa5f8_cdv_photo_1754354217_1754354339011.jpg"",""ext"":""jpg"",""panorama"":false,""isDir"":false},{""pathname"":""/Collected Media/map_2662324/layer_6728851/mdc_photo_mdc_dadbfa_cdv_photo_1754354222_1754354339011.jpg"",""rid"":39598979,""lid"":""6728851"",""fid"":""989"",""field"":""site_photos"",""title"":""mdc_photo_mdc_dadbfa_cdv_photo_1754354222_1754354339011.jpg"",""ext"":""jpg"",""panorama"":false,""isDir"":false},{""pathname"":""/Collected Media/map_2662324/layer_6728851/mdc_photo_mdc_99d6e6_cdv_photo_050_1754354339011.jpg"",""rid"":39598980,""lid"":""6728851"",""fid"":""989"",""field"":""site_photos"",""title"":""mdc_photo_mdc_99d6e6_cdv_photo_050_1754354339011.jpg"",""ext"":""jpg"",""panorama"":false,""isDir"":false},{""pathname"":""/Collected Media/map_2662324/layer_6728851/mdc_photo_mdc_f08633_cdv_photo_051_1754354339011.jpg"",""rid"":39598981,""lid"":""6728851"",""fid"":""989"",""field"":""site_photos"",""title"":""mdc_photo_mdc_f08633_cdv_photo_051_1754354339011.jpg"",""ext"":""jpg"",""panorama"":false,""isDir"":false}]",101 E 15th St ,TX,2025/08/04,,,East,19:34,MH ML E,2,N/A,,,,,,N/A,,,CCTV,,,
COMPLETE,2025-06-06,,7501,,98TH ST ,LENEXA ,,,,,,2025/06/06,1800,VISTA VILLAGE (PRAIRIE STAR PKWY/RIDGEVIEW) ,,,Eric Zerr,Carter Pacheco,0,126,0,,,TAP,GMI,END,,,,No,North,115.1,43,45.4,,,115.1,,,,,,2025/06/06,LETS,2025/06/06,LETS,,Post,SCOTT.LOVELADY@ONEGAS.COM ,,38.9547,-94.7911,yes,1,1,,,,One Gas,"___json[{""pathname"":""/Collected Media/map_2662324/layer_6728851/mdc_photo_mdc_25c3d6_cdv_photo_001_1749219456785.jpg"",""rid"":38806786,""lid"":""6728851"",""fid"":""925"",""field"":""photo_map"",""title"":""mdc_photo_mdc_25c3d6_cdv_photo_001_1749219456785.jpg"",""ext"":""jpg"",""panorama"":false,""isDir"":false}]",Yes,0403,COMPLETE,,,,,,,,,,,2025/06/06,,,Katy Thompson,,,Pass,,,A,B,C,,,,,,,1,,,Lateral Inspection,"___json[{""pathname"":""/Collected Media/map_2662324/layer_6728851/mdc_photo_mdc_64497e_cdv_photo_000_1749219246868.jpg"",""rid"":38806760,""lid"":""6728851"",""fid"":""925"",""field"":""site_photos"",""title"":""mdc_photo_mdc_64497e_cdv_photo_000_1749219246868.jpg"",""ext"":""jpg"",""panorama"":false,""isDir"":false}]",MH 17501 W 98TH ST ,KS,2025/06/06,,,West,09:09,B,2,Eric Zerr,,,2025/06/06,,,1800 LETS,,,Lateral Launch,https://pioneer.sewerai.com/dashboard/review/00002e99-34fe-469d-898e-781daff5969e?t=1.513873&limit=30&offset=0&project=24PV0408+MESA+COUNTY-GATEWAY&ordering=-Inspection_Date&client_reviewed=false&city=LENEXA,,
COMPLETE,2025-06-06,,17501 ,,98TH ST,LENEXA ,,,,,,2025/06/06,1800,VISTA VILLAGE PRAIRIE STAR PKWY,,,Eric Zerr,Edgar Atwood ,0,113,0,,,TAP,GMI,END,,,,,,44.9,41.5,43.2,,,,,,,,,2025/06/06,LETS,2025/06/06,LETS,,Post,Scott.Lovelady@onegas.com ,,38.9548,-94.791,yes,1,1,,,,One Gas,"___json[{""pathname"":""/Collected Media/map_2662324/layer_6728851/mdc_photo_mdc_a04b14_cdv_photo_000_1749217618874.jpg"",""rid"":38806581,""lid"":""6728851"",""fid"":""923"",""field"":""photo_map"",""title"":""mdc_photo_mdc_a04b14_cdv_photo_000_1749217618874.jpg"",""ext"":""jpg"",""panorama"":false,""isDir"":false}]",Yes,0403,COMPLETE,,,,,,,,,,,2025/06/06,,,Katy Thompson,,,Pass,,,A,B,,,,,,,,1,,,Lateral Inspection,"___json[{""pathname"":""/Collected Media/map_2662324/layer_6728851/mdc_photo_mdc_50cff0_cdv_photo_1749216683_1749217020522.jpg"",""rid"":38806533,""lid"":""6728851"",""fid"":""923"",""field"":""site_photos"",""title"":""mdc_photo_mdc_50cff0_cdv_photo_1749216683_1749217020522.jpg"",""ext"":""jpg"",""panorama"":false,""isDir"":false}]",MH 17501 W 98TH ST,KS,2025/06/06,,,,08:31,,2,Eric Zerr,,,2025/06/06,,,1800 LETS,,,Lateral Launch,https://pioneer.sewerai.com/dashboard/review/e53891a4-832d-4518-b717-286a2775e372?t=1.379508&limit=30&offset=0&project=24PV0408+MESA+COUNTY-GATEWAY&ordering=-Inspection_Date&client_reviewed=false&city=LENEXA,,
PO,2025-06-05,,9401,,MOODY PARK DR,OVERLAND PARK ,,,,,,,1800,SOUTHDALE/95 AND NEIMAN ,,,Eric Zerr,,0,0,,,,TAP,END/ROOTBALL,,,,,,North,7.7,1.3,,,,7.7,,,,TO NORTH,,2025/06/05,LETS,,,,Post,SCOTT.LOVELADY@ONEGAS.COM ,,38.9586,-94.7011,yes,1,1,,TECH IS CHRIS. NEED PO,,One Gas,,No,0403,PO,,,,,,,,CAN'T GET TO FOUNDATION DUE TO RB,,,2025/06/05,,,Katy Thompson,,,Fail,,,A,,,,,,,,,1,,,Lateral Inspection,,MH 9403 MOODY PARK DR ,KS,2025/06/05,,,,,,2,Eric Zerr,,,2025/06/05,,,1800 LETS,,,Lateral Launch,https://pioneer.sewerai.com/dashboard/review/07af7242-8354-41b2-ad15-28ca366faf16?t=0.995242&limit=30&offset=0&project=24PV0408+MESA+COUNTY-GATEWAY&status=uploaded&client_reviewed=false,,
OFFICE REVIEW,2025-08-05,,108,,SW Ave G,Andrews,,,,,,,4600,One Gas,,,Jason Claunch,Kyle Graham ,,,,,,,,,,,,,,,,,,,,,,,,,,,,,,Post,One Gas,,31.7239,-102.622,,,,,8/5/2025 4600 opened MH and attempted to run with 6” and 8” tires on tractor but could not make it 5’ past the opening. Made several attempts but could not keep and maintain visual. Placing under office review.,,One Gas,,N/A,0723,OFFICE REVIEW,,,,,,,,,,,,,,,,,,,,,,,,,,,,,,,,Main Inspection,"___json[{""pathname"":""/Collected Media/map_2662324/layer_6728851/mdc_photo_mdc_be56f9_cdv_photo_009_1754425909930.jpg"",""rid"":39613511,""lid"":""6728851"",""fid"":""1013"",""field"":""site_photos"",""title"":""mdc_photo_mdc_be56f9_cdv_photo_009_1754425909930.jpg"",""ext"":""jpg"",""panorama"":false,""isDir"":false}]",,TX,2025/08/05,,,,,MH ML S,2,N/A,,,,,,N/A,,,,,,
COMPLETE,2025-09-11,,217,,K ST NW,MIAMI,,,,,,2025/09/11,1700,K ST NW/3 AVE NW ,,,Edgar Atwood,Carter Pacheco,0,0,0,0,,TAP,12T,12T,END,,,No,North,258.3,28.3,134.8,158,,258.3,,,,,,2025/09/11,LETS,2025/09/11,LETS,,Post,SCOTT.LOVELADY@ONEGAS.COM ,,36.8777,-94.8902,yes,1,1,,,,One Gas,"___json[{""pathname"":""/Collected Media/map_2662324/layer_6728851/mdc_photo_mdc_f3ce2f_cdv_photo_000_1757610312213.jpg"",""rid"":40118268,""lid"":""6728851"",""fid"":""1295"",""field"":""photo_map"",""title"":""mdc_photo_mdc_f3ce2f_cdv_photo_000_1757610312213.jpg"",""ext"":""jpg"",""panorama"":false,""isDir"":false}]",Yes,0406,COMPLETE,,,,,,,,PASS-CAM,,,2025/09/17,,,Charlton Moren,,,Pass,,,A,B,C,D,,,,,,1,,,Lateral Inspection,,MH 203 K ST NW ,OK,2025/09/11,,,,12:00,,2,Edgar Atwood,,,2025/09/11,,,1700 LETS,,,Lateral Launch,https://pioneer.sewerai.com/dashboard/review/af1083d8-fbb8-4ce1-b7c4-b4782c0c8c8b?t=1&limit=30&offset=0&status=uploaded&client_reviewed=false&issues=false&ordering=-Inspection_Date&project=25PV0406+ONE+GAS+,,
COMPLETE,2025-06-04,,702,,COMMERCIAL ST,OSWEGO ,,,,,,2025/06/04,2400,6 AND MERCHANT,,,James Atwood,Michael Parrish,0,39,0,,,C/O,GMI,END,,,,,,0,87.4,100.1,,,,,,,,,2025/06/04,PO,2025/06/04,PO,,Post,SCOTT.LOVELADY@ONEGAS.COM ,1,37.1637,-95.1082,yes,1,1,,MISSED TAP IN MAIN SEWER LINE PUSHED TO CLEAR,,One Gas,,No,0403,COMPLETE,,,,,,,,"PIPE IS DAMAGED @ 3.4', GAS CROSSBORE BOTH SEWER AND GAS 29 INCHES 14.9'.",,,2025/09/22,,,Katy Thompson,,,Fail,,,A,B,C,,,,,,,,,,Lateral Inspection,"___json[{""pathname"":""/Collected Media/map_2662324/layer_6728851/mdc_photo_mdc_199505_cdv_photo_000_1749066723796.jpg"",""rid"":38782690,""lid"":""6728851"",""fid"":""846"",""field"":""site_photos"",""title"":""mdc_photo_mdc_199505_cdv_photo_000_1749066723796.jpg"",""ext"":""jpg"",""panorama"":false,""isDir"":false}]",,KS,2025/06/04,,,,14:48,A,2,James Atwood,,,2025/06/04,,,2400 PO,,,Push Camera,https://pioneer.sewerai.com/dashboard/review/f7b92c19-527c-464a-816a-7647afd8d965?t=0&limit=30&offset=0&city=OSWEGO&lateral_segment_reference=702+Commercial+St,,
COMPLETE,2025-05-06,,301,,SW LINDENWOOD AVE ,TOPEKA ,,,,,,2025/05/06,1800,PW-24R2-TOPEKA-2ND AND ORCHARD ,,,Eric Zerr,Carter Pacheco,137,47,50,,,TAP,GMI,END,,,,No,West,74.1,15,32.5,,,74.1,,,,,,2025/05/06,LETS,2025/05/06,LETS,,Post,SCOTT.LOVELADY@ONEGAS.COM ,,39.0615,-95.7002,yes,1,1,,,,One Gas,"___json[{""pathname"":""/Collected Media/map_2662324/layer_6728851/mdc_photo_mdc_9f8d83_cdv_photo_008_1758297380656.jpg"",""rid"":40224729,""lid"":""6728851"",""fid"":""614"",""field"":""photo_map"",""title"":""mdc_photo_mdc_9f8d83_cdv_photo_008_1758297380656.jpg"",""ext"":""jpg"",""panorama"":false,""isDir"":false}]",Yes,0406,COMPLETE,VISUALL ON PULLBACK IS CLEAR ENOUGH TO SEE THAT THERE ARE NO CONFLICTS. THIS LINE IS CLEAR. ,,,Katy Thompson,Pass,,,"POOR VISAL DEBRIS ON CAMERA BLOCKS VIEW, NO VISUAL @ GMI",,,2025/05/08,,,Katy Thompson,,,Pass,,,A,B,C,,,,,,,1,,,Lateral Inspection,,MH 320 SW LINDENWOOD AVE ,KS,2025/05/06,,,South,14:20,,2,Eric Zerr,,,2025/05/06,,,1800 LETS,,,Lateral Launch,https://pioneer.sewerai.com/dashboard/review/7e45feb8-f41c-4a37-aef2-7c1c8aedb6a5?t=0&limit=30&offset=0&project=25PV0406+ONE+GAS+&ordering=Inspection_Date&client_reviewed=false,,
COMPLETE NO BILL,2025-08-04,,1511,,S Helen St,Monahans,,,,,,2025/08/04,4600,One Gas,,,Jason Claunch,Kyle Graham ,,,,,,End,,,,,,,,14,,,,,,,,,,,2025/08/05,PO,2025/08/05,PO,,Post,One Gas,1,31.9145,-102.324,yes,1,1,,"8/4/2025 4600 pushed under foundation, this section is clear. This ties into the main lateral",,One Gas,"___json[{""pathname"":""/Collected Media/map_2662324/layer_6728851/mdc_photo_mdc_5364a5_cdv_photo_012_1754395304937.jpg"",""rid"":39605672,""lid"":""6728851"",""fid"":""992"",""field"":""photo_map"",""title"":""mdc_photo_mdc_5364a5_cdv_photo_012_1754395304937.jpg"",""ext"":""jpg"",""panorama"":false,""isDir"":false}]",N/A,0723,COMPLETE NO BILL,,,,,,,,,,,,,,,,,,,,,,,,,,,,,,,,Lateral Inspection,"___json[{""pathname"":""/Collected Media/map_2662324/layer_6728851/mdc_photo_mdc_825534_cdv_photo_003_1754395268232.jpg"",""rid"":39605660,""lid"":""6728851"",""fid"":""992"",""field"":""site_photos"",""title"":""mdc_photo_mdc_825534_cdv_photo_003_1754395268232.jpg"",""ext"":""jpg"",""panorama"":false,""isDir"":false},{""pathname"":""/Collected Media/map_2662324/layer_6728851/mdc_photo_mdc_ff4ab3_cdv_photo_010_1754395268232.jpg"",""rid"":39605661,""lid"":""6728851"",""fid"":""992"",""field"":""site_photos"",""title"":""mdc_photo_mdc_ff4ab3_cdv_photo_010_1754395268232.jpg"",""ext"":""jpg"",""panorama"":false,""isDir"":false}]",,TX,2025/08/04,,,,06:55,A ET 1,2,Kyle Graham ,,,2025/08/05,,,-----------------,,,Push Camera,,,
COMPLETE NO BILL,2025-08-04,,1509,,S Helen St,Monahans,,,,,,2025/08/04,4600,One Gas,,,Jason Claunch,Kyle Graham ,,,,,,End,,,,,,,,79,,,,,,,,,,,2025/08/04,PO,2025/08/04,PO,,Post,One Gas,1,31.8734,-102.313,yes,1,1,,"8/4/2025 4600 pushed cleanout mainline to mainline in alley, this section is clear. ",,One Gas,"___json[{""pathname"":""/Collected Media/map_2662324/layer_6728851/mdc_photo_mdc_d1a98a_cdv_photo_028_1754396964570.jpg"",""rid"":39606279,""lid"":""6728851"",""fid"":""991"",""field"":""photo_map"",""title"":""mdc_photo_mdc_d1a98a_cdv_photo_028_1754396964570.jpg"",""ext"":""jpg"",""panorama"":false,""isDir"":false}]",N/A,0723,COMPLETE NO BILL,,,,,,,,,,,,,,,,,,,,,,,,,,,,79,,,79,Main Inspection,"___json[{""pathname"":""/Collected Media/map_2662324/layer_6728851/mdc_photo_mdc_149648_cdv_photo_002_1754394313640.jpg"",""rid"":39605523,""lid"":""6728851"",""fid"":""991"",""field"":""site_photos"",""title"":""mdc_photo_mdc_149648_cdv_photo_002_1754394313640.jpg"",""ext"":""jpg"",""panorama"":false,""isDir"":false}]",,TX,2025/08/04,,,,21:26,D CO ML W,2,N/A,,,,,,N/A,,,Push Camera,,,
COMPLETE NO BILL,2025-08-04,,1513,,S Helen St,Monahans ,,,,,,2025/08/04,4600,One Gas,,,Jason Claunch,Kyle Graham ,,,,,,End,,,,,,,,17,,,,,,,,,,,2025/08/04,PO,2025/08/04,PO,,Post,One Gas,1,31.581,-102.888,yes,1,1,,"8/4/2025 4600 pushed lateral that goes under foundation, this lateral ties into back CO. This is clear.",,One Gas,"___json[{""pathname"":""/Collected Media/map_2662324/layer_6728851/mdc_photo_mdc_4aa89e_cdv_photo_016_1754396415520.jpg"",""rid"":39605941,""lid"":""6728851"",""fid"":""982"",""field"":""photo_map"",""title"":""mdc_photo_mdc_4aa89e_cdv_photo_016_1754396415520.jpg"",""ext"":""jpg"",""panorama"":false,""isDir"":false}]",N/A,0723,COMPLETE NO BILL,,,,,,,,,,,,,,,,,,,,,,,,,,,,,,,,Lateral Inspection,"___json[{""pathname"":""/Collected Media/map_2662324/layer_6728851/mdc_photo_mdc_33dfe5_cdv_photo_031_1754349907609.jpg"",""rid"":39598736,""lid"":""6728851"",""fid"":""982"",""field"":""site_photos"",""title"":""mdc_photo_mdc_33dfe5_cdv_photo_031_1754349907609.jpg"",""ext"":""jpg"",""panorama"":false,""isDir"":false},{""pathname"":""/Collected Media/map_2662324/layer_6728851/mdc_photo_mdc_fe4ba4_cdv_photo_017_1754396415520.jpg"",""rid"":39605940,""lid"":""6728851"",""fid"":""982"",""field"":""site_photos"",""title"":""mdc_photo_mdc_fe4ba4_cdv_photo_017_1754396415520.jpg"",""ext"":""jpg"",""panorama"":false,""isDir"":false}]",,TX,2025/08/04,,,,16:52,D ET 1,2,Kyle Graham ,,,2025/08/04,,,----------------,,,Push Camera,,,
COMPLETE NO BILL,2025-08-04,,1511,,S Helen St,Monahans,,,,,,2025/08/04,4600,One Gas,,,Jason Claunch,Kyle Graham ,,,,,,End,,,,,,,,55,,,,,,,,,,,2025/08/04,PO,2025/08/04,PO,,Post,One Gas,1,31.5811,-102.888,yes,1,1,,"8/4/2025 4600 pushed from clean out mainline this lateral is clear, does tie in with other half of property.",,One Gas,"___json[{""pathname"":""/Collected Media/map_2662324/layer_6728851/mdc_photo_mdc_19d23f_cdv_photo_013_1754395343474.jpg"",""rid"":39605677,""lid"":""6728851"",""fid"":""987"",""field"":""photo_map"",""title"":""mdc_photo_mdc_19d23f_cdv_photo_013_1754395343474.jpg"",""ext"":""jpg"",""panorama"":false,""isDir"":false}]",N/A,0723,COMPLETE NO BILL,,,,,,,,,,,,,,,,,,,,,,,,,,,,,,,,Lateral Inspection,"___json[{""pathname"":""/Collected Media/map_2662324/layer_6728851/mdc_photo_mdc_5357e7_cdv_photo_045_1754352078570.jpg"",""rid"":39598815,""lid"":""6728851"",""fid"":""987"",""field"":""site_photos"",""title"":""mdc_photo_mdc_5357e7_cdv_photo_045_1754352078570.jpg"",""ext"":""jpg"",""panorama"":false,""isDir"":false},{""pathname"":""/Collected Media/map_2662324/layer_6728851/mdc_photo_mdc_906d35_cdv_photo_046_1754352078570.jpg"",""rid"":39598816,""lid"":""6728851"",""fid"":""987"",""field"":""site_photos"",""title"":""mdc_photo_mdc_906d35_cdv_photo_046_1754352078570.jpg"",""ext"":""jpg"",""panorama"":false,""isDir"":false},{""pathname"":""/Collected Media/map_2662324/layer_6728851/mdc_photo_mdc_7905ee_cdv_photo_047_1754352078570.jpg"",""rid"":39598817,""lid"":""6728851"",""fid"":""987"",""field"":""site_photos"",""title"":""mdc_photo_mdc_7905ee_cdv_photo_047_1754352078570.jpg"",""ext"":""jpg"",""panorama"":false,""isDir"":false}]",,TX,2025/08/04,,,,18:57,A,2,Kyle Graham ,,,2025/08/04,,,-----------------,,,Push Camera,,,
OFFICE REVIEW,2025-08-05,,912,,SW 1st St,Andrews,,,,,,,4600,One Gas,,,Jason Claunch,Kyle Graham ,,,,,,,,,,,,,,,,,,,,,,,,,,,,,,Post,One Gas,,31.6363,-102.772,,,,,,,One Gas,,N/A,0723,OFFICE REVIEW,,,,,,,,,,,,,,,,,,,,,,,,,,,,,,,,Lateral Inspection,"___json[{""pathname"":""/Collected Media/map_2662324/layer_6728851/mdc_photo_mdc_7249c5_cdv_photo_1754426535_1754426540226.jpg"",""rid"":39613570,""lid"":""6728851"",""fid"":""1014"",""field"":""site_photos"",""title"":""mdc_photo_mdc_7249c5_cdv_photo_1754426535_1754426540226.jpg"",""ext"":""jpg"",""panorama"":false,""isDir"":false}]",,TX,2025/08/05,,,,,,2,N/A,,,,,,N/A,,,,,,
CLIENT REVIEW,2025-06-03,,202,,QUINCY ST,COMMERCE ,,,,,,2025/06/03,2400,5TH AND RIVER,,,James Atwood,Michael Parrish,0,0,,,,TAP,END,,,,,,South,400.3,2,,,,400.3,,,,,,2025/06/03,LETS,2025/06/03,LETS,,Post,SCOTT.LOVELADY@ONEGAS.COM ,,36.9363,-94.8747,yes,1,1,,OFFSET PARTIAL COLLAPSE ABANDONED PRE SHOWS PARTIAL COLLAPSE ALSO,,One Gas,"___json[{""pathname"":""/Collected Media/map_2662324/layer_6728851/mdc_photo_mdc_5487f5_cdv_photo_002_1748979641370.jpg"",""rid"":38766176,""lid"":""6728851"",""fid"":""813"",""field"":""photo_map"",""title"":""mdc_photo_mdc_5487f5_cdv_photo_002_1748979641370.jpg"",""ext"":""jpg"",""panorama"":false,""isDir"":false}]",Yes,0406,CLIENT REVIEW,,,,,N/A,,,VIDEO IS CLEAR TO SEE PARTIAL COLLAPSE/ABANDONED PIPE,,,2025/06/04,,,Katy Thompson,,,Pass,,,A,,,,,,,,,1,,,Lateral Inspection,,MH 302 N QUINCY ST ,OK,2025/06/03,,,North,14:35,,2,James Atwood,,,2025/06/03,,,2400 LETS,,,Lateral Launch,https://pioneer.sewerai.com/dashboard/review/0c3a335b-70bc-4e32-be29-60e3dec46387?t=1.589724&limit=30&offset=0&project=24PV0408+MESA+COUNTY-GATEWAY&ordering=-Inspection_Date&client_reviewed=false&inspection_datetime__gte=2025-06-03T00%3A00%3A00-05%3A00&inspection_datetime__lte=2025-06-03T23%3A59%3A59-05%3A00,,
COMPLETE NO BILL,2025-08-04,,1511,,S Helen St,Monahans,,,,,,2025/08/04,4600,One Gas,,,Jason Claunch,Kyle Graham ,,,,,,End,9T,,,,,,,37,7,,,,,,,,,,2025/08/04,PO,2025/08/04,PO,,Post,One Gas,1,31.5811,-102.888,yes,1,1,,"8/4/2025 4600 pushed from CO to ML, 9T is lateral tie in from apartment A for this building. This is clear.",,One Gas,"___json[{""pathname"":""/Collected Media/map_2662324/layer_6728851/mdc_photo_mdc_1807ba_cdv_photo_014_1754395388271.jpg"",""rid"":39605684,""lid"":""6728851"",""fid"":""986"",""field"":""photo_map"",""title"":""mdc_photo_mdc_1807ba_cdv_photo_014_1754395388271.jpg"",""ext"":""jpg"",""panorama"":false,""isDir"":false}]",N/A,0723,COMPLETE NO BILL,,,,,,,,,,,,,,,,,,,,,,,,,,,,,,,,Lateral Inspection,"___json[{""pathname"":""/Collected Media/map_2662324/layer_6728851/mdc_photo_mdc_096124_cdv_photo_041_1754351783718.jpg"",""rid"":39598805,""lid"":""6728851"",""fid"":""986"",""field"":""site_photos"",""title"":""mdc_photo_mdc_096124_cdv_photo_041_1754351783718.jpg"",""ext"":""jpg"",""panorama"":false,""isDir"":false},{""pathname"":""/Collected Media/map_2662324/layer_6728851/mdc_photo_mdc_e0c483_cdv_photo_042_1754351783718.jpg"",""rid"":39598806,""lid"":""6728851"",""fid"":""986"",""field"":""site_photos"",""title"":""mdc_photo_mdc_e0c483_cdv_photo_042_1754351783718.jpg"",""ext"":""jpg"",""panorama"":false,""isDir"":false},{""pathname"":""/Collected Media/map_2662324/layer_6728851/mdc_photo_mdc_7f903c_cdv_photo_043_1754351783718.jpg"",""rid"":39598807,""lid"":""6728851"",""fid"":""986"",""field"":""site_photos"",""title"":""mdc_photo_mdc_7f903c_cdv_photo_043_1754351783718.jpg"",""ext"":""jpg"",""panorama"":false,""isDir"":false},{""pathname"":""/Collected Media/map_2662324/layer_6728851/mdc_photo_mdc_6634e1_cdv_photo_044_1754351783718.jpg"",""rid"":39598808,""lid"":""6728851"",""fid"":""986"",""field"":""site_photos"",""title"":""mdc_photo_mdc_6634e1_cdv_photo_044_1754351783718.jpg"",""ext"":""jpg"",""panorama"":false,""isDir"":false}]",,TX,2025/08/04,,,,18:52,B,2,N/A,,,,,,N/A,,,Push Camera,,,
PO,2025-05-06,,334,,SW LINDENWOOD AVE ,TOPEKA ,,,,,,2025/05/06,1800,PW-24R2-TOPEKA 2ND AND ORCHARD ,,,Eric Zerr,Carter Pacheco,106,91,96,,,TAP,GSI,END,,,,,South,187.8,27.9,39,,,187.8,,,,,,2025/05/06,LETS,2025/05/06,LETS,,Post,SCOTT.LOVELADY@ONEGAS.COM ,,39.0615,-95.7003,yes,1,1,,,,One Gas,,Yes,0406,PO,CLEAR @ GSI ON PULLBACK,,,Katy Thompson,Pass,,,"POOR VISUAL DUE TO DEBRIS ON CAMERA 0'- 5', 36'- 39', CLEAR ON PULLBACK FROM 36'-0'. CLEAR @ GSI ON PULLBACK",,,2025/05/14,,,Katy Thompson,,,Pass,,,A,B,C,,,,,,,1,,,Lateral Inspection,"___json[{""pathname"":""/Collected Media/map_2662324/layer_6728851/mdc_photo_mdc_7b72fc_cdv_photo_000_1746547798856.jpg"",""rid"":38451744,""lid"":""6728851"",""fid"":""601"",""field"":""site_photos"",""title"":""mdc_photo_mdc_7b72fc_cdv_photo_000_1746547798856.jpg"",""ext"":""jpg"",""panorama"":false,""isDir"":false},{""pathname"":""/Collected Media/map_2662324/layer_6728851/mdc_photo_mdc_0a0e1c_cdv_photo_002_1746547798856.jpg"",""rid"":38451745,""lid"":""6728851"",""fid"":""601"",""field"":""site_photos"",""title"":""mdc_photo_mdc_0a0e1c_cdv_photo_002_1746547798856.jpg"",""ext"":""jpg"",""panorama"":false,""isDir"":false}]",MH 320 SW LINDENWOOD AVE  ,KS,2025/05/06,,,South,11:06,A,2,N/A,,,,,,N/A,,,Lateral Launch,https://pioneer.sewerai.com/dashboard/review/8f9ceef4-611a-4d13-ba68-35248b5254b2?t=0&limit=30&offset=0&project=25PV0406+ONE+GAS+&ordering=Lateral_Segment_Reference&surveyed_by=ERIC+ZERR&client_reviewed=false,,
COMPLETE,2025-06-03,,MH 302 N QUINCY ST ,,QUINCY ST,COMMERCE ,,,,,,2025/06/03,2400,5TH AND RIVER,,,James Atwood,Michael Parrish,0,84,0,,,MH ,GMI,END/MH,,,,,,0,433.4,455,,,,,,,MH 201 N RIVER ST,,2025/06/03,ML,2025/06/03,ML,,Post,SCOTT.LOVELADY@ONEGAS.COM ,,36.9362,-94.8748,yes,1,1,,,,One Gas,"___json[{""pathname"":""/Collected Media/map_2662324/layer_6728851/mdc_photo_mdc_44af8a_cdv_photo_002_1748982212611.jpg"",""rid"":38766630,""lid"":""6728851"",""fid"":""770"",""field"":""photo_map"",""title"":""mdc_photo_mdc_44af8a_cdv_photo_002_1748982212611.jpg"",""ext"":""jpg"",""panorama"":false,""isDir"":false}]",Yes,0406,COMPLETE,,,,,,,,CLEAR ON PULLBACK,,,2025/06/04,,,Katy Thompson,,,Pass,,,A,B,,,,,,,455,,,455,Main Inspection,"___json[{""pathname"":""/Collected Media/map_2662324/layer_6728851/mdc_photo_mdc_fd15a1_cdv_photo_001_1748982212611.jpg"",""rid"":38766629,""lid"":""6728851"",""fid"":""770"",""field"":""site_photos"",""title"":""mdc_photo_mdc_fd15a1_cdv_photo_001_1748982212611.jpg"",""ext"":""jpg"",""panorama"":false,""isDir"":false}]",MH 302 N QUINCY ST ,OK,2025/06/03,,,North,15:32,MH 201 N RIVER ST,2,James Atwood,,,2025/06/03,,,2400 LETS,,,CCTV,https://pioneer.sewerai.com/dashboard/review/b795762a-70c8-4ffc-afb1-6e7a54c47067?t=1.916576&limit=30&offset=0&project=24PV0408+MESA+COUNTY-GATEWAY&ordering=-Inspection_Date&client_reviewed=false&status=uploaded,,
COMPLETE,2025-06-04,,643,,MERCHANT ST,OSWEGO ,,,,,,2025/06/04,2400,6 AND MERCHANT,,,James Atwood,Michael Parrish,0,0,,,,TAP,END,,,,,,South,218.2,3.5,,,,218.2,,,,,,2025/06/04,LETS,2025/06/04,LETS,,Post,SCOTT.LOVELADY@ONEGAS.COM ,,37.1639,-95.1082,yes,1,1,,DEFORMED OFFSET / NO GAS / ABANDONED LOT LINE,,One Gas,"___json[{""pathname"":""/Collected Media/map_2662324/layer_6728851/mdc_photo_mdc_82e45f_cdv_photo_000_1749069745134.jpg"",""rid"":38782959,""lid"":""6728851"",""fid"":""861"",""field"":""photo_map"",""title"":""mdc_photo_mdc_82e45f_cdv_photo_000_1749069745134.jpg"",""ext"":""jpg"",""panorama"":false,""isDir"":false}]",N/A,0403,COMPLETE,,,,,,,,,,,,,,,,,,,,A,B,,,,,,,,1,,,Lateral Inspection,,MH 635 MERCHANT ST ,KS,2025/06/04,,,,15:37,,2,James Atwood,,,2025/06/04,,,2400 LETS,,,Lateral Launch,,,
COMPLETE,2025-06-02,,9431,,MOODY PARK DR ,OVERLAND PARK ,,,,,,2025/06/02,1800,SOUTHDALE/95 AND NEIMAN ,,,Edgar Atwood,Carter Pacheco,0,0,,,,TAP,END,,,,,No,South,337.1,41.5,,,,337.1,,,,,,2025/06/02,LETS,2025/06/02,LETS,,Post,SCOTT.LOVELADY@ONEGAS.COM ,,38.9582,-94.7011,yes,1,1,,,,One Gas,"___json[{""pathname"":""/Collected Media/map_2662324/layer_6728851/mdc_photo_mdc_598263_cdv_photo_005_1748886097749.jpg"",""rid"":38748714,""lid"":""6728851"",""fid"":""787"",""field"":""photo_map"",""title"":""mdc_photo_mdc_598263_cdv_photo_005_1748886097749.jpg"",""ext"":""jpg"",""panorama"":false,""isDir"":false}]",Yes,0403,COMPLETE,,,,,,,,,,,2025/06/03,,,Katy Thompson,,,Pass,,,A,B,,,,,,,,1,,,Lateral Inspection,,MH 9411 MOODY PARK DR ,KS,2025/06/02,,,,12:36,,2,Edgar Atwood,,,,,,1800 LETS,,,Lateral Launch,https://pioneer.sewerai.com/dashboard/review/f6361fa4-0861-44e5-ac8a-cbea8f3f17b3?t=2.8251&limit=30&offset=0&project=24PV0408+MESA+COUNTY-GATEWAY&client_reviewed=false,,
PO,2025-06-03,,202,,QUINCY ST,COMMERCE ,,,,,,2025/06/03,2400,5TH AND RIVER,,,James Atwood,Michael Parrish,0,58,0,,,TAP,GMI,END/RB,,,,,South,350.9,6.1,11.9,,,350.9,,,,,,2025/06/03,LETS,2025/06/03,LETS,,Post,SCOTT.LOVELADY@ONEGAS.COM ,,36.9363,-94.8747,yes,1,1,,ENDED AT ROOTBALL HAS VCO NEEDS PUSHED TO CLEAR TO FOUNDATION,,One Gas,"___json[{""pathname"":""/Collected Media/map_2662324/layer_6728851/mdc_photo_mdc_506a1b_cdv_photo_001_1748977267170.jpg"",""rid"":38765744,""lid"":""6728851"",""fid"":""811"",""field"":""photo_map"",""title"":""mdc_photo_mdc_506a1b_cdv_photo_001_1748977267170.jpg"",""ext"":""jpg"",""panorama"":false,""isDir"":false}]",No,0406,PO,,,,,,,,"NO CLEAR VISUAL @ GMI @ 6.1', RB @ 12.4', NOT VERY CLEAR ON PULLBACK. NEEDS PUSHED.",,,2025/06/04,,,Katy Thompson,,,Fail,,,A,B,C,,,,,,,1,,,Lateral Inspection,"___json[{""pathname"":""/Collected Media/map_2662324/layer_6728851/mdc_photo_mdc_db087d_cdv_photo_000_1748977097272.jpg"",""rid"":38765732,""lid"":""6728851"",""fid"":""811"",""field"":""site_photos"",""title"":""mdc_photo_mdc_db087d_cdv_photo_000_1748977097272.jpg"",""ext"":""jpg"",""panorama"":false,""isDir"":false}]",MH 302 N QUINCY ST ,OK,2025/06/03,,,North,13:55,B,2,James Atwood,,,2025/06/03,,,2400 LETS,,,Lateral Launch,https://pioneer.sewerai.com/dashboard/review/5ef6cf22-3a26-4701-8cbd-30cad8595ab1?t=2.103992&limit=30&offset=0&project=24PV0408+MESA+COUNTY-GATEWAY&ordering=-Inspection_Date&client_reviewed=false&inspection_datetime__gte=2025-06-03T00%3A00%3A00-05%3A00&inspection_datetime__lte=2025-06-03T23%3A59%3A59-05%3A00,,
COMPLETE NO BILL,2025-08-06,,7708,,Acapulco ave,El paso,,,,,,2025/08/06,---------------------,Acapulco Ave El Paso tx ,,,---------------------,---------------------,0,0.45,,,,End,GMI,,,,,No,,60,22,,,,,,,,,,2025/08/06,LETS,2025/08/06,LETS,,Post,Scott.lovelady@Onegas.com ,,31.7481,-106.358,yes,1,1,,"08/06/2025 
Truck5100
Lead - Christian E. Tech - Derek K. 
 
End - 60 
GMI - 22 @0.45",,One Gas,"___json[{""pathname"":""/Collected Media/map_2662324/layer_6728851/mdc_photo_mdc_a4462c_cdv_photo_007_1754513084928.jpg"",""rid"":39631048,""lid"":""6728851"",""fid"":""1050"",""field"":""photo_map"",""title"":""mdc_photo_mdc_a4462c_cdv_photo_007_1754513084928.jpg"",""ext"":""jpg"",""panorama"":false,""isDir"":false}]",Yes,0723,COMPLETE NO BILL,,,,,,,,PASSED 2/10/26 FF,,,2026/02/10,,,Fallon Farmer,,,Pass,,,A,B,,,,,,,,1,,,Lateral Inspection,"___json[{""pathname"":""/Collected Media/map_2662324/layer_6728851/mdc_photo_mdc_c9f26a_cdv_photo_004_1754513084928.jpg"",""rid"":39631045,""lid"":""6728851"",""fid"":""1050"",""field"":""site_photos"",""title"":""mdc_photo_mdc_c9f26a_cdv_photo_004_1754513084928.jpg"",""ext"":""jpg"",""panorama"":false,""isDir"":false},{""pathname"":""/Collected Media/map_2662324/layer_6728851/mdc_photo_mdc_f671b7_cdv_photo_005_1754513084928.jpg"",""rid"":39631046,""lid"":""6728851"",""fid"":""1050"",""field"":""site_photos"",""title"":""mdc_photo_mdc_f671b7_cdv_photo_005_1754513084928.jpg"",""ext"":""jpg"",""panorama"":false,""isDir"":false},{""pathname"":""/Collected Media/map_2662324/layer_6728851/mdc_photo_mdc_29df6c_cdv_photo_006_1754513084928.jpg"",""rid"":39631047,""lid"":""6728851"",""fid"":""1050"",""field"":""site_photos"",""title"":""mdc_photo_mdc_29df6c_cdv_photo_006_1754513084928.jpg"",""ext"":""jpg"",""panorama"":false,""isDir"":false}]",,TX,2025/08/06,,,,14:37,,2,---------------------,,,2025/08/06,,,-----------------,,,Lateral Launch,https://pioneer.sewerai.com/dashboard/review/6fe91b3b-d80a-414a-bfd0-a60bdc3e3824?limit=30&offset=0&client_reviewed=false&surveyed_by=CHRISTIAN+ES,,
COMPLETE,2025-06-04,,702,,COMMERCIAL ST,OSWEGO ,,,,2025/06/04,"___json[{""pathname"":""/Collected Media/map_2662324/layer_6728851/mdc_photo_mdc_146587_cdv_photo_005_1749067358583.jpg"",""rid"":38782803,""lid"":""6728851"",""fid"":""850"",""field"":""cb_report"",""title"":""mdc_photo_mdc_146587_cdv_photo_005_1749067358583.jpg"",""ext"":""jpg"",""panorama"":false,""isDir"":false}]",2025/06/04,2400,6 AND MERCHANT,,6/4/25 ,James Atwood,Michael Parrish,0,29,,,,TAP,END/GMI,,,,,,South,136.9,14.9,,,,136.9,,,,,,2025/06/04,LETS,2025/06/04,LETS,,Post,SCOTT.LOVELADY@ONEGAS.COM ,,37.1637,-95.1081,yes,1,1,,STRIKE / ABANDONED LINE GAS IS AT 29” & SEWER LINE IS AT 29”.,,One Gas,"___json[{""pathname"":""/Collected Media/map_2662324/layer_6728851/mdc_photo_mdc_6476a7_cdv_photo_006_1749067467895.jpg"",""rid"":38782810,""lid"":""6728851"",""fid"":""850"",""field"":""photo_map"",""title"":""mdc_photo_mdc_6476a7_cdv_photo_006_1749067467895.jpg"",""ext"":""jpg"",""panorama"":false,""isDir"":false}]",No,0403,COMPLETE,,,,,,,,"GAS CROSSBORE, SEE REPORT",,,2025/06/17,,,Katy Thompson,,,Fail,,,A,B,,,,,,,,1,,,Lateral Inspection,"___json[{""pathname"":""/Collected Media/map_2662324/layer_6728851/mdc_photo_mdc_c30d2b_cdv_photo_003_1749067358583.jpg"",""rid"":38782801,""lid"":""6728851"",""fid"":""850"",""field"":""site_photos"",""title"":""mdc_photo_mdc_c30d2b_cdv_photo_003_1749067358583.jpg"",""ext"":""jpg"",""panorama"":false,""isDir"":false},{""pathname"":""/Collected Media/map_2662324/layer_6728851/mdc_photo_mdc_a57446_cdv_photo_004_1749067358583.jpg"",""rid"":38782802,""lid"":""6728851"",""fid"":""850"",""field"":""site_photos"",""title"":""mdc_photo_mdc_a57446_cdv_photo_004_1749067358583.jpg"",""ext"":""jpg"",""panorama"":false,""isDir"":false},{""pathname"":""/Collected Media/map_2662324/layer_6728851/mdc_photo_mdc_57e8f5_cdv_photo_000_1749073938651.jpg"",""rid"":38783338,""lid"":""6728851"",""fid"":""850"",""field"":""site_photos"",""title"":""mdc_photo_mdc_57e8f5_cdv_photo_000_1749073938651.jpg"",""ext"":""jpg"",""panorama"":false,""isDir"":false},{""pathname"":""/Collected Media/map_2662324/layer_6728851/mdc_photo_mdc_76ec02_cdv_photo_001_1749073938651.jpg"",""rid"":38783339,""lid"":""6728851"",""fid"":""850"",""field"":""site_photos"",""title"":""mdc_photo_mdc_76ec02_cdv_photo_001_1749073938651.jpg"",""ext"":""jpg"",""panorama"":false,""isDir"":false},{""pathname"":""/Collected Media/map_2662324/layer_6728851/mdc_photo_mdc_fa1acc_cdv_photo_002_1749073938651.jpg"",""rid"":38783340,""lid"":""6728851"",""fid"":""850"",""field"":""site_photos"",""title"":""mdc_photo_mdc_fa1acc_cdv_photo_002_1749073938651.jpg"",""ext"":""jpg"",""panorama"":false,""isDir"":false}]",MH 635 MERCHANT ST ,KS,2025/06/04,,,,14:59,,2,James Atwood,,,2025/06/04,,,2400 LETS,,,Lateral Launch,https://pioneer.sewerai.com/dashboard/review/f7b92c19-527c-464a-816a-7647afd8d965?t=1.968606&limit=30&offset=0&project=24PV0408+MESA+COUNTY-GATEWAY&client_reviewed=false&ordering=-Inspection_Date&city=oswego,,
COMPLETE NO BILL,2025-08-04,,1511,,S Helen St,Monahans,,,,,,2025/08/04,4600,One Gas,,,Jason Claunch,Kyle Graham ,,,,,,End,,,,,,,,19,,,,,,,,,,,2025/08/04,PO,2025/08/04,PO,,Post,One Gas,1,31.5811,-102.888,yes,1,1,,"8/4/2025 4600 pushed from CO to under foundation, this lateral ties into lateral behind property, it is clear",,One Gas,"___json[{""pathname"":""/Collected Media/map_2662324/layer_6728851/mdc_photo_mdc_f1f908_cdv_photo_015_1754395496022.jpg"",""rid"":39605704,""lid"":""6728851"",""fid"":""988"",""field"":""photo_map"",""title"":""mdc_photo_mdc_f1f908_cdv_photo_015_1754395496022.jpg"",""ext"":""jpg"",""panorama"":false,""isDir"":false}]",N/A,0723,COMPLETE NO BILL,,,,,,,,,,,,,,,,,,,,,,,,,,,,,,,,Lateral Inspection,"___json[{""pathname"":""/Collected Media/map_2662324/layer_6728851/mdc_photo_mdc_ae2fb4_cdv_photo_048_1754352436794.jpg"",""rid"":39598855,""lid"":""6728851"",""fid"":""988"",""field"":""site_photos"",""title"":""mdc_photo_mdc_ae2fb4_cdv_photo_048_1754352436794.jpg"",""ext"":""jpg"",""panorama"":false,""isDir"":false},{""pathname"":""/Collected Media/map_2662324/layer_6728851/mdc_photo_mdc_7167f5_cdv_photo_049_1754352436794.jpg"",""rid"":39598856,""lid"":""6728851"",""fid"":""988"",""field"":""site_photos"",""title"":""mdc_photo_mdc_7167f5_cdv_photo_049_1754352436794.jpg"",""ext"":""jpg"",""panorama"":false,""isDir"":false}]",,TX,2025/08/04,,,,19:04,B ET 1,2,N/A,,,,,,N/A,,,Push Camera,,,
GAS LINE,2025-08-07,,7703,,Mojave Dr,El Paso,,,,,,2025/08/07,,,,,,,,,,,,,,,,,,,,,,,,,,,,,,,,,,,,Post,,,31.7606,-106.362,,,,,,,One Gas,,,0723,GAS LINE,,,,,,,,,,,,,,,,,,,,,,,,,,,,,,,,,,,TX,2025/08/07,,,,13:46,Gas Service,1,,,,,,,,,,,,,
GAS LINE,2025-08-07,,7700 Mojave Dr,,Mojave Dr,El Paso,,,,,,2025/08/07,,,,,,,,,,,,,,,,,,,,,,,,,,,,,,,,,,,,Post,,,31.7606,-106.362,,,,,,,One Gas,,,0723,GAS LINE,,,,,,,,,,,,,,,,,,,,,,,,,,,,,,,,,,,TX,2025/08/07,,,,13:43,Gas Main,1,,,,,,,,,,,,,
COMPLETE,2025-06-02,,9407,,MOODY PARK DR ,OVERLAND PARK ,,,,,,2025/06/02,1800,SOUTHDALE/95 AND NEIMAN ,,,Edgar Atwood,Carter Pacheco,0,0,,,,TAP,END,,,,,No,North,74.5,43.9,,,,74.5,,,,,,2025/06/02,LETS,2025/06/02,LETS,,Post,SCOTT.LOVELADY@ONEGAS.COM ,,38.9583,-94.7012,yes,1,1,,,,One Gas,"___json[{""pathname"":""/Collected Media/map_2662324/layer_6728851/mdc_photo_mdc_188614_cdv_photo_000_1748890890747.jpg"",""rid"":38749649,""lid"":""6728851"",""fid"":""793"",""field"":""photo_map"",""title"":""mdc_photo_mdc_188614_cdv_photo_000_1748890890747.jpg"",""ext"":""jpg"",""panorama"":false,""isDir"":false}]",Yes,0403,COMPLETE,,,,,,,,,,,2025/06/02,,,Katy Thompson,,,Pass,,,A,B,,,,,,,,1,,,Lateral Inspection,,MH 9411 MOODY PARK DR ,KS,2025/06/02,,,,13:56,,2,Edgar Atwood,,,2025/06/02,,,1800 LETS,,,Lateral Launch,https://pioneer.sewerai.com/dashboard/review/d2cb7612-cd0e-4e56-ba94-a64344bbb75a?t=1.307914&limit=30&offset=0&project=24PV0408+MESA+COUNTY-GATEWAY&client_reviewed=false,,
COMPLETE,2025-06-02,,9419,,MOODY PARK DR ,OVERLAND PARK ,,,,,,2025/06/04,1800,SOUTHDALE/95 AND NEIMAN ,,,Edgar Atwood,Carter Pacheco,0,0,80,,,TAP,CO,END/TAP,,,,No,South,136.8,0,96.3,,,,2025/06/02,,,,,2025/06/04,PO,2025/06/04,PO,,Post,SCOTT.LOVELADY@ONEGAS.COM ,1,38.9583,-94.7011,yes,1,1, KNOCKED ON 06/02/25 DID NOT ANSWER LEFT DOORTAG,"COULD NOT GET PASSED ROOTBALL, WILL NEED PUSHED NO LETS  VIDEO.",,One Gas,"___json[{""pathname"":""/Collected Media/map_2662324/layer_6728851/mdc_photo_mdc_b2ed03_cdv_photo_000_1749070640990.jpg"",""rid"":38783016,""lid"":""6728851"",""fid"":""782"",""field"":""photo_map"",""title"":""mdc_photo_mdc_b2ed03_cdv_photo_000_1749070640990.jpg"",""ext"":""jpg"",""panorama"":false,""isDir"":false}]",N/A,0403,COMPLETE,,,,,,,,,,,,,,,,,,,,A,B,C,,,,,,,,,,Lateral Inspection,"___json[{""pathname"":""/Collected Media/map_2662324/layer_6728851/mdc_photo_mdc_40f981_cdv_photo_000_1748883386939.jpg"",""rid"":38747938,""lid"":""6728851"",""fid"":""782"",""field"":""site_photos"",""title"":""mdc_photo_mdc_40f981_cdv_photo_000_1748883386939.jpg"",""ext"":""jpg"",""panorama"":false,""isDir"":false},{""pathname"":""/Collected Media/map_2662324/layer_6728851/mdc_photo_mdc_55dc5a_cdv_photo_1748896543_1748896553046.jpg"",""rid"":38750990,""lid"":""6728851"",""fid"":""782"",""field"":""site_photos"",""title"":""mdc_photo_mdc_55dc5a_cdv_photo_1748896543_1748896553046.jpg"",""ext"":""jpg"",""panorama"":false,""isDir"":false}]",,KS,2025/06/02,,,South,14:12,,2,Edgar Atwood,,,2025/06/04,,,1059 PO,,,Push Camera,,,
CLIENT REVIEW,2025-06-03,,202,,QUINCY ST,COMMERCE ,,,,,,2025/06/03,2400,5TH AND RIVER,,,James Atwood,Michael Parrish,0,0,,,,TAP,END,,,,,,South,345.9,2.9,,,,34.9,,,,,,2025/06/03,LETS,2025/06/03,LETS,,Post,SCOTT.LOVELADY@ONEGAS.COM ,,36.9363,-94.8747,yes,1,1,,CANNOT GET THROUGH OFFSET TURN DOWN GMI IS 6 -12” INFRONT HAS CLEAR VISUAL NO HIT DEPTH OF SEWER IS 64” & GAS IS 31”,,One Gas,"___json[{""pathname"":""/Collected Media/map_2662324/layer_6728851/mdc_photo_mdc_a32021_cdv_photo_002_1748976275645.jpg"",""rid"":38765605,""lid"":""6728851"",""fid"":""809"",""field"":""photo_map"",""title"":""mdc_photo_mdc_a32021_cdv_photo_002_1748976275645.jpg"",""ext"":""jpg"",""panorama"":false,""isDir"":false}]",Yes,0406,CLIENT REVIEW,,,,,,,,"POOR VISUAL, BUT NO CONFLICT SEEN END/OFFSET TURN DOWN",,,2025/06/04,,,Katy Thompson,,,Pass,,,A,B,,,,,,,,1,,,Lateral Inspection,"___json[{""pathname"":""/Collected Media/map_2662324/layer_6728851/mdc_photo_mdc_6aafc1_cdv_photo_001_1748975852644.jpg"",""rid"":38765556,""lid"":""6728851"",""fid"":""809"",""field"":""site_photos"",""title"":""mdc_photo_mdc_6aafc1_cdv_photo_001_1748975852644.jpg"",""ext"":""jpg"",""panorama"":false,""isDir"":false}]",MH 302 N QUINCY ST ,OK,2025/06/03,,,North,13:32,C,2,James Atwood,,,2025/06/03,,,2400 LETS,,,Lateral Launch,https://pioneer.sewerai.com/dashboard/review/0f84ad37-b185-466a-9be5-c5e2be820be9?t=1.601324&limit=30&offset=0&project=24PV0408+MESA+COUNTY-GATEWAY&ordering=-Inspection_Date&client_reviewed=false&inspection_datetime__gte=2025-06-03T00%3A00%3A00-05%3A00&inspection_datetime__lte=2025-06-03T23%3A59%3A59-05%3A00,,
COMPLETE,2025-06-03,,205,,RIVER ST,COMMERCE ,,,,,,2025/06/03,2400,5TH AND RIVER,,,James Atwood,Michael Parrish,0,0,,,,TAP,END,,,,,,South,328.1,2.6,,,,328.1,,,,,,2025/06/03,LETS,2025/06/03,LETS,,Post,SCOTT.LOVELADY@ONEGAS.COM ,,36.9363,-94.8747,yes,1,1,,COLLAPSE ABANDONED LOT,,One Gas,"___json[{""pathname"":""/Collected Media/map_2662324/layer_6728851/mdc_photo_mdc_533137_cdv_photo_000_1748972482547.jpg"",""rid"":38764978,""lid"":""6728851"",""fid"":""808"",""field"":""photo_map"",""title"":""mdc_photo_mdc_533137_cdv_photo_000_1748972482547.jpg"",""ext"":""jpg"",""panorama"":false,""isDir"":false}]",N/A,0406,COMPLETE,,,,,Fail,,,"PIPE IS COLLAPSED, ABANDONED, VIDEO IS CLEAR",,,2025/06/04,,,Katy Thompson,,,Pass,,,A,B,,,,,,,,1,,,Lateral Inspection,,MH 302 N QUINCY ST ,OK,2025/06/03,,,North,12:36,,2,James Atwood,,,2025/06/03,,,2400 LETS,,,Lateral Launch,https://pioneer.sewerai.com/dashboard/review/929eb879-ad77-4e77-8048-045f71e96da5?t=1.749961&limit=30&offset=0&project=24PV0408+MESA+COUNTY-GATEWAY&ordering=-Inspection_Date&client_reviewed=false&inspection_datetime__gte=2025-06-03T00%3A00%3A00-05%3A00&inspection_datetime__lte=2025-06-03T23%3A59%3A59-05%3A00,,
COMPLETE,2025-06-02,,206,,QUINCY ST,COMMERCE ,,,,,,2025/06/02,2400,5TH AND RIVER ,,,James Atwood,Michael Parrish,0,40,0,,,C/O,GMI,END,,,,,,0,52.11,59.5,,,,,,,,,2025/06/02,PO,2025/06/02,PO,,Post,SCOTT.LOVELADY@ONEGAS.COM ,1,36.9362,-94.8748,yes,1,1,,NO GAS SERVICE ,,One Gas,"___json[{""pathname"":""/Collected Media/map_2662324/layer_6728851/mdc_photo_mdc_0bbc5b_cdv_photo_005_1748892508520.jpg"",""rid"":38749995,""lid"":""6728851"",""fid"":""797"",""field"":""photo_map"",""title"":""mdc_photo_mdc_0bbc5b_cdv_photo_005_1748892508520.jpg"",""ext"":""jpg"",""panorama"":false,""isDir"":false}]",N/A,0406,COMPLETE,,,,,,,,,,,,,,,,,,,,A,B,C,,,,,,,,,,Lateral Inspection,"___json[{""pathname"":""/Collected Media/map_2662324/layer_6728851/mdc_photo_mdc_085081_cdv_photo_1748893418_1748893424228.jpg"",""rid"":38750482,""lid"":""6728851"",""fid"":""797"",""field"":""site_photos"",""title"":""mdc_photo_mdc_085081_cdv_photo_1748893418_1748893424228.jpg"",""ext"":""jpg"",""panorama"":false,""isDir"":false}]",,OK,2025/06/02,,,North,14:21,,2,James Atwood,,,2025/06/02,,,2400 PO,,,Push Camera,,,
GAS LINE,2025-08-07,,7613,,Alpine Dr,El Paso,,,,,,2025/08/07,,,,,,,,,,,,,,,,,,,,,,,,,,,,,,,,,,,,Post,,,31.7605,-106.362,,,,,,,One Gas,,,0723,GAS LINE,,,,,,,,,,,,,,,,,,,,,,,,,,,,,,,,,,,TX,2025/08/07,,,,14:13,,1,,,,,,,,,,,,,
GAS LINE,2025-08-07,,7603,,Alpine Dr,El Paso,,,,,,2025/08/07,,,,,,,,,,,,,,,,,,,,,,,,,,,,,,,,,,,,Post,,,31.76,-106.362,,,,,,,One Gas,,,0723,GAS LINE,,,,,,,,,,,,,,,,,,,,,,,,,,,,,,,,,,,TX,2025/08/07,,,,15:41,Gas Service,1,,,,,,,,,,,,,
GAS LINE,2025-08-08,,,,,,,,,,,2025/08/08,,,,,,,,,,,,,,,,,,,,,,,,,,,,,,,,,,,,Post,,,31.7611,-106.363,,,,,,,One Gas,,,0723,GAS LINE,,,,,,,,,,,,,,,,,,,,,,,,,,,,,,,,,,,,2025/08/08,,,,10:30,,1,,,,,,,,,,,,,
COMPLETE,2025-06-05,,17551,,PRAIRIE STAR PKWY ,LENEXA ,,,,,,2025/06/05,1800,VISTA VILLAGE (PRAIRIE STAR PKWY/RIDGEVIEW) ,,,Eric Zerr,Carter Pacheco,0,116,0,,,TAP,GMI,END,,,,No,North,117.8,7.8,10.7,,,117.8,,,,,,2025/06/05,LETS,2025/06/05,LETS,,Post,SCOTT.LOVELADY@ONEGAS.COM ,,38.9537,-94.7924,yes,1,1,,,,One Gas,"___json[{""pathname"":""/Collected Media/map_2662324/layer_6728851/mdc_photo_mdc_f38966_cdv_photo_001_1749155076400.jpg"",""rid"":38798028,""lid"":""6728851"",""fid"":""907"",""field"":""photo_map"",""title"":""mdc_photo_mdc_f38966_cdv_photo_001_1749155076400.jpg"",""ext"":""jpg"",""panorama"":false,""isDir"":false}]",Yes,0403,COMPLETE,,,,,,,,,,,2025/06/06,,,Katy Thompson,,,Pass,,,A,B,C,,,,,,,1,,,Lateral Inspection,,MH 17551 PRAIRIE STAR PKWY ,KS,2025/06/05,,,,15:18,D,2,Eric Zerr,,,2025/06/05,,,1800 LETS,,,Lateral Launch,https://pioneer.sewerai.com/dashboard/review/77ba5f3b-a587-4b2f-a6fd-049543793111?t=4.828668&limit=30&offset=0&project=24PV0408+MESA+COUNTY-GATEWAY&ordering=-Inspection_Date&client_reviewed=false&city=LENEXA,,
COMPLETE,2025-06-02,,210 ,,QUINCY ST,COMMERCE ,,,,,,2025/06/02,2400,5TH AND RIVER,,,James Atwood,Michael Parrish,0,29,0,,,C/O,GMI,END,,,,,,0,65.7,67.7,,,,,,,,,2025/06/02,PO,2025/06/02,PO,,Post,SCOTT.LOVELADY@ONEGAS.COM ,1,36.9363,-94.8748,yes,1,1,,,,One Gas,"___json[{""pathname"":""/Collected Media/map_2662324/layer_6728851/mdc_photo_mdc_164b25_cdv_photo_000_1748893248623.jpg"",""rid"":38750165,""lid"":""6728851"",""fid"":""795"",""field"":""photo_map"",""title"":""mdc_photo_mdc_164b25_cdv_photo_000_1748893248623.jpg"",""ext"":""jpg"",""panorama"":false,""isDir"":false}]",N/A,0406,COMPLETE,,,,,,,,,,,,,,,,,,,,A,B,C,,,,,,,,,,Lateral Inspection,"___json[{""pathname"":""/Collected Media/map_2662324/layer_6728851/mdc_photo_mdc_249217_cdv_photo_003_1748891620642.jpg"",""rid"":38749778,""lid"":""6728851"",""fid"":""795"",""field"":""site_photos"",""title"":""mdc_photo_mdc_249217_cdv_photo_003_1748891620642.jpg"",""ext"":""jpg"",""panorama"":false,""isDir"":false},{""pathname"":""/Collected Media/map_2662324/layer_6728851/mdc_photo_mdc_cc26d5_cdv_photo_004_1748891620642.jpg"",""rid"":38749779,""lid"":""6728851"",""fid"":""795"",""field"":""site_photos"",""title"":""mdc_photo_mdc_cc26d5_cdv_photo_004_1748891620642.jpg"",""ext"":""jpg"",""panorama"":false,""isDir"":false}]",,OK,2025/06/02,,,North,14:10,,2,James Atwood,,,2025/06/02,,,2400 PO,,,Push Camera,,,
COMPLETE,2025-06-05,,17551,,PRAIRIE STAR PKWY ,LENEXA ,,,,,,2025/06/05,1800,VISTA VILLAGE (PRAIRIE STAR PKWY/RIDGEVIEW) ,,,Eric Zerr,Carter Pacheco,0,0,,,,TAP,END,,,,,No,North,136,26.3,,,,136,,,,,,2025/06/05,LETS,2025/06/05,LETS,,Post,SCOTT.LOVELADY@ONEGAS.COM ,,38.9537,-94.7924,yes,1,1,,,,One Gas,"___json[{""pathname"":""/Collected Media/map_2662324/layer_6728851/mdc_photo_mdc_7ede05_cdv_photo_002_1749155831623.jpg"",""rid"":38798162,""lid"":""6728851"",""fid"":""908"",""field"":""photo_map"",""title"":""mdc_photo_mdc_7ede05_cdv_photo_002_1749155831623.jpg"",""ext"":""jpg"",""panorama"":false,""isDir"":false}]",Yes,0403,COMPLETE,,,,,,,,,,,2025/06/06,,,Katy Thompson,,,Pass,,,A,B,,,,,,,,1,,,Lateral Inspection,,MH 17551 PRAIRIE STAR PKWY ,KS,2025/06/05,,,,15:33,E,2,Eric Zerr,,,2025/06/05,,,1800 LETS,,,Lateral Launch,https://pioneer.sewerai.com/dashboard/review/a0c44246-8f60-44a4-9945-9ee97d52bb79?t=1.701816&limit=30&offset=0&project=24PV0408+MESA+COUNTY-GATEWAY&ordering=-Inspection_Date&client_reviewed=false&city=LENEXA,,
COMPLETE,2025-06-03,,209,,RIVER ST,COMMERCE ,,,,,,2025/06/03,2400,5TH AND RIVER,,,James Atwood,Michael Parrish,0,0,,,,TAP,END,,,,,,South,230.3,2.2,,,,230.3,,,,,,2025/06/03,LETS,2025/06/03,LETS,,Post,SCOTT.LOVELADY@ONEGAS.COM ,,36.9363,-94.8747,yes,1,1,,HOUSE BURNED DOWN ,,One Gas,"___json[{""pathname"":""/Collected Media/map_2662324/layer_6728851/mdc_photo_mdc_0ad453_cdv_photo_003_1748967025280.jpg"",""rid"":38763831,""lid"":""6728851"",""fid"":""805"",""field"":""photo_map"",""title"":""mdc_photo_mdc_0ad453_cdv_photo_003_1748967025280.jpg"",""ext"":""jpg"",""panorama"":false,""isDir"":false}]",N/A,0406,COMPLETE,,,,,,,,,,,,,,,,,,,,A,,,,,,,,,1,,,Lateral Inspection,"___json[{""pathname"":""/Collected Media/map_2662324/layer_6728851/mdc_photo_mdc_81ed9d_cdv_photo_001_1748967025280.jpg"",""rid"":38763829,""lid"":""6728851"",""fid"":""805"",""field"":""site_photos"",""title"":""mdc_photo_mdc_81ed9d_cdv_photo_001_1748967025280.jpg"",""ext"":""jpg"",""panorama"":false,""isDir"":false},{""pathname"":""/Collected Media/map_2662324/layer_6728851/mdc_photo_mdc_c0ee80_cdv_photo_002_1748967025280.jpg"",""rid"":38763830,""lid"":""6728851"",""fid"":""805"",""field"":""site_photos"",""title"":""mdc_photo_mdc_c0ee80_cdv_photo_002_1748967025280.jpg"",""ext"":""jpg"",""panorama"":false,""isDir"":false}]",MH 302 N QUINCY ST ,OK,2025/06/03,,,North,11:05,,2,James Atwood,,,2025/06/03,,,2400 LETS,,,Lateral Launch,,,
COMPLETE,2025-06-05,,17551,,PRAIRIE STAR PKWY ,LENEXA ,,,,,,2025/06/05,1800,VISTA VILLAGE (PRAIRIE STAR PKWY/RIDGEVIEW) ,,,Eric Zerr,Carter Pacheco,0,0,,,,TAP,END,,,,,No,North,170.2,11.8,,,,170.2,,,,,,2025/06/05,LETS,2025/06/05,LETS,,Post,SCOTT.LOVELADY@ONEGAS.COM ,,38.9537,-94.7924,yes,1,1,,ENDED AT CAP JUST BEFORE CROSSING.,,One Gas,"___json[{""pathname"":""/Collected Media/map_2662324/layer_6728851/mdc_photo_mdc_88ca34_cdv_photo_003_1749156823409.jpg"",""rid"":38798320,""lid"":""6728851"",""fid"":""911"",""field"":""photo_map"",""title"":""mdc_photo_mdc_88ca34_cdv_photo_003_1749156823409.jpg"",""ext"":""jpg"",""panorama"":false,""isDir"":false}]",Yes,0403,COMPLETE,,,,,,,,,,,2025/06/06,,,Katy Thompson,,,Pass,,,A,B,,,,,,,,1,,,Lateral Inspection,,MH 17551 PRAIRIE STAR PKWY ,KS,2025/06/05,,,,15:49,F,2,Eric Zerr,,,2025/06/05,,,1800 LETS,,,Lateral Launch,https://pioneer.sewerai.com/dashboard/review/89ee0303-66f1-48ee-afcc-60d777fdd217?t=0&limit=30&offset=0&project=24PV0408+MESA+COUNTY-GATEWAY&ordering=-Inspection_Date&client_reviewed=false&city=LENEXA,,
COMPLETE,2025-06-09,,MH 17551 PRAIRIE STAR PKWY ,,PRAIRIE STAR PKWY ,LENEXA ,,,,,,2025/06/05,1800,VISTA VILLAGE (PRAIRIE STAR PKWY/RIDGEVIEW) ,,,Eric Zerr,Carter Pacheco,0,0,,,,MH 17551 PRAIRIE STAR PKWY,END,,,,,No,,0,224.4,,,,,,,,ML NORTH ,,2025/06/12,ML,,,,Post,SCOTT.LOVELADY@ONEGAS.COM ,,38.9536,-94.7925,yes,1,1,,UNABLE TO MAKE IT TO MH DUE TO UNKNOWN RESISTANCE,,One Gas,"___json[{""pathname"":""/Collected Media/map_2662324/layer_6728851/mdc_photo_mdc_66c679_cdv_photo_005_1749482683129.jpg"",""rid"":38827501,""lid"":""6728851"",""fid"":""896"",""field"":""photo_map"",""title"":""mdc_photo_mdc_66c679_cdv_photo_005_1749482683129.jpg"",""ext"":""jpg"",""panorama"":false,""isDir"":false}]",Yes,0403,COMPLETE,,,,,,,,,,,2025/06/06,,,Katy Thompson,,,Pass,,,A,B,,,,,,,224.4,,,224.4,Main Inspection,,17551 PRARIE ST,KS,2025/06/09,,,,10:09,TO NORTH,2,Eric Zerr,,,2025/06/09,,,1800 LETS,,,CCTV,https://pioneer.sewerai.com/dashboard/review/0d3426ba-d904-44f3-8e3b-127901db3994?t=0&limit=30&offset=0&project=24PV0408+MESA+COUNTY-GATEWAY&ordering=-Inspection_Date&client_reviewed=false&city=LENEXA,,
COMPLETE,2025-06-05,,17551,,PRAIRIE STAR PKWY ,LENEXA ,,,,,,2025/06/05,1800,VISTA VILLAGE (PRAIRIE STAR PKWY/RIDGEVIEW) ,,,Eric Zerr,Carter Pacheco,0,0,,,,TAP,END,,,,,No,North,188.6,23.6,,,,188.6,,,,,,2025/06/05,LETS,2025/06/05,LETS,,Post,SCOTT.LOVELADY@ONEGAS.COM ,,38.9537,-94.7924,yes,1,1,,,,One Gas,"___json[{""pathname"":""/Collected Media/map_2662324/layer_6728851/mdc_photo_mdc_0f107d_cdv_photo_004_1749157508022.jpg"",""rid"":38798413,""lid"":""6728851"",""fid"":""914"",""field"":""photo_map"",""title"":""mdc_photo_mdc_0f107d_cdv_photo_004_1749157508022.jpg"",""ext"":""jpg"",""panorama"":false,""isDir"":false}]",Yes,0403,COMPLETE,,,,,,,,,,,2025/06/06,,,Katy Thompson,,,Pass,,,A,B,,,,,,,,1,,,Lateral Inspection,,MH 17551 PRAIRIE STAR PKWY ,KS,2025/06/05,,,North,16:01,G,2,Eric Zerr,,,2025/06/05,,,1800 LETS,,,Lateral Launch,https://pioneer.sewerai.com/dashboard/review/1acb0189-55fd-4241-96cc-cb7b6830fc04?t=2.414736&limit=30&offset=0&project=24PV0408+MESA+COUNTY-GATEWAY&ordering=-Inspection_Date&client_reviewed=false&city=LENEXA,,
COMPLETE,2025-06-03,,214,,QUINCY ST,COMMERCE ,,,,,,2025/06/03,2400,5TH AND RIVER,,,James Atwood,Michael Parrish,0,46,0,,,TAP,GMI,END,,,,,South,148.6,5.6,48.7,,,148.6,,,,,,2025/06/03,LETS,2025/06/03,LETS,,Post,SCOTT.LOVELADY@ONEGAS.COM ,,36.9363,-94.8747,yes,1,1,,NO NEW GAS SERVICE CLEAR / ABANDONED LINE,,One Gas,"___json[{""pathname"":""/Collected Media/map_2662324/layer_6728851/mdc_photo_mdc_86992a_cdv_photo_002_1748959914048.jpg"",""rid"":38759329,""lid"":""6728851"",""fid"":""802"",""field"":""photo_map"",""title"":""mdc_photo_mdc_86992a_cdv_photo_002_1748959914048.jpg"",""ext"":""jpg"",""panorama"":false,""isDir"":false}]",Yes,0406,COMPLETE,,,,,,,,,,,2025/06/03,,,Katy Thompson,,,Pass,,,A,B,C,,,,,,,1,,,Lateral Inspection,"___json[{""pathname"":""/Collected Media/map_2662324/layer_6728851/mdc_photo_mdc_c7df0a_cdv_photo_001_1748959706389.jpg"",""rid"":38759273,""lid"":""6728851"",""fid"":""802"",""field"":""site_photos"",""title"":""mdc_photo_mdc_c7df0a_cdv_photo_001_1748959706389.jpg"",""ext"":""jpg"",""panorama"":false,""isDir"":false}]",MH 302 N QUINCY ST ,OK,2025/06/03,,,North,09:05,B,2,James Atwood,,,2025/06/03,,,2400 LETS,,,Lateral Launch,https://pioneer.sewerai.com/dashboard/review/78a33950-0bb8-4e63-8d2a-898f8229473b?t=0&limit=30&offset=0&project=24PV0408+MESA+COUNTY-GATEWAY&client_reviewed=false,,
COMPLETE NO BILL,2025-08-04,,1513,,S Helen St,Monahans,,,,,,2025/08/04,4600,One Gas,,,Jason Claunch,Kyle Graham ,,,,,,End,,,,,,,,18,,,,,,,,,,,2025/08/04,PO,2025/08/04,PO,,Post,One Gas,1,31.5811,-102.888,yes,1,1,,"8/4/2025 4600 pushed from CO, under foundation, to CO in rear of property. Lateral will not cross gas. This is clear",,One Gas,"___json[{""pathname"":""/Collected Media/map_2662324/layer_6728851/mdc_photo_mdc_2ff538_cdv_photo_019_1754396488344.jpg"",""rid"":39606057,""lid"":""6728851"",""fid"":""985"",""field"":""photo_map"",""title"":""mdc_photo_mdc_2ff538_cdv_photo_019_1754396488344.jpg"",""ext"":""jpg"",""panorama"":false,""isDir"":false}]",N/A,0723,COMPLETE NO BILL,,,,,,,,,,,,,,,,,,,,,,,,,,,,,,,,Lateral Inspection,"___json[{""pathname"":""/Collected Media/map_2662324/layer_6728851/mdc_photo_mdc_a38475_cdv_photo_033_1754351499432.jpg"",""rid"":39598795,""lid"":""6728851"",""fid"":""985"",""field"":""site_photos"",""title"":""mdc_photo_mdc_a38475_cdv_photo_033_1754351499432.jpg"",""ext"":""jpg"",""panorama"":false,""isDir"":false},{""pathname"":""/Collected Media/map_2662324/layer_6728851/mdc_photo_mdc_042668_cdv_photo_036_1754351499432.jpg"",""rid"":39598796,""lid"":""6728851"",""fid"":""985"",""field"":""site_photos"",""title"":""mdc_photo_mdc_042668_cdv_photo_036_1754351499432.jpg"",""ext"":""jpg"",""panorama"":false,""isDir"":false}]",,TX,2025/08/04,,,,18:48,C ET 1,2,N/A,,,,,,N/A,,,Push Camera,,,
COMPLETE,2025-06-06,,17501,,W 98TH ST,LENEXA ,,,,,,2025/06/06,1800,VISTA VILLAGE PRAIRE STAR PKWY,,,Eric Zerr,Carter Pacheco,0,178,0,,,TAP,GMI,END,,,,,,65.3,35,37,,,65.3,,,,,,2025/06/06,LETS,2025/06/06,LETS,,Post,Scott.Lovelady@onegas.com ,,38.9548,-94.791,yes,1,1,,,,One Gas,"___json[{""pathname"":""/Collected Media/map_2662324/layer_6728851/mdc_photo_mdc_70f3d1_cdv_photo_000_1749218215162.jpg"",""rid"":38806635,""lid"":""6728851"",""fid"":""924"",""field"":""photo_map"",""title"":""mdc_photo_mdc_70f3d1_cdv_photo_000_1749218215162.jpg"",""ext"":""jpg"",""panorama"":false,""isDir"":false}]",Yes,0403,COMPLETE,,,,,,,,,,,2025/06/06,,,Katy Thompson,,,Pass,,,A,B,C,,,,,,,1,,,Lateral Inspection,"___json[{""pathname"":""/Collected Media/map_2662324/layer_6728851/mdc_photo_mdc_4187db_cdv_photo_1749217550_1749217866330.jpg"",""rid"":38806613,""lid"":""6728851"",""fid"":""924"",""field"":""site_photos"",""title"":""mdc_photo_mdc_4187db_cdv_photo_1749217550_1749217866330.jpg"",""ext"":""jpg"",""panorama"":false,""isDir"":false}]",MH 17501 98TH ST,KS,2025/06/06,,,,08:45,A,2,Eric Zerr,,,2025/06/06,,,1800 LETS,,,Lateral Launch,https://pioneer.sewerai.com/dashboard/review/ecbbaf81-dde7-4c23-b8c1-85e6021e2bf9?t=2.065429&limit=30&offset=0&project=24PV0408+MESA+COUNTY-GATEWAY&ordering=-Inspection_Date&client_reviewed=false&city=LENEXA,,
COMPLETE,2025-06-02,,217,,RIVER ST,COMMERCE ,,,,,,2025/06/02,2400,5TH AND RIVER,,,James Atwood,Michael Parrish,0,0,0,0,,C/O,END,TAP,END,,,,,0,63.1,94.3,10.8,,,,,,,,2025/06/02,PO,2025/06/02,PO,,Post,SCOTT.LOVELADY@ONEGAS.COM ,1,36.9362,-94.8748,yes,2,2,,NO GAS SERVICE ALSO NO GMI SO NO CONFLICT,,One Gas,"___json[{""pathname"":""/Collected Media/map_2662324/layer_6728851/mdc_photo_mdc_5b84aa_cdv_photo_008_1748886092507.jpg"",""rid"":38748713,""lid"":""6728851"",""fid"":""783"",""field"":""photo_map"",""title"":""mdc_photo_mdc_5b84aa_cdv_photo_008_1748886092507.jpg"",""ext"":""jpg"",""panorama"":false,""isDir"":false}]",N/A,0406,COMPLETE,,,,,,,,,VIDEO CLEAR UNTIL BLOCKAGE,,,2025/06/03,,Katy Thompson,Katy Thompson,,N/A,Pass,,A,B,C,,,,,,,,,,Lateral Inspection,,,OK,2025/06/02,,,North,11:59,A,2,James Atwood,James Atwood,,2025/06/02,2025/06/02,,2400 PO,2400 LETS,,Lateral Launch,,https://pioneer.sewerai.com/dashboard/review/55fe53dc-e0e6-42dd-a5fa-6988ef46941a?t=1.235961&limit=30&offset=0&project=24PV0408+MESA+COUNTY-GATEWAY&client_reviewed=false&city=COMMERCE,
COMPLETE,2025-06-06,,17501,,98TH ST ,LENEXA ,,,,,,2025/06/06,1800,VISTA VILLAGE (PRAIRIE STAR PKWY/RIDGEVIEW) ,,,Eric Zerr,Carter Pacheco,0,102,0,,,TAP,GMI,END,,,,No,North,170.7,35.1,44.5,,,170.7,,,,,,2025/06/06,LETS,2025/06/06,LETS,,Post,SCOTT.LOVELADY@ONEGAS.COM ,,38.9548,-94.791,yes,1,1,,,,One Gas,"___json[{""pathname"":""/Collected Media/map_2662324/layer_6728851/mdc_photo_mdc_bb3582_cdv_photo_005_1749223484563.jpg"",""rid"":38807621,""lid"":""6728851"",""fid"":""927"",""field"":""photo_map"",""title"":""mdc_photo_mdc_bb3582_cdv_photo_005_1749223484563.jpg"",""ext"":""jpg"",""panorama"":false,""isDir"":false}]",Yes,0403,COMPLETE,,,,,,,,,,,2025/06/06,,,Katy Thompson,,,Pass,,,A,B,C,,,,,,,1,,,Lateral Inspection,"___json[{""pathname"":""/Collected Media/map_2662324/layer_6728851/mdc_photo_mdc_3b4d14_cdv_photo_004_1749223350585.jpg"",""rid"":38807586,""lid"":""6728851"",""fid"":""927"",""field"":""site_photos"",""title"":""mdc_photo_mdc_3b4d14_cdv_photo_004_1749223350585.jpg"",""ext"":""jpg"",""panorama"":false,""isDir"":false}]",MH 17501 W 98TH ST ,KS,2025/06/06,,,West,10:18,D,2,Eric Zerr,,,2025/06/06,,,1800 LETS,,,Lateral Launch,https://pioneer.sewerai.com/dashboard/review/e342435f-a248-4de1-9afc-4611195ca594?t=2.041476&limit=30&offset=0&project=24PV0408+MESA+COUNTY-GATEWAY&ordering=-Inspection_Date&client_reviewed=false&city=LENEXA,,
COMPLETE,2025-06-06,,17501,,98TH ST ,LENEXA ,,,,,,2025/06/06,1800,VISTA VILLAGE (PRAIRIE STAR PKWY/RIDGEVIEW) ,,,Eric Zerr,Carter Pacheco,0,102,0,,,TAP,GMI,END,,,,No,North,191.4,32.8,43.7,,,191.4,,,,,,2025/06/06,LETS,2025/06/06,LETS,,Post,SCOTT.LOVELADY@ONEGAS.COM ,,38.9548,-94.791,yes,1,1,,,,One Gas,"___json[{""pathname"":""/Collected Media/map_2662324/layer_6728851/mdc_photo_mdc_208185_cdv_photo_000_1749224675162.jpg"",""rid"":38807816,""lid"":""6728851"",""fid"":""932"",""field"":""photo_map"",""title"":""mdc_photo_mdc_208185_cdv_photo_000_1749224675162.jpg"",""ext"":""jpg"",""panorama"":false,""isDir"":false}]",Yes,0403,COMPLETE,,,,,,,,,,,2025/06/06,,,Katy Thompson,,,Pass,,,A,B,C,,,,,,,1,,,Lateral Inspection,"___json[{""pathname"":""/Collected Media/map_2662324/layer_6728851/mdc_photo_mdc_a5e9c1_cdv_photo_006_1749224425010.jpg"",""rid"":38807778,""lid"":""6728851"",""fid"":""932"",""field"":""site_photos"",""title"":""mdc_photo_mdc_a5e9c1_cdv_photo_006_1749224425010.jpg"",""ext"":""jpg"",""panorama"":false,""isDir"":false}]",MH 17501 W 98TH ST ,KS,2025/06/06,,,West,10:36,E,2,Edgar Atwood,,,2025/06/06,,,1800 LETS,,,Lateral Launch,https://pioneer.sewerai.com/dashboard/review/b301f7fb-b973-471c-b6b3-ced143e7db9e?t=2.301682&limit=30&offset=0&project=24PV0408+MESA+COUNTY-GATEWAY&ordering=-Inspection_Date&client_reviewed=false&city=LENEXA,,
COMPLETE,2025-06-06,,17501 ,,98TH ST ,LENEXA ,,,,,,2025/06/06,1800,VISTA VILLAGE (PRAIRIE STAR PKWY/RIDGEVIEW) ,,,Eric Zerr,Carter Pacheco,0,115,0,,,TAP,GMI,END,,,,No,North,252.9,34,44.6,,,252.9,,,,,,2025/06/06,LETS,2025/06/06,LETS,,Post,SCOTT.LOVELADY@ONEGAS.COM ,,38.9548,-94.7909,yes,1,1,,,,One Gas,"___json[{""pathname"":""/Collected Media/map_2662324/layer_6728851/mdc_photo_mdc_013d42_cdv_photo_001_1749226158879.jpg"",""rid"":38808021,""lid"":""6728851"",""fid"":""937"",""field"":""photo_map"",""title"":""mdc_photo_mdc_013d42_cdv_photo_001_1749226158879.jpg"",""ext"":""jpg"",""panorama"":false,""isDir"":false}]",Yes,0403,COMPLETE,,,,,,,,,,,2025/06/06,,,Katy Thompson,,,Pass,,,A,B,C,,,,,,,1,,,Lateral Inspection,"___json[{""pathname"":""/Collected Media/map_2662324/layer_6728851/mdc_photo_mdc_1bb195_cdv_photo_000_1749225993900.jpg"",""rid"":38808000,""lid"":""6728851"",""fid"":""937"",""field"":""site_photos"",""title"":""mdc_photo_mdc_1bb195_cdv_photo_000_1749225993900.jpg"",""ext"":""jpg"",""panorama"":false,""isDir"":false}]",MH 17501 W 98TH ST ,KS,2025/06/06,,,West,11:03,F,2,Edgar Atwood,,,2025/06/06,,,1800 LETS,,,Lateral Launch,https://pioneer.sewerai.com/dashboard/review/0702714c-3902-4ad0-bd1b-1d3dc48cd085?t=3.755035&limit=30&offset=0&project=24PV0408+MESA+COUNTY-GATEWAY&ordering=-Inspection_Date&client_reviewed=false&city=LENEXA,,
COMPLETE,2025-06-06,,301,,3RD ST,COMMERCE,,,,,,2025/06/06,2400,5TH AND RIVER,,,James Atwood,Michael Parrish,0,16,0,,,C/O,GSI,END,,,,,,0,5.1,17.4,,,,,,,,,2025/06/06,PO,2025/06/06,PO,,Post,SCOTT.LOVELADY@ONEGAS.COM ,1,36.9375,-94.8748,yes,1,1,,CLEAR / THIS LINE IS A PARTING LINE WITH 303 N QUINCY ST,,One Gas,"___json[{""pathname"":""/Collected Media/map_2662324/layer_6728851/mdc_photo_mdc_4491ed_cdv_photo_002_1749224792102.jpg"",""rid"":38807826,""lid"":""6728851"",""fid"":""933"",""field"":""photo_map"",""title"":""mdc_photo_mdc_4491ed_cdv_photo_002_1749224792102.jpg"",""ext"":""jpg"",""panorama"":false,""isDir"":false}]",N/A,0406,COMPLETE,,,,,,,,,,,,,,,,,,,,A,B,C,,,,,,,,,,Lateral Inspection,"___json[{""pathname"":""/Collected Media/map_2662324/layer_6728851/mdc_photo_mdc_109b4d_cdv_photo_003_1749225155536.jpg"",""rid"":38807878,""lid"":""6728851"",""fid"":""933"",""field"":""site_photos"",""title"":""mdc_photo_mdc_109b4d_cdv_photo_003_1749225155536.jpg"",""ext"":""jpg"",""panorama"":false,""isDir"":false}]",,OK,2025/06/06,,,North,10:40,,2,James Atwood,,,2025/06/06,,,2400 PO,,,Push Camera,,,
COMPLETE NO BILL,2025-08-04,,1513,,S Helen St,Monahans,,,,,,2025/08/04,4600,One Gas,,,Jason Claunch,Kyle Graham ,,,,,,End,,,,,,,,4,,,,,,,,,,,2025/08/04,PO,2025/08/04,PO,,Post,One Gas,1,31.581,-102.887,yes,1,1,,"8/4/2025 4600 pushed from CO to secondary mainline. This is clear, will not cross gas in any way",,One Gas,"___json[{""pathname"":""/Collected Media/map_2662324/layer_6728851/mdc_photo_mdc_a9e457_cdv_photo_020_1754396533333.jpg"",""rid"":39606068,""lid"":""6728851"",""fid"":""979"",""field"":""photo_map"",""title"":""mdc_photo_mdc_a9e457_cdv_photo_020_1754396533333.jpg"",""ext"":""jpg"",""panorama"":false,""isDir"":false}]",N/A,0723,COMPLETE NO BILL,,,,,,,,,,,,,,,,,,,,,,,,,,,,,,,,Lateral Inspection,"___json[{""pathname"":""/Collected Media/map_2662324/layer_6728851/mdc_photo_mdc_bca802_cdv_photo_025_1754343873752.jpg"",""rid"":39598007,""lid"":""6728851"",""fid"":""979"",""field"":""site_photos"",""title"":""mdc_photo_mdc_bca802_cdv_photo_025_1754343873752.jpg"",""ext"":""jpg"",""panorama"":false,""isDir"":false},{""pathname"":""/Collected Media/map_2662324/layer_6728851/mdc_photo_mdc_022ca7_cdv_photo_029_1754344188671.jpg"",""rid"":39598061,""lid"":""6728851"",""fid"":""979"",""field"":""site_photos"",""title"":""mdc_photo_mdc_022ca7_cdv_photo_029_1754344188671.jpg"",""ext"":""jpg"",""panorama"":false,""isDir"":false}]",,TX,2025/08/04,,,,16:41,C,2,Kyle Graham ,,,2025/08/04,,,-----------------,,,Push Camera,,,
COMPLETE,2025-06-05,,304,,QUINCY ST,COMMERCE,,,,,,2025/06/05,2400,5TH AND RIVER ,,,James Atwood,Michael Parrish,0,28,0,,,TAP,GMI,END,,,,,South,267.3,5.7,6.7,,,267.3,,,,,,2025/06/05,LETS,2025/06/05,LETS,,Post,SCOTT.LOVELADY@ONEGAS.COM ,,36.9375,-94.8748,yes,1,1,,ABANDONED LINE / SHARP TURN DOWN COMING OFF MAIN PUSHES INTO OFFSET,,One Gas,"___json[{""pathname"":""/Collected Media/map_2662324/layer_6728851/mdc_photo_mdc_1d8753_cdv_photo_000_1749153726457.jpg"",""rid"":38797744,""lid"":""6728851"",""fid"":""905"",""field"":""photo_map"",""title"":""mdc_photo_mdc_1d8753_cdv_photo_000_1749153726457.jpg"",""ext"":""jpg"",""panorama"":false,""isDir"":false}]",Yes,0406,COMPLETE,,,,,,,,,,,2025/06/06,,,Katy Thompson,,,Pass,,,A,B,C,,,,,,,1,,,Lateral Inspection,"___json[{""pathname"":""/Collected Media/map_2662324/layer_6728851/mdc_photo_mdc_85376a_cdv_photo_000_1749153551791.jpg"",""rid"":38797720,""lid"":""6728851"",""fid"":""905"",""field"":""site_photos"",""title"":""mdc_photo_mdc_85376a_cdv_photo_000_1749153551791.jpg"",""ext"":""jpg"",""panorama"":false,""isDir"":false}]",MH 318 N QUINCY ST ,OK,2025/06/05,,,North,14:55,,2,James Atwood,,,2025/06/05,,,2400 LETS,,,Lateral Launch,https://pioneer.sewerai.com/dashboard/review/3ae3dec4-f859-4efe-847c-aec4c1e620d7?t=3.304227&limit=30&offset=0&project=24PV0408+MESA+COUNTY-GATEWAY&ordering=-Inspection_Date&client_reviewed=false&city=COMMERCE,,
COMPLETE,2025-06-05,,MH 318 N QUINCY ST ,,QUINCY ST,COMMERCE,,,,,,2025/06/05,2400,5TH AND RIVER,,,James Atwood,Michael Parrish,0,0,,,,MH ,END,,,,,,,0,331,,,,,,,,ML SOUTH EXTENDED TAP,,2025/06/05,ML,2025/06/05,ML,,Post,SCOTT.LOVELADY@ONEGAS.COM ,,36.9375,-94.8747,yes,1,1,,GOT STOPPED AT A EXTENDED TAP,,One Gas,"___json[{""pathname"":""/Collected Media/map_2662324/layer_6728851/mdc_photo_mdc_774629_cdv_photo_000_1749154182918.jpg"",""rid"":38797810,""lid"":""6728851"",""fid"":""881"",""field"":""photo_map"",""title"":""mdc_photo_mdc_774629_cdv_photo_000_1749154182918.jpg"",""ext"":""jpg"",""panorama"":false,""isDir"":false}]",Yes,0406,COMPLETE,,,,,,,,,,,2025/06/06,,,Katy Thompson,,,Pass,,,A,B,,,,,,,336,,,336,Main Inspection,,MH 318 N QUINCY ST ,OK,2025/06/05,,,North,15:06,ML SOUTH EXTENDED TAP,2,James Atwood,,,2025/06/05,,,2400 LETS,,,CCTV,https://pioneer.sewerai.com/dashboard/review/cb5cc7ff-ff88-4677-9b78-ff6941878374?t=2.006854&limit=30&offset=0&project=24PV0408+MESA+COUNTY-GATEWAY&ordering=-Inspection_Date&client_reviewed=false&city=COMMERCE,,
COMPLETE,2025-06-06,,401,,RIVER ST,COMMERCE,,,,,,2025/06/06,2400,5TH AND RIVER,,,James Atwood,Michael Parrish,0,0,0,20,0,TAP,END ,C/O,GSI,END,,,North,31.2,6.4,0,58.9,66.5,31.2,,,,,,2025/06/06,PO,2025/06/06,PO,,Post,SCOTT.LOVELADY@ONEGAS.COM ,1,36.9375,-94.8748,yes,2,2,,BAD OFFSET HAS VCO / OLD GAS WAS TIED OVER TO GAS MAIN / PUSHED FROM CLEAN OUT TO CONNECT INTO WHERE WE LETS / HAD TO FLAG THE GSI ONLY DUE TO WATER PUDDLE.,,One Gas,"___json[{""pathname"":""/Collected Media/map_2662324/layer_6728851/mdc_photo_mdc_ded7fc_cdv_photo_000_1749157283073.jpg"",""rid"":38798379,""lid"":""6728851"",""fid"":""912"",""field"":""photo_map"",""title"":""mdc_photo_mdc_ded7fc_cdv_photo_000_1749157283073.jpg"",""ext"":""jpg"",""panorama"":false,""isDir"":false},{""pathname"":""/Collected Media/map_2662324/layer_6728851/mdc_photo_mdc_cafa88_cdv_photo_001_1749228719438.jpg"",""rid"":38808589,""lid"":""6728851"",""fid"":""912"",""field"":""photo_map"",""title"":""mdc_photo_mdc_cafa88_cdv_photo_001_1749228719438.jpg"",""ext"":""jpg"",""panorama"":false,""isDir"":false}]",No,0406,COMPLETE,,,,,N/A,,,"VIDEO OF LATERAL IS CLEAR UNTIL BAD OFFSET, CAMERA CAN'T GET THROUGH. WAITING FOR 2400 PO VIDEO",,,2025/06/06,,,Katy Thompson,,,Fail,,,A,B,C,D,E,,,,,1,,,Lateral Inspection,"___json[{""pathname"":""/Collected Media/map_2662324/layer_6728851/mdc_photo_mdc_524953_cdv_photo_000_1749228515106.jpg"",""rid"":38808534,""lid"":""6728851"",""fid"":""912"",""field"":""site_photos"",""title"":""mdc_photo_mdc_524953_cdv_photo_000_1749228515106.jpg"",""ext"":""jpg"",""panorama"":false,""isDir"":false}]",MH 318 N QUINCY ST ,OK,2025/06/06,,,North,11:45,,2,James Atwood,James Atwood,,2025/06/05,2025/06/06,,2400 LETS,2400 PO,,Lateral Launch,https://pioneer.sewerai.com/dashboard/review/1d569ce4-7ff2-4a45-934f-953c3d097a1f?t=1.275184&limit=30&offset=0&project=24PV0408+MESA+COUNTY-GATEWAY&ordering=-Inspection_Date&client_reviewed=false&city=COMMERCE,,
COMPLETE NO BILL,2025-08-04,,1513,,S Helen St,Monahans,,,,,,2025/08/04,4600,OneGas,,,Jason Claunch,Kyle Graham ,,,,,,End/3T,3T,12T,3T,,,No,,108,89.1,79.5,16.8,,,,,,,,2025/08/04,PO,2025/08/04,PO,,Post,OneGas,1,31.5775,-102.897,yes,1,1,,"8/4/2025 4600 push from clean out to secondary Maine running behind property. Pushed out as far as possible, and maxed out push reel. Recorded video back. There are several bellies of water throughout gas runs parallel on the south side of the sewer secondary main but does not cross or conflict. This section of mainline is clear.",,One Gas,"___json[{""pathname"":""/Collected Media/map_2662324/layer_6728851/mdc_photo_mdc_f6c3aa_cdv_photo_021_1754396700217.jpg"",""rid"":39606214,""lid"":""6728851"",""fid"":""957"",""field"":""photo_map"",""title"":""mdc_photo_mdc_f6c3aa_cdv_photo_021_1754396700217.jpg"",""ext"":""jpg"",""panorama"":false,""isDir"":false}]",N/A,0723,COMPLETE NO BILL,,,,,,,,,,,,,,,,,,,,A,,,,,,,,108,,,108,Main Inspection,"___json[{""pathname"":""/Collected Media/map_2662324/layer_6728851/mdc_photo_mdc_ecf264_cdv_photo_000_1754321151292.jpg"",""rid"":39592694,""lid"":""6728851"",""fid"":""957"",""field"":""site_photos"",""title"":""mdc_photo_mdc_ecf264_cdv_photo_000_1754321151292.jpg"",""ext"":""jpg"",""panorama"":false,""isDir"":false},{""pathname"":""/Collected Media/map_2662324/layer_6728851/mdc_photo_mdc_f0d554_cdv_photo_001_1754321151292.jpg"",""rid"":39592695,""lid"":""6728851"",""fid"":""957"",""field"":""site_photos"",""title"":""mdc_photo_mdc_f0d554_cdv_photo_001_1754321151292.jpg"",""ext"":""jpg"",""panorama"":false,""isDir"":false},{""pathname"":""/Collected Media/map_2662324/layer_6728851/mdc_photo_mdc_610f95_cdv_photo_002_1754321151292.jpg"",""rid"":39592696,""lid"":""6728851"",""fid"":""957"",""field"":""site_photos"",""title"":""mdc_photo_mdc_610f95_cdv_photo_002_1754321151292.jpg"",""ext"":""jpg"",""panorama"":false,""isDir"":false},{""pathname"":""/Collected Media/map_2662324/layer_6728851/mdc_photo_mdc_91f75e_cdv_photo_003_1754321151292.jpg"",""rid"":39592697,""lid"":""6728851"",""fid"":""957"",""field"":""site_photos"",""title"":""mdc_photo_mdc_91f75e_cdv_photo_003_1754321151292.jpg"",""ext"":""jpg"",""panorama"":false,""isDir"":false},{""pathname"":""/Collected Media/map_2662324/layer_6728851/mdc_photo_mdc_cdd85f_cdv_photo_004_1754321151292.jpg"",""rid"":39592698,""lid"":""6728851"",""fid"":""957"",""field"":""site_photos"",""title"":""mdc_photo_mdc_cdd85f_cdv_photo_004_1754321151292.jpg"",""ext"":""jpg"",""panorama"":false,""isDir"":false}]",,TX,2025/08/04,,,,10:16,A CO ML W,2,Kyle Graham ,,,2025/08/04,,,-----------------,,,Push Camera,,,
COMPLETE,2025-06-06,,17501,,98TH ST ,LENEXA ,,,,,,2025/06/06,1800,VISTA VILLAGE (PRAIRIE STAR PKWY/RIDGEVIEW) ,,,Eric Zerr,Carter Pacheco,0,0,,,,TAP,END,,,,,No,South,32,20.2,,,,32,,,,,,2025/06/06,LETS,2025/06/06,LETS,,Post,SCOTT.LOVELADY@ONEGAS.COM ,,38.9548,-94.791,yes,1,1,,ENDED AT CAP JUST BEFORE GAS LINE,,One Gas,"___json[{""pathname"":""/Collected Media/map_2662324/layer_6728851/mdc_photo_mdc_e1ea61_cdv_photo_000_1749230707531.jpg"",""rid"":38808972,""lid"":""6728851"",""fid"":""942"",""field"":""photo_map"",""title"":""mdc_photo_mdc_e1ea61_cdv_photo_000_1749230707531.jpg"",""ext"":""jpg"",""panorama"":false,""isDir"":false}]",Yes,0403,COMPLETE,,,,,,,,,,,2025/06/06,,,Katy Thompson,,,Pass,,,A,B,,,,,,,,1,,,Lateral Inspection,"___json[{""pathname"":""/Collected Media/map_2662324/layer_6728851/mdc_photo_mdc_a5aa34_cdv_photo_1749230485_1749230494307.jpg"",""rid"":38808941,""lid"":""6728851"",""fid"":""942"",""field"":""site_photos"",""title"":""mdc_photo_mdc_a5aa34_cdv_photo_1749230485_1749230494307.jpg"",""ext"":""jpg"",""panorama"":false,""isDir"":false}]",MH 17501 W 98TH ST ,KS,2025/06/06,,,West,12:06,I,2,Edgar Atwood,,,2025/06/06,,,1800 LETS,,,Lateral Launch,https://pioneer.sewerai.com/dashboard/review/aedef01e-a6d2-443e-a846-8ada18b302c5?t=0&limit=30&offset=0&project=24PV0408+MESA+COUNTY-GATEWAY&ordering=-Inspection_Date&client_reviewed=false,,
GAS LINE,2025-08-07,,7612,,Alpine Dr,El Paso,,,,,,2025/08/07,,,,,,,,,,,,,,,,,,,,,,,,,,,,,,,,,,,,Post,,,31.7604,-106.362,,,,,,,One Gas,,,0723,GAS LINE,,,,,,,,,,,,,,,,,,,,,,,,,,,,,,,,,,,TX,2025/08/07,,,,14:14,Gas Service,1,,,,,,,,,,,,,
COMPLETE NO BILL,2025-08-04,,1513,,S Helen St,Monahans,,,,,,2025/08/04,4600,One Gas,,,Jason Claunch,Kyle Graham ,,,,,,End,,,,,,,,7,,,,,,,,,,,2025/08/04,PO,2025/08/04,PO,,Post,One Gas,1,31.5815,-102.886,yes,1,1,,"8/4/2025 4600 pushed lateral to secondary main, will not cross or conflict with gas bored to the East and to the South.",,One Gas,"___json[{""pathname"":""/Collected Media/map_2662324/layer_6728851/mdc_photo_mdc_c7f579_cdv_photo_025_1754396873431.jpg"",""rid"":39606277,""lid"":""6728851"",""fid"":""975"",""field"":""photo_map"",""title"":""mdc_photo_mdc_c7f579_cdv_photo_025_1754396873431.jpg"",""ext"":""jpg"",""panorama"":false,""isDir"":false}]",N/A,0723,COMPLETE NO BILL,,,,,,,,,,,,,,,,,,,,,,,,,,,,,,,,Lateral Inspection,"___json[{""pathname"":""/Collected Media/map_2662324/layer_6728851/mdc_photo_mdc_df6575_cdv_photo_024_1754396873431.jpg"",""rid"":39606275,""lid"":""6728851"",""fid"":""975"",""field"":""site_photos"",""title"":""mdc_photo_mdc_df6575_cdv_photo_024_1754396873431.jpg"",""ext"":""jpg"",""panorama"":false,""isDir"":false},{""pathname"":""/Collected Media/map_2662324/layer_6728851/mdc_photo_mdc_b9d9f9_cdv_photo_026_1754396873431.jpg"",""rid"":39606276,""lid"":""6728851"",""fid"":""975"",""field"":""site_photos"",""title"":""mdc_photo_mdc_b9d9f9_cdv_photo_026_1754396873431.jpg"",""ext"":""jpg"",""panorama"":false,""isDir"":false}]",,TX,2025/08/04,,,,14:32,B,2,Kyle Graham ,,,2025/08/04,,,-----------------,,,Push Camera,,,
COMPLETE,2025-06-02,,MH 9411 MOODY PARK DR ,,MOODY PARK DR ,OVERLAND PARK ,,,,,,2025/06/02,1800,SOUTHDALE/95 AND NEIMAN ,,,Edgar Atwood,Carter Pacheco,0,0,,,,MH 9411 MOODY PARK DR ,END/MH 9403 MOODY PARK DR ,,,,,No,,0,205.1,,,,,,,,MH 9403 MOODY PARK DR ,,2025/06/02,LETS,2025/06/02,LETS,,Post,SCOTT.LOVELADY@ONEGAS.COM ,,38.9586,-94.7011,yes,1,1,,,,One Gas,"___json[{""pathname"":""/Collected Media/map_2662324/layer_6728851/mdc_photo_mdc_8a489f_cdv_photo_003_1748895091127.jpg"",""rid"":38750804,""lid"":""6728851"",""fid"":""789"",""field"":""photo_map"",""title"":""mdc_photo_mdc_8a489f_cdv_photo_003_1748895091127.jpg"",""ext"":""jpg"",""panorama"":false,""isDir"":false}]",Yes,0403,COMPLETE,,,,,,,,,,,2025/06/03,,,Katy Thompson,,,Pass,,,A,B,,,,,,,205.1,,,205.1,Main Inspection,,MH 9411 MOODY PARK DR ,KS,2025/06/02,,,,15:07,TO MH 9403 MOODY PARK DR ,2,Edgar Atwood,,,2025/06/02,,,1800 LETS,,,Lateral Launch,https://pioneer.sewerai.com/dashboard/review/0faaa485-aa75-4563-9276-5defa9fe2e7d?t=2.496079&limit=30&offset=0&project=24PV0408+MESA+COUNTY-GATEWAY&client_reviewed=false,,
COMPLETE NO BILL,2025-08-05,,Extra tap 5,,15th St,Monahans ,,,,,,2025/08/05,---------------------,15TH ST Monaghan ,,,---------------------,---------------------,,,,,,Capped 12T,,,,,,No,,4,,,,,,,,,,,2025/08/05,LETS,2025/08/05,LETS,,Post,Z,,31.5809,-102.888,yes,1,1,,"Truck5100 
Lead - Christian E. Tech - Derek K.
Lets into lat its capped 10 FT",,One Gas,"___json[{""pathname"":""/Collected Media/map_2662324/layer_6728851/mdc_photo_mdc_0b6fe9_cdv_photo_003_1754422375118.jpg"",""rid"":39612920,""lid"":""6728851"",""fid"":""1005"",""field"":""photo_map"",""title"":""mdc_photo_mdc_0b6fe9_cdv_photo_003_1754422375118.jpg"",""ext"":""jpg"",""panorama"":false,""isDir"":false}]",N/A,0723,COMPLETE NO BILL,,,,,,,,,,,,,,,,,,,,A,,,,,,,,,1,,,Lateral Inspection,"___json[{""pathname"":""/Collected Media/map_2662324/layer_6728851/mdc_photo_mdc_1377d6_cdv_photo_002_1754422375117.jpg"",""rid"":39612919,""lid"":""6728851"",""fid"":""1005"",""field"":""site_photos"",""title"":""mdc_photo_mdc_1377d6_cdv_photo_002_1754422375117.jpg"",""ext"":""jpg"",""panorama"":false,""isDir"":false}]",,TX,2025/08/05,,,,14:27,,2,---------------------,,,2025/08/04,,,-----------------,,,Lateral Launch,,,
COMPLETE,2025-06-02,,214,,QUINCY ST,COMMERCE ,,,,,,2025/06/02,2400,5TH AND RIVER,,,James Atwood,Michael Parrish,0,50,0,0,0,TAP,GMI,12T,END,,,,South,73.8,3.6,82.1,84.5,0,73.8,,,,,,2025/06/02,LETS,2025/06/02,LETS,0,Post,SCOTT.LOVELADY@ONEGAS.COM ,0,36.9362,-94.8748,yes,1,1,,NO NEW GAS SERVICE ABANDONED ,,One Gas,"___json[{""pathname"":""/Collected Media/map_2662324/layer_6728851/mdc_photo_mdc_807b09_cdv_photo_006_1748878150335.jpg"",""rid"":38746592,""lid"":""6728851"",""fid"":""776"",""field"":""photo_map"",""title"":""mdc_photo_mdc_807b09_cdv_photo_006_1748878150335.jpg"",""ext"":""jpg"",""panorama"":false,""isDir"":false}]",Yes,0406,COMPLETE,,,,,,,,,,,2025/06/09,,,Katy Thompson,,,Pass,,,A,,,,,,,0,0,1,0,,Lateral Inspection,"___json[{""pathname"":""/Collected Media/map_2662324/layer_6728851/mdc_photo_mdc_c9e17f_cdv_photo_005_1748877400869.jpg"",""rid"":38746327,""lid"":""6728851"",""fid"":""776"",""field"":""site_photos"",""title"":""mdc_photo_mdc_c9e17f_cdv_photo_005_1748877400869.jpg"",""ext"":""jpg"",""panorama"":false,""isDir"":false}]",MH 302 N QUINCY ST ,OK,2025/06/02,,,North,10:12,,2,James Atwood,,,2025/06/02,,,2400 LETS,,,Lateral Launch,https://pioneer.sewerai.com/dashboard/review/42b22efe-210c-4312-afaf-6c0ee8358263?t=0&limit=30&offset=0&project=24PV0408+MESA+COUNTY-GATEWAY&client_reviewed=false&city=COMMERCE,,
COMPLETE,2025-06-04,,MH 9247 MOODY PARK DR ,,MOODY PARK DR,OVERLAND PARK ,,,,2025/06/05,,2025/06/04,1800,SOUTHDALE/95 AND NEIMAN ,,,Edgar Atwood,Tiffanie Gibson,54,48,42,50,,GSI,GMI,GMI,GSI ,END,,,,81.6,132,212.2,294.4,358,,,,,TO SOUTHG,,2025/06/05,LETS,2025/06/05,LETS,,Post,SCOTT.LOVELADY@ONEGAS.COM ,,38.9603,-94.7011,yes,1,1,,,,One Gas,,N/A,0403,COMPLETE,,,,,,,,,,,2025/06/05,,,,,,,,,A,B,C,D,,,,,358,,,358,Main Inspection,"___json[{""pathname"":""/Collected Media/map_2662324/layer_6728851/mdc_photo_mdc_e3dc0a_cdv_photo_000_1749155781479.jpg"",""rid"":38798153,""lid"":""6728851"",""fid"":""860"",""field"":""site_photos"",""title"":""mdc_photo_mdc_e3dc0a_cdv_photo_000_1749155781479.jpg"",""ext"":""jpg"",""panorama"":false,""isDir"":false},{""pathname"":""/Collected Media/map_2662324/layer_6728851/mdc_photo_mdc_4feddd_cdv_photo_001_1749155781479.jpg"",""rid"":38798154,""lid"":""6728851"",""fid"":""860"",""field"":""site_photos"",""title"":""mdc_photo_mdc_4feddd_cdv_photo_001_1749155781479.jpg"",""ext"":""jpg"",""panorama"":false,""isDir"":false},{""pathname"":""/Collected Media/map_2662324/layer_6728851/mdc_photo_mdc_14fc64_cdv_photo_002_1749155781479.jpg"",""rid"":38798155,""lid"":""6728851"",""fid"":""860"",""field"":""site_photos"",""title"":""mdc_photo_mdc_14fc64_cdv_photo_002_1749155781479.jpg"",""ext"":""jpg"",""panorama"":false,""isDir"":false},{""pathname"":""/Collected Media/map_2662324/layer_6728851/mdc_photo_mdc_1b20cc_cdv_photo_003_1749155781479.jpg"",""rid"":38798156,""lid"":""6728851"",""fid"":""860"",""field"":""site_photos"",""title"":""mdc_photo_mdc_1b20cc_cdv_photo_003_1749155781479.jpg"",""ext"":""jpg"",""panorama"":false,""isDir"":false},{""pathname"":""/Collected Media/map_2662324/layer_6728851/mdc_photo_mdc_be526d_cdv_photo_004_1749155781479.jpg"",""rid"":38798157,""lid"":""6728851"",""fid"":""860"",""field"":""site_photos"",""title"":""mdc_photo_mdc_be526d_cdv_photo_004_1749155781479.jpg"",""ext"":""jpg"",""panorama"":false,""isDir"":false},{""pathname"":""/Collected Media/map_2662324/layer_6728851/mdc_photo_mdc_163036_cdv_photo_005_1749155781479.jpg"",""rid"":38798158,""lid"":""6728851"",""fid"":""860"",""field"":""site_photos"",""title"":""mdc_photo_mdc_163036_cdv_photo_005_1749155781479.jpg"",""ext"":""jpg"",""panorama"":false,""isDir"":false},{""pathname"":""/Collected Media/map_2662324/layer_6728851/mdc_photo_mdc_6d1686_cdv_photo_006_1749155781479.jpg"",""rid"":38798159,""lid"":""6728851"",""fid"":""860"",""field"":""site_photos"",""title"":""mdc_photo_mdc_6d1686_cdv_photo_006_1749155781479.jpg"",""ext"":""jpg"",""panorama"":false,""isDir"":false},{""pathname"":""/Collected Media/map_2662324/layer_6728851/mdc_photo_mdc_d0ba64_cdv_photo_007_1749155781479.jpg"",""rid"":38798160,""lid"":""6728851"",""fid"":""860"",""field"":""site_photos"",""title"":""mdc_photo_mdc_d0ba64_cdv_photo_007_1749155781479.jpg"",""ext"":""jpg"",""panorama"":false,""isDir"":false}]",MH 9247 MOODY PARK DR ,KS,2025/06/04,,,,15:37,TO SOUTH,2,Edgar Atwood,,,2025/06/05,,,1800 LETS,,,Lateral Launch,,,
COMPLETE NO BILL,2025-08-05,,909,,SW 1st St,Andrews,,,,,,2025/08/05,4600,One Gas,,,Jason Claunch,Kyle Graham ,,,,,,End,12T,12T,12T,,,,,165.1,102.9,100.11,80.11,12.6,,,,,,,2025/08/05,PO,2025/08/05,PO,,Post,One Gas,1,32.3091,-102.544,yes,1,1,,8/4/2025 4600 pushed from this clean out as far as we could into mainline,,One Gas,"___json[{""pathname"":""/Collected Media/map_2662324/layer_6728851/mdc_photo_mdc_b7e13e_cdv_photo_003_1754424068707.jpg"",""rid"":39613240,""lid"":""6728851"",""fid"":""1010"",""field"":""photo_map"",""title"":""mdc_photo_mdc_b7e13e_cdv_photo_003_1754424068707.jpg"",""ext"":""jpg"",""panorama"":false,""isDir"":false}]",N/A,0723,COMPLETE NO BILL,,,,,,,,,,,,,,,,,,,,,,,,,,,,165.1,,,165.1,Lateral Inspection,"___json[{""pathname"":""/Collected Media/map_2662324/layer_6728851/mdc_photo_mdc_0ef079_cdv_photo_1754411844_1754423790472.jpg"",""rid"":39613215,""lid"":""6728851"",""fid"":""1010"",""field"":""site_photos"",""title"":""mdc_photo_mdc_0ef079_cdv_photo_1754411844_1754423790472.jpg"",""ext"":""jpg"",""panorama"":false,""isDir"":false},{""pathname"":""/Collected Media/map_2662324/layer_6728851/mdc_photo_mdc_7617b0_cdv_photo_1754411852_1754423790472.jpg"",""rid"":39613216,""lid"":""6728851"",""fid"":""1010"",""field"":""site_photos"",""title"":""mdc_photo_mdc_7617b0_cdv_photo_1754411852_1754423790472.jpg"",""ext"":""jpg"",""panorama"":false,""isDir"":false},{""pathname"":""/Collected Media/map_2662324/layer_6728851/mdc_photo_mdc_25130a_cdv_photo_1754411958_1754423790472.jpg"",""rid"":39613217,""lid"":""6728851"",""fid"":""1010"",""field"":""site_photos"",""title"":""mdc_photo_mdc_25130a_cdv_photo_1754411958_1754423790472.jpg"",""ext"":""jpg"",""panorama"":false,""isDir"":false}]",,TX,2025/08/05,,,,11:19,CO ML N,2,Jason Claunch,,,2025/08/05,,,-----------------,,,Push Camera,,,
GAS LINE,2025-08-07,,7601,,Alpine Dr,El Paso,,,,,,2025/08/07,,,,,,,,,,,,,,,,,,,,,,,,,,,,,,,,,,,,Post,,,31.7597,-106.363,,,,,,,One Gas,,,0723,GAS LINE,,,,,,,,,,,,,,,,,,,,,,,,,,,,,,,,,,,TX,2025/08/07,,,,15:50,Gas Service,1,,,,,,,,,,,,,
COMPLETE NO BILL,2025-08-05,,911,,SW 1st St,Andrews,,,,,,2025/08/05,4600,One Gas,,,Jason Claunch,Kyle Graham ,,,,,,End,GMI Sewer@0.20 Gas@23”,,,,,,,47,40.7,,,,,,,,,,2025/08/05,PO,2025/08/05,PO,,Post,One Gas,1,31.9139,-102.431,yes,1,1,,"8/5/2025 4600 pushed CO to ML, this lateral is clear.",,One Gas,"___json[{""pathname"":""/Collected Media/map_2662324/layer_6728851/mdc_photo_mdc_11d491_cdv_photo_007_1754424777811.jpg"",""rid"":39613381,""lid"":""6728851"",""fid"":""1011"",""field"":""photo_map"",""title"":""mdc_photo_mdc_11d491_cdv_photo_007_1754424777811.jpg"",""ext"":""jpg"",""panorama"":false,""isDir"":false}]",N/A,0723,COMPLETE NO BILL,,,,,,,,,,,,,,,,,,,,,,,,,,,,,,,,Lateral Inspection,"___json[{""pathname"":""/Collected Media/map_2662324/layer_6728851/mdc_photo_mdc_562297_cdv_photo_005_1754424777811.jpg"",""rid"":39613379,""lid"":""6728851"",""fid"":""1011"",""field"":""site_photos"",""title"":""mdc_photo_mdc_562297_cdv_photo_005_1754424777811.jpg"",""ext"":""jpg"",""panorama"":false,""isDir"":false},{""pathname"":""/Collected Media/map_2662324/layer_6728851/mdc_photo_mdc_a6ebbb_cdv_photo_006_1754424777811.jpg"",""rid"":39613380,""lid"":""6728851"",""fid"":""1011"",""field"":""site_photos"",""title"":""mdc_photo_mdc_a6ebbb_cdv_photo_006_1754424777811.jpg"",""ext"":""jpg"",""panorama"":false,""isDir"":false}]",,TX,2025/08/05,,,,15:08,,2,N/A,,,,,,N/A,,,Push Camera,,,
COMPLETE NO BILL,2025-08-07,,7610,,Alpine Dr,El Paso,,,,,,2025/08/07,4600,Kingman Alpine relo El Paso ,,,Jason Claunch,Kyle Graham ,,,,,,End,,,,,,,,65,,,,,,,,,,,2025/08/07,PO,2025/08/07,PO,,Post,One Gas,1,31.7598,-106.362,yes,1,1,,08/07/2025 4600 pushed from CO to ML this line is clear.,,One Gas,,Yes,0723,COMPLETE NO BILL,,,,,,,,PASS-JAB,,,2025/08/29,,,Jay Brown,,,Pass,,,,,,,,,,,,,,,Lateral Inspection,"___json[{""pathname"":""/Collected Media/map_2662324/layer_6728851/mdc_photo_mdc_f23e7d_cdv_photo_004_1754600771108.jpg"",""rid"":39648850,""lid"":""6728851"",""fid"":""1087"",""field"":""site_photos"",""title"":""mdc_photo_mdc_f23e7d_cdv_photo_004_1754600771108.jpg"",""ext"":""jpg"",""panorama"":false,""isDir"":false}]",,TX,2025/08/07,,,,14:30,,2,Jason Claunch,,,2025/08/07,,,-----------------,,,Push Camera,https://pipeviewamerica.sharefile.com/home/shared/fo679615-9956-48c1-ad4f-e4f0aa30eb1d,,
COMPLETE NO BILL,2025-08-07,,7606,,Alpine Dr,El Paso,,,,,,2025/08/07,4600,Kingman Alpine relo El Paso ,,,Jason Claunch,Kyle Graham ,,,,,,End,,,,,,,,82,,,,,,,,,,,2025/08/07,PO,2025/08/07,PO,,Post,One Gas,1,31.7599,-106.362,yes,1,1,,08/07/2025 4600 pushed this property due to multiple properties in area getting service bores done and close proximity to gas installations. This lateral is clear.,,One Gas,"___json[{""pathname"":""/Collected Media/map_2662324/layer_6728851/mdc_photo_mdc_3eed5f_cdv_photo_012_1754605169958.jpg"",""rid"":39649623,""lid"":""6728851"",""fid"":""1101"",""field"":""photo_map"",""title"":""mdc_photo_mdc_3eed5f_cdv_photo_012_1754605169958.jpg"",""ext"":""jpg"",""panorama"":false,""isDir"":false}]",Yes,0723,COMPLETE NO BILL,,,,,,,,PASS-JAB,,,2025/08/29,,,Jay Brown,,,Pass,,,,,,,,,,,,,,,Lateral Inspection,"___json[{""pathname"":""/Collected Media/map_2662324/layer_6728851/mdc_photo_mdc_df3d8a_cdv_photo_1754604992_1754605119316.jpg"",""rid"":39649619,""lid"":""6728851"",""fid"":""1101"",""field"":""site_photos"",""title"":""mdc_photo_mdc_df3d8a_cdv_photo_1754604992_1754605119316.jpg"",""ext"":""jpg"",""panorama"":false,""isDir"":false}]",,TX,2025/08/07,,,,16:10,,2,Jason Claunch,,,2025/08/07,,,-----------------,,,Push Camera,https://pipeviewamerica.sharefile.com/home/shared/fo64e41a-c386-4b1e-b866-c59d8c4e0a67,,
COMPLETE NO BILL,2025-08-07,,156,,Manor Pl,El Paso,,,,,,2025/08/07,4600,Manor Pl El Paso,,,Jason Claunch,Kyle Graham ,,,,,,End,GMI Sewer@36” Gas@50”,,,,,,,40,12.7,,,,,,,,,,2025/08/07,PO,2025/08/07,PO,,Post,One Gas,1,31.7468,-106.386,yes,1,1,,08/07/2025 4600 push from cleanout to mainline. This lateral is clear.,,One Gas,"___json[{""pathname"":""/Collected Media/map_2662324/layer_6728851/mdc_photo_mdc_3f83c0_cdv_photo_035_1754614963347.jpg"",""rid"":39650671,""lid"":""6728851"",""fid"":""1108"",""field"":""photo_map"",""title"":""mdc_photo_mdc_3f83c0_cdv_photo_035_1754614963347.jpg"",""ext"":""jpg"",""panorama"":false,""isDir"":false}]",Yes,0723,COMPLETE NO BILL,,,,,,,,"UPDATE 8/29 JAB, PO VIDEO CLEARS
8/14/25 C. MOREN DIDNT GO TO FOUNDATION, WAITING ON PO VIDEO


https://pipeviewamerica.sharefile.com/home/shared/fo979e5b-4ec8-4ff3-995f-b709283eab39",,,2025/08/29,,,Jay Brown,,,Pass,,,,,,,,,,,,,,,Lateral Inspection,"___json[{""pathname"":""/Collected Media/map_2662324/layer_6728851/mdc_photo_mdc_b3ac5c_cdv_photo_1754614305_1754614403022.jpg"",""rid"":39650631,""lid"":""6728851"",""fid"":""1108"",""field"":""site_photos"",""title"":""mdc_photo_mdc_b3ac5c_cdv_photo_1754614305_1754614403022.jpg"",""ext"":""jpg"",""panorama"":false,""isDir"":false},{""pathname"":""/Collected Media/map_2662324/layer_6728851/mdc_photo_mdc_416b12_cdv_photo_1754614309_1754614403022.jpg"",""rid"":39650632,""lid"":""6728851"",""fid"":""1108"",""field"":""site_photos"",""title"":""mdc_photo_mdc_416b12_cdv_photo_1754614309_1754614403022.jpg"",""ext"":""jpg"",""panorama"":false,""isDir"":false},{""pathname"":""/Collected Media/map_2662324/layer_6728851/mdc_photo_mdc_453faa_cdv_photo_1754614320_1754614403022.jpg"",""rid"":39650633,""lid"":""6728851"",""fid"":""1108"",""field"":""site_photos"",""title"":""mdc_photo_mdc_453faa_cdv_photo_1754614320_1754614403022.jpg"",""ext"":""jpg"",""panorama"":false,""isDir"":false}]",,TX,2025/08/07,,,,18:46,,2,N/A,,,,,,N/A,,,Push Camera,https://pioneer.sewerai.com/dashboard/review/0b27a0eb-2cca-4cd2-bdd5-a2a2d77680dd?t=0&limit=30&offset=0&inspection_datetime__lte=2025-08-12T23%3A59%3A59-05%3A00&status=uploaded&client_reviewed=false&ordering=-Inspection_Date&issues=false&project=25PV0406+ONE+GAS+,,
COMPLETE,2025-05-06,,MH 320 SW LINDENWOOD AVE  ,,SW LINDENWOOD AVE,TOPEKA ,,,,,,2025/05/06,1800,PW-24R2-TOPEKA-2ND AND ORCHARD ,,,Eric Zerr,Carter Pacheco,115,47,156,,,MH 320 SW LINDENWOOD AVE ,GMI,END/MH 301 SW LINDENWOOD AVE ,,,,No,,0,15,32.5,,,,,,,MH 301 SW LINDENWOOD AVE ,,2025/05/06,LETS,2025/05/06,LETS,,Post,SCOTT.LOVELADY@ONEGAS.COM ,,39.0615,-95.7003,yes,1,1,,,,One Gas,"___json[{""pathname"":""/Collected Media/map_2662324/layer_6728851/mdc_photo_mdc_92b90a_cdv_photo_006_1758297241563.jpg"",""rid"":40224697,""lid"":""6728851"",""fid"":""596"",""field"":""photo_map"",""title"":""mdc_photo_mdc_92b90a_cdv_photo_006_1758297241563.jpg"",""ext"":""jpg"",""panorama"":false,""isDir"":false}]",Yes,0406,COMPLETE,,,,,,,,,,,2025/05/14,,,Katy Thompson,,,Pass,,,A,B,C,,,,,,211.2,1,,211.2,Main Inspection,"___json[{""pathname"":""/Collected Media/map_2662324/layer_6728851/mdc_photo_mdc_58c536_cdv_photo_000_1746563937731.jpg"",""rid"":38454998,""lid"":""6728851"",""fid"":""596"",""field"":""site_photos"",""title"":""mdc_photo_mdc_58c536_cdv_photo_000_1746563937731.jpg"",""ext"":""jpg"",""panorama"":false,""isDir"":false}]",MH 320 SW LINDENWOOD AVE ,KS,2025/05/06,,,South,09:42,TO MH 301 SW LINDENWOOD AVE ,2,Eric Zerr,,,2025/05/06,,,1800 LETS,,,Lateral Launch,https://pioneer.sewerai.com/dashboard/review/bc1c1dee-0036-47c0-92ee-bd8965985074?t=2.524968&limit=30&offset=0&project=25PV0406+ONE+GAS+&ordering=Lateral_Segment_Reference&surveyed_by=ERIC+ZERR&client_reviewed=false,,
COMPLETE NO BILL,2025-08-05,,1402,,S Main Ave,Monahans,,,,,,2025/08/05,4600,One Gas,,,Jason Claunch,Kyle Graham ,,,,,,End,GMI Sewer@32” Gas@18”,,,,,N/A,,25.7,15,,,,,,,,,,2025/08/05,LETS,2025/08/05,LETS,,Post,One Gas,,31.5811,-102.888,yes,1,1,,"8/5/2025 4600 found tap in ML. It does appear to be capped. We did have clear visual at GMI. It is clear. Video camera was cutting in and out. But it is clear. ML is full of mud and debris, did not want to pull back and deny us the ability to run this tap or section of main.",,One Gas,"___json[{""pathname"":""/Collected Media/map_2662324/layer_6728851/mdc_photo_mdc_977d29_cdv_photo_010_1754431436584.jpg"",""rid"":39614446,""lid"":""6728851"",""fid"":""1015"",""field"":""photo_map"",""title"":""mdc_photo_mdc_977d29_cdv_photo_010_1754431436584.jpg"",""ext"":""jpg"",""panorama"":false,""isDir"":false}]",N/A,0723,COMPLETE NO BILL,,,,,,,,,,,,,,,,,,,,,,,,,,,,,1,,,Lateral Inspection,"___json[{""pathname"":""/Collected Media/map_2662324/layer_6728851/mdc_photo_mdc_49ba31_cdv_photo_1754430941_1754431208987.jpg"",""rid"":39614419,""lid"":""6728851"",""fid"":""1015"",""field"":""site_photos"",""title"":""mdc_photo_mdc_49ba31_cdv_photo_1754430941_1754431208987.jpg"",""ext"":""jpg"",""panorama"":false,""isDir"":false},{""pathname"":""/Collected Media/map_2662324/layer_6728851/mdc_photo_mdc_308c47_cdv_photo_1754430982_1754431208987.jpg"",""rid"":39614420,""lid"":""6728851"",""fid"":""1015"",""field"":""site_photos"",""title"":""mdc_photo_mdc_308c47_cdv_photo_1754430982_1754431208987.jpg"",""ext"":""jpg"",""panorama"":false,""isDir"":false},{""pathname"":""/Collected Media/map_2662324/layer_6728851/mdc_photo_mdc_5baa9c_cdv_photo_1754430989_1754431208987.jpg"",""rid"":39614421,""lid"":""6728851"",""fid"":""1015"",""field"":""site_photos"",""title"":""mdc_photo_mdc_5baa9c_cdv_photo_1754430989_1754431208987.jpg"",""ext"":""jpg"",""panorama"":false,""isDir"":false},{""pathname"":""/Collected Media/map_2662324/layer_6728851/mdc_photo_mdc_4f3e33_cdv_photo_1754430995_1754431208987.jpg"",""rid"":39614422,""lid"":""6728851"",""fid"":""1015"",""field"":""site_photos"",""title"":""mdc_photo_mdc_4f3e33_cdv_photo_1754430995_1754431208987.jpg"",""ext"":""jpg"",""panorama"":false,""isDir"":false},{""pathname"":""/Collected Media/map_2662324/layer_6728851/mdc_photo_mdc_8beda4_cdv_photo_1754431391_1754431436584.jpg"",""rid"":39614445,""lid"":""6728851"",""fid"":""1015"",""field"":""site_photos"",""title"":""mdc_photo_mdc_8beda4_cdv_photo_1754431391_1754431436584.jpg"",""ext"":""jpg"",""panorama"":false,""isDir"":false}]",2,TX,2025/08/05,,,,16:51,,2,Jason Claunch,,,2025/08/05,,,-----------------,,,CCTV,,,
COMPLETE,2025-09-11,,MH 327 I ST NW ,,I ST NW,MIAMI ,,,,,,2025/09/11,2400,K ST NW/3 AVE NW ,,,James Atwood,Michael Parrish,0,0,,,,MH ,END,,,,,,,0,50,,,,,,,,ML SOUTH,CLEAR,2025/09/11,LETS,2025/09/11,LETS,,Post,SCOTT.LOVELADY@ONEGAS.COM ,,36.8801,-94.888,yes,1,1,,,,One Gas,"___json[{""pathname"":""/Collected Media/map_2662324/layer_6728851/mdc_photo_mdc_ffbaba_cdv_photo_008_1757601472034.jpg"",""rid"":40116543,""lid"":""6728851"",""fid"":""1275"",""field"":""photo_map"",""title"":""mdc_photo_mdc_ffbaba_cdv_photo_008_1757601472034.jpg"",""ext"":""jpg"",""panorama"":false,""isDir"":false}]",Yes,0406,COMPLETE,,,,,,,,,,,2025/10/01,,,Katy Thompson,,,Pass,,,A,B,,,,,,,50,,,50,Main Inspection,,MH 327 I ST NW ,OK,2025/09/11,,,,09:34,,2,James Atwood,,,2025/09/11,,,2400 LETS,,,CCTV,https://pioneer.sewerai.com/dashboard/review/d956fd9e-5318-4bb7-b915-2f9d4dfb2a2f?t=1.001583&limit=30&offset=0&status=uploaded&client_reviewed=false&issues=false&project=25PV0406+ONE+GAS+&ordering=Inspection_Date,,
GAS LINE,2025-09-08,,,,,VINITA,,,,,,2025/09/08,,,,,,,,,,,,,,,,,,,,,,,,,,,,,,,,,,,,Post,,,36.6324,-95.1619,,,,,,,One Gas,,,0406,GAS LINE,,,,,,,,,,,,,,,,,,,,,,,,,,,,,,,,,,,OK,2025/09/08,,,,10:52,,1,,,,,,,,,,,,,
COMPLETE,2025-09-11,,408,,J ST NW,MIAMI ,,,,,,2025/09/11,2400,K ST NW/3 AVE NW ,,,James Atwood,Michael Parrish,0,0,,,,TAP,END,,,,,,North,61,4,,,,61,,,,,,2025/09/11,LETS,2025/09/11,LETS,,Post,SCOTT.LOVELADY@ONEGAS.COM ,,36.8801,-94.888,yes,1,1,,OFFSET / NO NEW GAS / NO GAS CROSSINGS / ALSO COULD NOT CLEAR TO FOUNDATION ON PRE,,One Gas,"___json[{""pathname"":""/Collected Media/map_2662324/layer_6728851/mdc_photo_mdc_0aaeb0_cdv_photo_012_1757604400295.jpg"",""rid"":40117095,""lid"":""6728851"",""fid"":""1285"",""field"":""photo_map"",""title"":""mdc_photo_mdc_0aaeb0_cdv_photo_012_1757604400295.jpg"",""ext"":""jpg"",""panorama"":false,""isDir"":false}]",Yes,0406,COMPLETE,OFFSET. NO NEW GAS OR CROSSINGS,,,Katy Thompson,Pass,,,"COULDNT CLEAR TO FOUNDATION AND NO GMI CALLOUT, NOT SURE WHERE GAS IS",,,2025/09/17,,,Charlton Moren,,,Pass,,,A,B,,,,,,,,1,,,Lateral Inspection,,MH 327 I ST NW ,OK,2025/09/11,,,,10:20,,2,James Atwood,,,2025/09/11,,,2400 LETS,,,Lateral Launch,https://pioneer.sewerai.com/dashboard/review/0b1390c6-de61-46ca-a153-e448f29169fa?t=2.560564&limit=30&offset=0&status=uploaded&issues=false&ordering=-Inspection_Date&project=25PV0406+ONE+GAS+&lateral_segment_reference=408+J+St+NW,,
COMPLETE,2025-09-08,,MH 310 W EXCELSIOR AVE ,,W EXCELSIOR AVE,VINITA,,,,,,2025/09/08,2400,K AND 3 ST NW ,,,James Atwood,Michael Parrish,0,0,,,,START,END,,,,,,,0,60.3,,,,,,,,TO ML NORTH,,2025/09/08,LETS,2025/09/08,ML,,Post,SCOTT.LOVELADY@ONEGAS.COM ,,36.6325,-95.1619,yes,1,1,,NO CONFLICT,,One Gas,"___json[{""pathname"":""/Collected Media/map_2662324/layer_6728851/mdc_photo_mdc_eab0b2_cdv_photo_000_1757597649041.jpg"",""rid"":40115826,""lid"":""6728851"",""fid"":""1161"",""field"":""photo_map"",""title"":""mdc_photo_mdc_eab0b2_cdv_photo_000_1757597649041.jpg"",""ext"":""jpg"",""panorama"":false,""isDir"":false}]",N/A,0406,COMPLETE,,,,,,,,,,,,,,,,,,,,A,B,,,,,,,60.3,,,60.3,Main Inspection,,MH 310 W EXCELSIOR AVE ,OK,2025/09/08,,,West,12:35,TO ML NORTH,2,James Atwood,,,2025/09/08,,,2400 LETS,,,CCTV,,,
GAS LINE,2025-09-08,,,,,VINITA ,,,,,,2025/09/08,,,,,,,,,,,,,,,,,,,,,,,,,,,,,,,,,,,,Post,,,36.6325,-95.1618,,,,,,,One Gas,,,0406,GAS LINE,,,,,,,,,,,,,,,,,,,,,,,,,,,,,,,,,,,OK,2025/09/08,,,,12:01,,1,,,,,,,,,,,,,
COMPLETE,2025-09-08,,,,,,,,,,,2025/09/08,,,,,,,,,,,,,,,,,,,,,,,,,,,,,,,,,,,,Post,,,36.8791,-94.8913,,,,,,,One Gas,,,0406,COMPLETE,,,,,,,,,,,,,,,,,,,,,,,,,,,,,,,,,,,,2025/09/08,,,,12:54,,1,,,,,,,,,,,,,
COMPLETE,2025-09-08,,,,,,,,,,,2025/09/08,,,,,,,,,,,,,,,,,,,,,,,,,,,,,,,,,,,,Post,,,36.8781,-94.8889,,,,,,,One Gas,,,0406,COMPLETE,,,,,,,,,,,,,,,,,,,,,,,,,,,,,,,,,,,,2025/09/08,,,,13:03,,1,,,,,,,,,,,,,
GAS LINE,2025-09-08,,,,,VINITA,,,,,,2025/09/08,,,,,,,,,,,,,,,,,,,,,,,,,,,,,,,,,,,,Post,,,36.6325,-95.1619,,,,,,,One Gas,,,0406,GAS LINE,,,,,,,,,,,,,,,,,,,,,,,,,,,,,,,,,,,OK,2025/09/08,,,,10:43,,1,,,,,,,,,,,,,
OFFICE REVIEW,2025-08-05,,1509,,S Helen St,S Helen St,,,,,,,4600,One Gas,,,Jason Claunch,Kyle Graham ,,,,,,,,,,,,,,,,,,,,,,,,,,,,,,Post,One Gas,,31.5811,-102.887,,,,,"8/4/2025 4600 did not find CO for property, but did locate tap in secondary main that is away from gas and will not cross or conflict.",,One Gas,,N/A,0723,OFFICE REVIEW,,,,,,,,,,,,,,,,,,,,,,,,,,,,,,,,Lateral Inspection,"___json[{""pathname"":""/Collected Media/map_2662324/layer_6728851/mdc_photo_mdc_9c57f3_cdv_photo_013_1754432062239.jpg"",""rid"":39614534,""lid"":""6728851"",""fid"":""1017"",""field"":""site_photos"",""title"":""mdc_photo_mdc_9c57f3_cdv_photo_013_1754432062239.jpg"",""ext"":""jpg"",""panorama"":false,""isDir"":false},{""pathname"":""/Collected Media/map_2662324/layer_6728851/mdc_photo_mdc_2ef848_cdv_photo_014_1754432062239.jpg"",""rid"":39614535,""lid"":""6728851"",""fid"":""1017"",""field"":""site_photos"",""title"":""mdc_photo_mdc_2ef848_cdv_photo_014_1754432062239.jpg"",""ext"":""jpg"",""panorama"":false,""isDir"":false},{""pathname"":""/Collected Media/map_2662324/layer_6728851/mdc_photo_mdc_834d6e_cdv_photo_015_1754432062239.jpg"",""rid"":39614536,""lid"":""6728851"",""fid"":""1017"",""field"":""site_photos"",""title"":""mdc_photo_mdc_834d6e_cdv_photo_015_1754432062239.jpg"",""ext"":""jpg"",""panorama"":false,""isDir"":false}]",,TX,2025/08/05,,,,,E,2,N/A,,,,,,N/A,,,,,,
GAS LINE,2025-09-08,,,,,VINITA ,,,,,,2025/09/08,,,,,,,,,,,,,,,,,,,,,,,,,,,,,,,,,,,,Post,,,36.6325,-95.1619,,,,,,,One Gas,,,0406,GAS LINE,,,,,,,,,,,,,,,,,,,,,,,,,,,,,,,,,,,OK,2025/09/08,,,,10:48,,1,,,,,,,,,,,,,
GAS LINE,2025-09-08,,,,,VINITA,,,,,,2025/09/08,,,,,,,,,,,,,,,,,,,,,,,,,,,,,,,,,,,,Post,,,36.6324,-95.1619,,,,,,,One Gas,,,0406,GAS LINE,,,,,,,,,,,,,,,,,,,,,,,,,,,,,,,,,,,OK,2025/09/08,,,,10:54,,1,,,,,,,,,,,,,
GAS LINE,2025-09-08,,,,,VINITA ,,,,,,2025/09/08,,,,,,,,,,,,,,,,,,,,,,,,,,,,,,,,,,,,Post,,,36.6325,-95.1619,,,,,,,One Gas,,,0406,GAS LINE,,,,,,,,,,,,,,,,,,,,,,,,,,,,,,,,,,,OK,2025/09/08,,,,12:03,,1,,,,,,,,,,,,,
COMPLETE,2025-09-08,,,,,,,,,,,2025/09/08,,,,,,,,,,,,,,,,,,,,,,,,,,,,,,,,,,,,Post,,,36.8781,-94.8889,,,,,,,One Gas,,,0406,COMPLETE,,,,,,,,,,,,,,,,,,,,,,,,,,,,,,,,,,,,2025/09/08,,,West,13:04,,1,,,,,,,,,,,,,
COMPLETE,2025-09-08,,501,,S THOMPSON ST,VINITA ,,,,,,2025/09/08,2400,K & 3 STNW ,,,James Atwood,Michael Parrish,0,66,0,,,TAP,GMI,END,,,,,East,189.3,15.2,53.8,,,189.3,,,,,,2025/09/08,LETS,2025/09/08,LETS,,Post,SCOTT.LOVELADY@ONEGAS.COM ,,36.6325,-95.1619,yes,1,1,,NO CONFLICT,,One Gas,"___json[{""pathname"":""/Collected Media/map_2662324/layer_6728851/mdc_photo_mdc_a4a7c7_cdv_photo_001_1757597753286.jpg"",""rid"":40115847,""lid"":""6728851"",""fid"":""1179"",""field"":""photo_map"",""title"":""mdc_photo_mdc_a4a7c7_cdv_photo_001_1757597753286.jpg"",""ext"":""jpg"",""panorama"":false,""isDir"":false}]",Yes,0406,COMPLETE,,,,,,,,GMI IS CLEAR,,,2025/09/11,,,Katy Thompson,,,Pass,,,A,B,C,,,,,,,1,,,Lateral Inspection,"___json[{""pathname"":""/Collected Media/map_2662324/layer_6728851/mdc_photo_mdc_98e26c_cdv_photo_002_1757357046252.jpg"",""rid"":40077016,""lid"":""6728851"",""fid"":""1179"",""field"":""site_photos"",""title"":""mdc_photo_mdc_98e26c_cdv_photo_002_1757357046252.jpg"",""ext"":""jpg"",""panorama"":false,""isDir"":false},{""pathname"":""/Collected Media/map_2662324/layer_6728851/mdc_photo_mdc_c7419d_cdv_photo_003_1757357046252.jpg"",""rid"":40077017,""lid"":""6728851"",""fid"":""1179"",""field"":""site_photos"",""title"":""mdc_photo_mdc_c7419d_cdv_photo_003_1757357046252.jpg"",""ext"":""jpg"",""panorama"":false,""isDir"":false}]",MH 310 W EXCELSIOR AVE ,OK,2025/09/08,,,South,13:41,,2,James Atwood,,,2025/09/08,,,2400 LETS,,,Lateral Launch,https://pioneer.sewerai.com/dashboard/review/a955eaaa-07e4-4abe-b72b-08679dd465ff?t=2.69788&limit=30&offset=0&status=uploaded&issues=false&project=25PV0406+ONE+GAS+&ordering=Inspection_Date&client_reviewed=false,,
COMPLETE,2025-09-08,,,,,,,,,,,2025/09/08,,,,,,,,,,,,,,,,,,,,,,,,,,,,,,,,,,,,Post,,,36.8776,-94.8891,,,,,,,One Gas,,,0406,COMPLETE,,,,,,,,,,,,,,,,,,,,,,,,,,,,,,,,,,,,2025/09/08,,,,12:56,,1,,,,,,,,,,,,,
COMPLETE,2025-09-08,,317,,EXCELSIOR ,VINITA,,,,,,2025/09/08,2400,K AND 3 ST NW ,,,James Atwood,Michael Parrish,0,29,0,,,TAP,GMI,END,,,,,South,57.2,5.3,11,,,57.2,,,,,,2025/09/08,LETS,2025/09/08,LETS,,Post,SCOTT.LOVELADY@ONEGAS.COM ,,36.6326,-95.1618,yes,1,1,,,,One Gas,"___json[{""pathname"":""/Collected Media/map_2662324/layer_6728851/mdc_photo_mdc_5bea8c_cdv_photo_001_1757361099434.jpg"",""rid"":40077759,""lid"":""6728851"",""fid"":""1186"",""field"":""photo_map"",""title"":""mdc_photo_mdc_5bea8c_cdv_photo_001_1757361099434.jpg"",""ext"":""jpg"",""panorama"":false,""isDir"":false}]",Yes,0406,COMPLETE,,,,,,,,,,,2025/09/11,,,Katy Thompson,,,Pass,,,A,B,C,,,,,,,1,,,Lateral Inspection,"___json[{""pathname"":""/Collected Media/map_2662324/layer_6728851/mdc_photo_mdc_eda7f5_cdv_photo_000_1757360500359.jpg"",""rid"":40077696,""lid"":""6728851"",""fid"":""1186"",""field"":""site_photos"",""title"":""mdc_photo_mdc_eda7f5_cdv_photo_000_1757360500359.jpg"",""ext"":""jpg"",""panorama"":false,""isDir"":false},{""pathname"":""/Collected Media/map_2662324/layer_6728851/mdc_photo_mdc_60544e_cdv_photo_001_1757360500359.jpg"",""rid"":40077697,""lid"":""6728851"",""fid"":""1186"",""field"":""site_photos"",""title"":""mdc_photo_mdc_60544e_cdv_photo_001_1757360500359.jpg"",""ext"":""jpg"",""panorama"":false,""isDir"":false}]",310 W EXCELSIOR AVE ,OK,2025/09/08,,,West,14:29,,2,James Atwood,,,2025/09/08,,,2400 LETS,,,Lateral Launch,https://pioneer.sewerai.com/dashboard/review/5a98aafa-d131-4cf5-bf79-7ec65cf74642?t=2.5492&limit=30&offset=0&status=uploaded&issues=false&project=25PV0406+ONE+GAS+&ordering=Inspection_Date&client_reviewed=false,,
COMPLETE,2025-09-08,,311,,W EXCELSIOR AVE,VINITA ,,,,,,2025/09/08,2400,K & 3 STNW ,,,James Atwood,Michael Parrish,0,0,,,,TAP,END/9T,,,,,,South,97.8,43.6,,,,97.8,,,,,,2025/09/08,LETS,2025/09/08,LETS,,Post,SCOTT.LOVELADY@ONEGAS.COM ,,36.6323,-95.1618,yes,1,1,,NO CONFLICT,,One Gas,"___json[{""pathname"":""/Collected Media/map_2662324/layer_6728851/mdc_photo_mdc_129b97_cdv_photo_003_1757363339990.jpg"",""rid"":40078040,""lid"":""6728851"",""fid"":""1190"",""field"":""photo_map"",""title"":""mdc_photo_mdc_129b97_cdv_photo_003_1757363339990.jpg"",""ext"":""jpg"",""panorama"":false,""isDir"":false}]",Yes,0406,COMPLETE,,,,,,,,,,,2025/09/11,,,Katy Thompson,,,Pass,,,A,,,,,,,,,1,,,Lateral Inspection,,MH 310 W EXCELSIOR AVE ,OK,2025/09/08,,,West,15:21,A,2,James Atwood,,,2025/09/08,,,2400 LETS,,,Lateral Launch,https://pioneer.sewerai.com/dashboard/review/494b9601-4c23-4cef-8759-988c49c09645?t=1.56696&limit=30&offset=0&status=uploaded&issues=false&project=25PV0406+ONE+GAS+&ordering=Inspection_Date&client_reviewed=false&surveyed_by=JAMES,,
COMPLETE NO BILL,2025-08-04,,1509,,S Helen St,Monahans,,,,,,2025/08/04,4600,One Gas,,,Jason Claunch,Kyle Graham ,,,,,,End,,,,,,,,18,,,,,,,,,,,2025/08/05,PO,2025/08/05,PO,,Post,One Gas,1,31.5811,-102.888,yes,1,1,,"8/4/2025 4600 pushed from CO to under foundation, this is clear and connects to the back CO",,One Gas,"___json[{""pathname"":""/Collected Media/map_2662324/layer_6728851/mdc_photo_mdc_c127e0_cdv_photo_026_1754434673483.jpg"",""rid"":39614743,""lid"":""6728851"",""fid"":""1020"",""field"":""photo_map"",""title"":""mdc_photo_mdc_c127e0_cdv_photo_026_1754434673483.jpg"",""ext"":""jpg"",""panorama"":false,""isDir"":false}]",N/A,0723,COMPLETE NO BILL,,,,,,,,,,,,,,,,,,,,,,,,,,,,,,,,Lateral Inspection,"___json[{""pathname"":""/Collected Media/map_2662324/layer_6728851/mdc_photo_mdc_923d76_cdv_photo_023_1754433705586.jpg"",""rid"":39614619,""lid"":""6728851"",""fid"":""1020"",""field"":""site_photos"",""title"":""mdc_photo_mdc_923d76_cdv_photo_023_1754433705586.jpg"",""ext"":""jpg"",""panorama"":false,""isDir"":false},{""pathname"":""/Collected Media/map_2662324/layer_6728851/mdc_photo_mdc_c8d906_cdv_photo_024_1754433705586.jpg"",""rid"":39614620,""lid"":""6728851"",""fid"":""1020"",""field"":""site_photos"",""title"":""mdc_photo_mdc_c8d906_cdv_photo_024_1754433705586.jpg"",""ext"":""jpg"",""panorama"":false,""isDir"":false}]",,TX,2025/08/04,,,,17:29,C ET 1,2,Kyle Graham ,,,2025/08/04,,,-----------------,,,Push Camera,,,
COMPLETE NO BILL,2025-08-05,,1509,,S Helen St,Monahan,,,,,,2025/08/04,4600,One Gas,,,Jason Claunch,Kyle Graham ,,,,,,End,,,,,,,,12,,,,,,,,,,,2025/08/04,PO,2025/08/04,PO,,Post,One Gas,1,31.5812,-102.888,yes,1,1,,"8/4/2025 4600 pushed CO to under foundation. This is clear, ties into rear CO",,One Gas,"___json[{""pathname"":""/Collected Media/map_2662324/layer_6728851/mdc_photo_mdc_c3c043_cdv_photo_027_1754434696715.jpg"",""rid"":39614746,""lid"":""6728851"",""fid"":""1019"",""field"":""photo_map"",""title"":""mdc_photo_mdc_c3c043_cdv_photo_027_1754434696715.jpg"",""ext"":""jpg"",""panorama"":false,""isDir"":false}]",N/A,0723,COMPLETE NO BILL,,,,,,,,,,,,,,,,,,,,,,,,,,,,,,,,Lateral Inspection,"___json[{""pathname"":""/Collected Media/map_2662324/layer_6728851/mdc_photo_mdc_99f999_cdv_photo_021_1754432919711.jpg"",""rid"":39614578,""lid"":""6728851"",""fid"":""1019"",""field"":""site_photos"",""title"":""mdc_photo_mdc_99f999_cdv_photo_021_1754432919711.jpg"",""ext"":""jpg"",""panorama"":false,""isDir"":false},{""pathname"":""/Collected Media/map_2662324/layer_6728851/mdc_photo_mdc_dcb548_cdv_photo_022_1754432919711.jpg"",""rid"":39614579,""lid"":""6728851"",""fid"":""1019"",""field"":""site_photos"",""title"":""mdc_photo_mdc_dcb548_cdv_photo_022_1754432919711.jpg"",""ext"":""jpg"",""panorama"":false,""isDir"":false}]",,TX,2025/08/05,,,,17:24,D ET 1,2,Kyle Graham ,,,2025/08/04,,,-----------------,,,Push Camera,,,
COMPLETE NO BILL,2025-08-05,,101,,E 15th St,Monahans,,,,,,2025/08/05,4600,One Gas,,,Jason Claunch,Kyle Graham ,,,,,,End,GMI Sewer@24” Gas@18”,,,,,,,24.8,16.6,,,,,,,,,,2025/08/05,LETS,2025/08/05,LETS,,Post,One Gas,,31.581,-102.887,yes,1,1,,"8/5/2025 4600 ran this lateral. It is clear at GMI. Lets camera was having connection issues, distances may be off",,One Gas,,N/A,0723,COMPLETE NO BILL,,,,,,,,,,,,,,,,,,,,,,,,,,,,,1,,,Lateral Inspection,"___json[{""pathname"":""/Collected Media/map_2662324/layer_6728851/mdc_photo_mdc_5b2493_cdv_photo_1754434238_1754434629959.jpg"",""rid"":39614739,""lid"":""6728851"",""fid"":""1021"",""field"":""site_photos"",""title"":""mdc_photo_mdc_5b2493_cdv_photo_1754434238_1754434629959.jpg"",""ext"":""jpg"",""panorama"":false,""isDir"":false},{""pathname"":""/Collected Media/map_2662324/layer_6728851/mdc_photo_mdc_0d126d_cdv_photo_1754434268_1754434629959.jpg"",""rid"":39614740,""lid"":""6728851"",""fid"":""1021"",""field"":""site_photos"",""title"":""mdc_photo_mdc_0d126d_cdv_photo_1754434268_1754434629959.jpg"",""ext"":""jpg"",""panorama"":false,""isDir"":false},{""pathname"":""/Collected Media/map_2662324/layer_6728851/mdc_photo_mdc_8b5ed8_cdv_photo_1754434298_1754434629959.jpg"",""rid"":39614741,""lid"":""6728851"",""fid"":""1021"",""field"":""site_photos"",""title"":""mdc_photo_mdc_8b5ed8_cdv_photo_1754434298_1754434629959.jpg"",""ext"":""jpg"",""panorama"":false,""isDir"":false},{""pathname"":""/Collected Media/map_2662324/layer_6728851/mdc_photo_mdc_80f1c1_cdv_photo_025_1754434629959.jpg"",""rid"":39614742,""lid"":""6728851"",""fid"":""1021"",""field"":""site_photos"",""title"":""mdc_photo_mdc_80f1c1_cdv_photo_025_1754434629959.jpg"",""ext"":""jpg"",""panorama"":false,""isDir"":false}]",101 E 15th St MH ML W,TX,2025/08/05,,,,17:49,,2,N/A,,,,,,N/A,,,CCTV,,,
COMPLETE,2025-09-08,,,,,,,,,,,2025/09/08,,,,,,,,,,,,,,,,,,,,,,,,,,,,,,,,,,,,Post,,,36.8781,-94.8889,,,,,,,One Gas,,,0406,COMPLETE,,,,,,,,,,,,,,,,,,,,,,,,,,,,,,,,,,,,2025/09/08,,,,13:06,,1,,,,,,,,,,,,,
GAS LINE,2025-09-08,,,,,VINITA,,,,,,2025/09/08,,,,,,,,,,,,,,,,,,,,,,,,,,,,,,,,,,,,Post,,,36.6325,-95.1619,,,,,,,One Gas,,,0406,GAS LINE,,,,,,,,,,,,,,,,,,,,,,,,,,,,,,,,,,,OK,2025/09/08,,,,13:50,,1,,,,,,,,,,,,,
COMPLETE,2025-05-06,,300,,SW FRANKLIN AVE,TOPEKA ,,,,,,2025/05/06,1800,PW-24R2-TOPEKA-2ND AND ORCHARD ,,,Eric Zerr,Carter Pacheco,69,120,125,,,CO,GMI,END,,,,,,0,74,76.5,,,,,,,,,2025/05/06,PO,2025/05/06,PO,,Post,SCOTT.LOVELADY@ONEGAS.COM ,1,39.0612,-95.7012,yes,1,1,,,,One Gas,"___json[{""pathname"":""/Collected Media/map_2662324/layer_6728851/mdc_photo_mdc_48f1cb_cdv_photo_007_1758297307048.jpg"",""rid"":40224705,""lid"":""6728851"",""fid"":""618"",""field"":""photo_map"",""title"":""mdc_photo_mdc_48f1cb_cdv_photo_007_1758297307048.jpg"",""ext"":""jpg"",""panorama"":false,""isDir"":false}]",Yes,0406,COMPLETE,,,,,,,,,,,2025/05/13,,,Katy Thompson,,,Pass,,,A,B,C,,,,,,,,,,Lateral Inspection,"___json[{""pathname"":""/Collected Media/map_2662324/layer_6728851/mdc_photo_mdc_6c0c82_cdv_photo_1746567043_1746567118431.jpg"",""rid"":38455223,""lid"":""6728851"",""fid"":""618"",""field"":""site_photos"",""title"":""mdc_photo_mdc_6c0c82_cdv_photo_1746567043_1746567118431.jpg"",""ext"":""jpg"",""panorama"":false,""isDir"":false}]",,KS,2025/05/06,,,South,16:29,,2,Eric Zerr,,,2025/05/06,,,1800 PO,,,Push Camera,https://pioneer.sewerai.com/dashboard/review/be21ac58-510a-4cd5-8dcf-cd611755a241?t=4.109028&limit=30&offset=0&project=25PV0406+ONE+GAS+&client_reviewed=false,,
COMPLETE NO BILL,2025-08-05,,,,15th St,Monahans ,,,,,,2025/08/05,---------------------,15TH ST Monaghan ,,,---------------------,---------------------,0,,,,,End,,,,,,No,,178,,,,,,,,,,,2025/08/05,LETS,2025/08/05,LETS,,Post,Z,,31.5809,-102.888,yes,1,1,,"08/05/2025 
Truck5100
Lead - Christian E. Tech - Derek K. 
Made it 135 couldnt go any further due to line being extremely dirty. We did lets to the MH and had somewhat footage. You can see that we made it to the MH and have somewhat good footage coming back.",,One Gas,"___json[{""pathname"":""/Collected Media/map_2662324/layer_6728851/mdc_photo_mdc_9e00ac_cdv_photo_002_1754435311659.jpg"",""rid"":39614754,""lid"":""6728851"",""fid"":""1022"",""field"":""photo_map"",""title"":""mdc_photo_mdc_9e00ac_cdv_photo_002_1754435311659.jpg"",""ext"":""jpg"",""panorama"":false,""isDir"":false}]",N/A,0723,COMPLETE NO BILL,,,,,,,,,,,,,,,,,,,,A,,,,,,,,178,,,178,Main Inspection,"___json[{""pathname"":""/Collected Media/map_2662324/layer_6728851/mdc_photo_mdc_a19d70_cdv_photo_000_1754435311659.jpg"",""rid"":39614752,""lid"":""6728851"",""fid"":""1022"",""field"":""site_photos"",""title"":""mdc_photo_mdc_a19d70_cdv_photo_000_1754435311659.jpg"",""ext"":""jpg"",""panorama"":false,""isDir"":false},{""pathname"":""/Collected Media/map_2662324/layer_6728851/mdc_photo_mdc_a8ab7b_cdv_photo_001_1754435311659.jpg"",""rid"":39614753,""lid"":""6728851"",""fid"":""1022"",""field"":""site_photos"",""title"":""mdc_photo_mdc_a8ab7b_cdv_photo_001_1754435311659.jpg"",""ext"":""jpg"",""panorama"":false,""isDir"":false}]",,TX,2025/08/05,,,,17:58,,2,N/A,,,,,,N/A,,,Lateral Launch,,,
COMPLETE,2025-09-08,,306,,W EXCELSIOR AVE,VINITA ,,,,,,2025/09/08,2400,K & 3 STNW ,,,James Atwood,Michael Parrish,0,0,,,,TAP,END/12T,,,,,,East,103.4,41.8,,,,103.4,,,,,,2025/09/08,LETS,2025/09/08,LETS,,Post,SCOTT.LOVELADY@ONEGAS.COM ,,36.6326,-95.1618,yes,1,1,,NO CONFLICT,,One Gas,"___json[{""pathname"":""/Collected Media/map_2662324/layer_6728851/mdc_photo_mdc_4cae8b_cdv_photo_001_1757355012924.jpg"",""rid"":40076645,""lid"":""6728851"",""fid"":""1177"",""field"":""photo_map"",""title"":""mdc_photo_mdc_4cae8b_cdv_photo_001_1757355012924.jpg"",""ext"":""jpg"",""panorama"":false,""isDir"":false}]",Yes,0406,COMPLETE,,,,,,,,THERE ARE NO CROSSINGS,,,2025/09/10,,,Katy Thompson,,,,,,A,B,,,,,,,,1,,,Lateral Inspection,,MH 310 W EXCELSIOR AVE ,OK,2025/09/08,,,West,13:01,A,2,James Atwood,,,2025/09/08,,,2400 LETS,,,Lateral Launch,https://pioneer.sewerai.com/dashboard/review/7fcaf6dc-6633-4550-9fa5-b71edf48ce7f?t=1.368508&limit=30&offset=0&status=uploaded&issues=false&project=25PV0406+ONE+GAS+&ordering=Inspection_Date&client_reviewed=false,,
COMPLETE,2025-09-08,,229,,J ST NW,MIAMI,,,,,,2025/09/08,1700,K ST NW/3 AVE NW ,,,Edgar Atwood,Carter Pacheco,0,57,0,,,TAP,GMI,END,,,,No,South,69.1,12.3,78.4,,,69.1,,,,,,2025/09/08,LETS,2025/09/08,LETS,,Post,SCOTT.LOVELADY@ONEGAS.COM ,,36.8791,-94.8891,yes,1,1,,,,One Gas,"___json[{""pathname"":""/Collected Media/map_2662324/layer_6728851/mdc_photo_mdc_a83f28_cdv_photo_000_1757359343881.jpg"",""rid"":40077538,""lid"":""6728851"",""fid"":""1185"",""field"":""photo_map"",""title"":""mdc_photo_mdc_a83f28_cdv_photo_000_1757359343881.jpg"",""ext"":""jpg"",""panorama"":false,""isDir"":false}]",Yes,0406,COMPLETE,,,,,,,,,,,2025/09/11,,,Katy Thompson,,,Pass,,,A,B,,,,,,,,1,,,Lateral Inspection,"___json[{""pathname"":""/Collected Media/map_2662324/layer_6728851/mdc_photo_mdc_35b978_cdv_photo_000_1757358851095.jpg"",""rid"":40077373,""lid"":""6728851"",""fid"":""1185"",""field"":""site_photos"",""title"":""mdc_photo_mdc_35b978_cdv_photo_000_1757358851095.jpg"",""ext"":""jpg"",""panorama"":false,""isDir"":false}]",MH 229 J ST NW,KS,2025/09/08,,,,14:08,,2,Edgar Atwood,,,2025/09/08,,,1700 LETS,,,Lateral Launch,https://pioneer.sewerai.com/dashboard/review/983761cd-e046-4535-992c-79b03f880d1d?t=2.653254&limit=30&offset=0&status=uploaded&issues=false&project=25PV0406+ONE+GAS+&ordering=Inspection_Date&client_reviewed=false,,
COMPLETE,2025-09-08,,MH 229 J ST NW,,J ST NW,MIAMI ,,,,,,2025/09/08,1700,K ST NW/3 AVE NW ,,,Carter Pacheco,Carter Pacheco,0,48,0,,,START,GMI,END,,,,,,0,6.8,125.2,,,,,,,,,2025/09/08,ML,2025/09/08,ML,,Post,SCOTT.LOVELADY@ONEGAS.COM ,,36.8782,-94.8891,yes,1,1,,CREW TECH-TINAI MITCHELL,,One Gas,"___json[{""pathname"":""/Collected Media/map_2662324/layer_6728851/mdc_photo_mdc_675d4c_cdv_photo_005_1757366427323.jpg"",""rid"":40078382,""lid"":""6728851"",""fid"":""1181"",""field"":""photo_map"",""title"":""mdc_photo_mdc_675d4c_cdv_photo_005_1757366427323.jpg"",""ext"":""jpg"",""panorama"":false,""isDir"":false}]",Yes,0406,COMPLETE,,,,,,,,"POOR VISUAL 97'- 103', CLEAR ON PULLBACK, GMI IS CLEAR",,,2025/09/11,,,Katy Thompson,,,Pass,,,,,,,,,,,125.2,,,125.2,Main Inspection,,MH 229 J ST NW,OK,2025/09/08,,,,16:06,SOUTH,2,Edgar Atwood,,,2025/09/08,,,1700 LETS,,,CCTV,https://pioneer.sewerai.com/dashboard/review/9d364b67-4008-4dbb-8296-895a45353b53?t=0&limit=30&offset=0&status=uploaded&issues=false&project=25PV0406+ONE+GAS+&ordering=Inspection_Date&client_reviewed=false,,
COMPLETE,2025-09-08,,317,,W EXCELSIOR AVE,VINITA ,,,,,,2025/09/08,2400,K & 3 STNW ,,,James Atwood,Michael Parrish,0,,,,,TAP,END/GMI,,,,,,South,59.8,5,,,,59.8,,,,,,2025/09/08,LETS,2025/09/08,LETS,,Post,SCOTT.LOVELADY@ONEGAS.COM ,,36.6324,-95.1619,yes,1,1,,NO CONFLICT. PIPE IS ORANGEBURG DEFORMED. BEN SAID TO CLEAR THE LINE.,,One Gas,"___json[{""pathname"":""/Collected Media/map_2662324/layer_6728851/mdc_photo_mdc_f4365a_cdv_photo_002_1757362104140.jpg"",""rid"":40077854,""lid"":""6728851"",""fid"":""1187"",""field"":""photo_map"",""title"":""mdc_photo_mdc_f4365a_cdv_photo_002_1757362104140.jpg"",""ext"":""jpg"",""panorama"":false,""isDir"":false}]",Yes,0406,COMPLETE,,,,,,,,,,,2025/09/11,,,Katy Thompson,,,Pass,,,A,,,,,,,,,1,,,Lateral Inspection,"___json[{""pathname"":""/Collected Media/map_2662324/layer_6728851/mdc_photo_mdc_0caa63_cdv_photo_001_1757361717870.jpg"",""rid"":40077811,""lid"":""6728851"",""fid"":""1187"",""field"":""site_photos"",""title"":""mdc_photo_mdc_0caa63_cdv_photo_001_1757361717870.jpg"",""ext"":""jpg"",""panorama"":false,""isDir"":false}]",MH 310 W EXCELSIOR AVE ,OK,2025/09/08,,,West,14:52,A ,2,James Atwood,,,2025/09/08,,,2400 LETS,,,Lateral Launch,https://pioneer.sewerai.com/dashboard/review/8bc10d56-7439-43b4-a7ba-4a331ac02499?t=1.421944&limit=30&offset=0&status=uploaded&issues=false&project=25PV0406+ONE+GAS+&ordering=Inspection_Date&client_reviewed=false,,
COMPLETE NO BILL,2025-08-05,,101,,E 15th St,Monahans,,,,,,2025/08/05,4600,One Gas,,,Jason Claunch,Kyle Graham ,,,,,,End,,,,,,,,248.4,,,,,,,,,,,2025/08/05,LETS,2025/08/05,LETS,,Post,One Gas,,31.5734,-102.899,yes,1,1,,"8/5/2025 4600 ran from MH to MH, this is clear, lots of mud and debris. All taps are ran and verified in this stretch of main.",,One Gas,,N/A,0723,COMPLETE NO BILL,,,,,,,,,,,,,,,,,,,,,,,,,,,,248.4,2,,248.4,Main Inspection,"___json[{""pathname"":""/Collected Media/map_2662324/layer_6728851/mdc_photo_mdc_438aae_cdv_photo_028_1754436524673.jpg"",""rid"":39614797,""lid"":""6728851"",""fid"":""1023"",""field"":""site_photos"",""title"":""mdc_photo_mdc_438aae_cdv_photo_028_1754436524673.jpg"",""ext"":""jpg"",""panorama"":false,""isDir"":false},{""pathname"":""/Collected Media/map_2662324/layer_6728851/mdc_photo_mdc_de7869_cdv_photo_029_1754436524673.jpg"",""rid"":39614798,""lid"":""6728851"",""fid"":""1023"",""field"":""site_photos"",""title"":""mdc_photo_mdc_de7869_cdv_photo_029_1754436524673.jpg"",""ext"":""jpg"",""panorama"":false,""isDir"":false},{""pathname"":""/Collected Media/map_2662324/layer_6728851/mdc_photo_mdc_9914cd_cdv_photo_030_1754436524673.jpg"",""rid"":39614799,""lid"":""6728851"",""fid"":""1023"",""field"":""site_photos"",""title"":""mdc_photo_mdc_9914cd_cdv_photo_030_1754436524673.jpg"",""ext"":""jpg"",""panorama"":false,""isDir"":false},{""pathname"":""/Collected Media/map_2662324/layer_6728851/mdc_photo_mdc_844ce8_cdv_photo_031_1754436524673.jpg"",""rid"":39614800,""lid"":""6728851"",""fid"":""1023"",""field"":""site_photos"",""title"":""mdc_photo_mdc_844ce8_cdv_photo_031_1754436524673.jpg"",""ext"":""jpg"",""panorama"":false,""isDir"":false}]",101 E 15th St MH ML W,TX,2025/08/05,,,,18:09,MH ML W,2,N/A,,,,,,N/A,,,CCTV,,,
GAS LINE,2025-09-08,,,,,,,,,,,2025/09/08,,,,,,,,,,,,,,,,,,,,,,,,,,,,,,,,,,,,Post,,,36.8791,-94.8891,,,,,,,One Gas,,,0406,GAS LINE,,,,,,,,,,,,,,,,,,,,,,,,,,,,,,,,,,,OK,2025/09/08,,,,12:41,,1,,,,,,,,,,,,,
GAS LINE,2025-09-08,,,,,VINITA,,,,,,2025/09/08,,,,,,,,,,,,,,,,,,,,,,,,,,,,,,,,,,,,Post,,,36.6326,-95.1619,,,,,,,One Gas,,,0406,GAS LINE,,,,,,,,,,,,,,,,,,,,,,,,,,,,,,,,,,,OK,2025/09/08,,,,14:14,,1,,,,,,,,,,,,,
COMPLETE,2025-09-11,,MH 203 K ST NW,,K ST NW,MIAMI,,,,,,2025/09/11,1700,K ST NW/3 AVE NW ,,,Edgar Atwood,Carter Pacheco,0,0,,,,MH 203 K ST NW ,END,,,,,No,,0,331.4,,,,,,,,,,2025/09/11,ML,2025/09/11,ML,,Post,SCOTT.LOVELADY@ONEGAS.COM ,,36.8777,-94.8902,yes,1,1,,,,One Gas,"___json[{""pathname"":""/Collected Media/map_2662324/layer_6728851/mdc_photo_mdc_8217df_cdv_photo_001_1757618283763.jpg"",""rid"":40119732,""lid"":""6728851"",""fid"":""1278"",""field"":""photo_map"",""title"":""mdc_photo_mdc_8217df_cdv_photo_001_1757618283763.jpg"",""ext"":""jpg"",""panorama"":false,""isDir"":false}]",Yes,0406,COMPLETE,,,,Katy Thompson,Pass,,,,,,2025/10/07,,,Katy Thompson,,,Pass,,,A,B,,,,,,,331.4,,,331.4,Main Inspection,,MH 203 K ST NW ,OK,2025/09/11,,,,09:41,NORTH,2,Edgar Atwood,,,2025/09/11,,,1700 LETS,,,CCTV,https://pioneer.sewerai.com/dashboard/review/54ff30fe-f9bf-460a-af0a-88f9feec8a9c?t=3.844445&limit=30&offset=0&status=uploaded&client_reviewed=false&issues=false&ordering=-Inspection_Date&project=25PV0406+ONE+GAS+,,
COMPLETE,2025-09-08,,1025,,3RD AVE,MIAMI,,,,,,2025/09/08,1700,K ST NW / 3 AVE NW ,,,Edgar Atwood,,0,0,,,,TAP,END/FD,,,,,No,South,37.7,45.2,,,,37.7,,,,,,2025/09/08,LETS,2025/09/08,LETS,,Post,SCOTT.LOVELADY@ONEGAS.COM ,,36.8791,-94.8891,yes,1,1,,"TECH: TINAI MITCHELL
PUSHED TO FOUNDATION, LINE IS CLEAR IN FULL WITH NO CROSSINGS, DID NOT RECEIVE NEW GAS",,One Gas,"___json[{""pathname"":""/Collected Media/map_2662324/layer_6728851/mdc_photo_mdc_22bafe_cdv_photo_001_1757359060937.jpg"",""rid"":40077388,""lid"":""6728851"",""fid"":""1183"",""field"":""photo_map"",""title"":""mdc_photo_mdc_22bafe_cdv_photo_001_1757359060937.jpg"",""ext"":""jpg"",""panorama"":false,""isDir"":false}]",Yes,0406,COMPLETE,,,,,,,,,,,2025/09/11,,,Katy Thompson,,,Pass,,,,,,,,,,,,1,,,Lateral Inspection,,MH 229 J ST NW,OK,2025/09/08,,,,13:55,,2,Edgar Atwood,,,2025/09/08,,,1700 LETS,,,Lateral Launch,https://pioneer.sewerai.com/dashboard/review/3372b0e4-4114-48e5-b2f5-4cdca25bfd72?t=1.510662&limit=30&offset=0&status=uploaded&issues=false&project=25PV0406+ONE+GAS+&ordering=Inspection_Date&client_reviewed=false,,
COMPLETE,2025-09-08,,313,,EXCELSIOR,VINITA,,,,,,2025/09/08,2400,K AND 3 ST NW ,,,James Atwood,Michael Parrish,0,0,,,,TAP,END,,,,,,South,62.4,15.7,,,,62.4,,,,,,2025/09/08,LETS,2025/09/08,LETS,,Post,SCOTT.LOVELADY@ONEGAS.COM ,,36.6325,-95.1619,yes,1,1,,CLEAR,,One Gas,"___json[{""pathname"":""/Collected Media/map_2662324/layer_6728851/mdc_photo_mdc_a8be22_cdv_photo_002_1757598237782.jpg"",""rid"":40115921,""lid"":""6728851"",""fid"":""1188"",""field"":""photo_map"",""title"":""mdc_photo_mdc_a8be22_cdv_photo_002_1757598237782.jpg"",""ext"":""jpg"",""panorama"":false,""isDir"":false}]",Yes,0406,COMPLETE,,,,,N/A,,,,,,2025/09/11,,,Katy Thompson,,,Pass,,,A,B,,,,,,,,1,,,Lateral Inspection,,310 W EXCELSIOR AVE ,OK,2025/09/08,,,,15:06,,2,James Atwood,,,2025/09/08,,,2400 LETS,,,Lateral Launch,https://pioneer.sewerai.com/dashboard/review/ca8e597e-c4bc-4e40-a695-f81940ff3ffd?t=1.339735&limit=30&offset=0&status=uploaded&issues=false&project=25PV0406+ONE+GAS+&ordering=Inspection_Date&client_reviewed=false&surveyed_by=JAMES,,
GAS LINE,2025-09-08,,,,,VINITA,,,,,,2025/09/08,,,,,,,,,,,,,,,,,,,,,,,,,,,,,,,,,,,,Post,,,36.6325,-95.1619,,,,,,,One Gas,,,0406,GAS LINE,,,,,,,,,,,,,,,,,,,,,,,,,,,,,,,,,,,OK,2025/09/08,,,,15:46,,1,,,,,,,,,,,,,
COMPLETE,2025-09-08,,311,,EXCELSIOR AVE,VINITA,,,,,,2025/09/08,2400,K AND 3 ST NW ,,,James Atwood,Michael Parrish,0,0,0,,,TAP,12T,END,,,,,South,99.5,72.6,117.2,,,99.5,,,,,,2025/09/08,LETS,2025/09/08,LETS,,Post,SCOTT.LOVELADY@ONEGAS.COM ,,36.6325,-95.1619,yes,1,1,,,,One Gas,"___json[{""pathname"":""/Collected Media/map_2662324/layer_6728851/mdc_photo_mdc_b4dc30_cdv_photo_002_1757364612310.jpg"",""rid"":40078149,""lid"":""6728851"",""fid"":""1191"",""field"":""photo_map"",""title"":""mdc_photo_mdc_b4dc30_cdv_photo_002_1757364612310.jpg"",""ext"":""jpg"",""panorama"":false,""isDir"":false}]",Yes,0406,COMPLETE,,,,,,,,"VIDEO GOES UNDER WATER 12.5'- 22.5', 65'-71', VISUAL IS BLOCKED BY DEBRIS ON PULLBACK. BUT THERE ARE NO GAS CROSSINGS. ",,,2025/09/11,,,Katy Thompson,,,Pass,,,A,B,C,,,,,,,1,,,Lateral Inspection,,310 W EXCELSIOR AVE ,OK,2025/09/08,,,West,15:33,,2,James Atwood,,,2025/09/08,,,2400 LETS,,,Lateral Launch,https://pioneer.sewerai.com/dashboard/review/fa66a3ba-40e8-414e-90cc-13ce5faa044a?t=0&limit=30&offset=0&status=uploaded&issues=false&project=25PV0406+ONE+GAS+&ordering=Inspection_Date&client_reviewed=false,,
COMPLETE,2025-09-11,,MH 327 I ST NW ,,I ST NW,MIAMI ,,,,,,2025/09/11,2400,K ST NW/3 AVE NW ,,,James Atwood,James Atwood,0,0,,,,MH 327 IST,MH 415 I ST NW,,,,,,,0,169.1,,,,,,,,MH 415 I ST NW,,2025/09/11,ML,2025/09/11,ML,,Post,SCOTT.LOVELADY@ONEGAS.COM ,,36.8798,-94.8878,yes,1,1,,,,One Gas,"___json[{""pathname"":""/Collected Media/map_2662324/layer_6728851/mdc_photo_mdc_d76469_cdv_photo_001_1757621532226.jpg"",""rid"":40120096,""lid"":""6728851"",""fid"":""1279"",""field"":""photo_map"",""title"":""mdc_photo_mdc_d76469_cdv_photo_001_1757621532226.jpg"",""ext"":""jpg"",""panorama"":false,""isDir"":false}]",Yes,0406,COMPLETE,,,,,,,,PASS-CAM,,,2025/09/17,,,Charlton Moren,,,Pass,,,A,B,,,,,,,169.1,,,169.1,Main Inspection,,MHN 327 I ST ,OK,2025/09/11,,,,14:40,TO MH 415 I ST NW,2,James Atwood,,,2025/09/11,,,2400 LETS,,,CCTV,https://pioneer.sewerai.com/dashboard/review/ae8ecb12-1b6e-45eb-8507-31d2e9e0e13b?t=0&limit=30&offset=0&status=uploaded&client_reviewed=false&issues=false&ordering=-Inspection_Date&project=25PV0406+ONE+GAS+,,
COMPLETE,2025-09-11,,327,,I ST NW,MIAMI ,,,,,,2025/09/11,2400,K ST NW/3 AVE NW ,,,James Atwood,Michael Parrish,0,36,0,0,0,TAP,GMI,9T,12T,END,,,South,1.8,10.3,68.1,80.4,83.3,1.8,,,,,,2025/09/11,LETS,2025/09/11,LETS,,Post,SCOTT.LOVELADY@ONEGAS.COM ,,36.8801,-94.888,yes,1,1,,GMI CLEAR / NO NEW GAS SERVICE ,,One Gas,"___json[{""pathname"":""/Collected Media/map_2662324/layer_6728851/mdc_photo_mdc_f6ad2d_cdv_photo_006_1757600616800.jpg"",""rid"":40116386,""lid"":""6728851"",""fid"":""1276"",""field"":""photo_map"",""title"":""mdc_photo_mdc_f6ad2d_cdv_photo_006_1757600616800.jpg"",""ext"":""jpg"",""panorama"":false,""isDir"":false}]",Yes,0406,COMPLETE,,,,,,,,"CAMERA COVERED FROM 64FT TO 68FT, CLEAR ON PULLBACK
PASS-CAM",,,2025/09/18,,,Charlton Moren,,,Pass,,,A,B,C,D,E,,,,,1,,,Lateral Inspection,"___json[{""pathname"":""/Collected Media/map_2662324/layer_6728851/mdc_photo_mdc_b80db6_cdv_photo_004_1757600249957.jpg"",""rid"":40116258,""lid"":""6728851"",""fid"":""1276"",""field"":""site_photos"",""title"":""mdc_photo_mdc_b80db6_cdv_photo_004_1757600249957.jpg"",""ext"":""jpg"",""panorama"":false,""isDir"":false}]",MH 327 I ST NW ,OK,2025/09/11,,,,09:14,,2,James Atwood,,,2025/09/11,,,2400 LETS,,,Lateral Launch,https://pioneer.sewerai.com/dashboard/review/8d17c43a-ea87-449c-a03d-51d7794445a0?t=0&limit=30&offset=0&status=uploaded&client_reviewed=false&issues=false&ordering=-Inspection_Date&project=25PV0406+ONE+GAS+,,
COMPLETE,2025-09-08,,220,,K ST NW,MIAMI ,,,,,,2025/09/08,1700,K ST NW/3 AVE NW ,,,Edgar Atwood,Carter Pacheco,0,0,0,,,TAP,9T,END,,,,No,South,123,145,161.8,,,123,,,,,"12T-152.9 DID NOT SEE ON PUSH OUT.
HOUSE IS ABANDONED. SPOK WITH NEIGHBOR WHO STATED HOUSE HAS BEEN ABANDONED FOR 20 YEARS.",2025/09/08,LETS,2025/09/08,LETS,,Post,SCOTT.LOVELADY@ONEGAS.COM ,,36.8792,-94.8891,yes,1,1,,,,One Gas,"___json[{""pathname"":""/Collected Media/map_2662324/layer_6728851/mdc_photo_mdc_346dc1_cdv_photo_000_1757364232391.jpg"",""rid"":40078116,""lid"":""6728851"",""fid"":""1193"",""field"":""photo_map"",""title"":""mdc_photo_mdc_346dc1_cdv_photo_000_1757364232391.jpg"",""ext"":""jpg"",""panorama"":false,""isDir"":false}]",Yes,0406,COMPLETE,,,,,,,,"NO GAS CROSSINGS, NO CONFLICTS",,,2025/09/11,,,Katy Thompson,,,Pass,,,A,B,C,,,,,,,1,,,Lateral Inspection,,MH 229 J ST NW ,OK,2025/09/08,,,,15:36,,2,Edgar Atwood,,,2025/09/08,,,1700 LETS,,,Lateral Launch,https://pioneer.sewerai.com/dashboard/review/b046d40f-88e1-485d-ad12-441ac55c0aa3?t=2.208246&limit=30&offset=0&status=uploaded&issues=false&project=25PV0406+ONE+GAS+&ordering=Inspection_Date&client_reviewed=false,,
COMPLETE,2025-09-10,,315,,I ST NW,MIAMI ,,,,,,2025/09/10,2400,K ST NW/3 AVE NW ,,,James Atwood,Michael Parrish,0,41,0,0,,TAP,GMI,3T,END,,,,North,237.2,9.2,36.4,74.3,,237.2,,,,,,2025/09/10,LETS,2025/09/10,LETS,,Post,SCOTT.LOVELADY@ONEGAS.COM ,,36.8792,-94.888,yes,1,1,,GMI CLEAR / NO GAS SERVICE ,,One Gas,"___json[{""pathname"":""/Collected Media/map_2662324/layer_6728851/mdc_photo_mdc_70eff6_cdv_photo_001_1757536211131.jpg"",""rid"":40106221,""lid"":""6728851"",""fid"":""1267"",""field"":""photo_map"",""title"":""mdc_photo_mdc_70eff6_cdv_photo_001_1757536211131.jpg"",""ext"":""jpg"",""panorama"":false,""isDir"":false}]",Yes,0406,COMPLETE,,,,,,,,PASS-CAM,,,2025/09/18,,,Charlton Moren,,,Pass,,,A,B,C,D,,,,,,1,,,Lateral Inspection,"___json[{""pathname"":""/Collected Media/map_2662324/layer_6728851/mdc_photo_mdc_571ce5_cdv_photo_002_1757536211131.jpg"",""rid"":40106220,""lid"":""6728851"",""fid"":""1267"",""field"":""site_photos"",""title"":""mdc_photo_mdc_571ce5_cdv_photo_002_1757536211131.jpg"",""ext"":""jpg"",""panorama"":false,""isDir"":false}]",MH 910 3RD AVE NW ,OK,2025/09/10,,,,15:19,,2,James Atwood,,,2025/09/10,,,2400 LETS,,,Lateral Launch,https://pioneer.sewerai.com/dashboard/review/4c8765c5-4283-424b-97a1-3b41bb559294?t=0&limit=30&offset=0&status=uploaded&client_reviewed=false&issues=false&ordering=-Inspection_Date&project=25PV0406+ONE+GAS+&inspection_datetime__lte=2025-09-10T23%3A59%3A59-05%3A00,,
COMPLETE NO BILL,2025-08-06,,7701 MH ML S,,Acapulco Ave,El paso,,,,,,2025/08/06,---------------------,Acapulco Ave El Paso tx ,,,---------------------,---------------------,,,,,,End,MH,9T,3T,3T,,No,,314.9,284,199,192.2,92,,,,,,,2025/08/06,PO,2025/08/06,PO,,Post,Scott lovelady One Gas,,31.748,-106.358,yes,1,1,,"08/06/2025 
Truck5100
Lead - Christian E. Tech - Derek K. 

Pushed MH ML N maxed out big reel to 314.9 gas bore and question runs parallel with sewer. Gas runs NORTH and SOUTH and cuts up EAST on Acapulco Ave there wont be no crossings in video. Also video was called wrong. It was named 7701 Acapulco Ave. The actual name for video is 7701 Acapulco Ave MH ML S 



There was a 9T at 85.2. This 9T didnt get called out. Video did get pasued when back at the MH this MH is clear and complete",,One Gas,"___json[{""pathname"":""/Collected Media/map_2662324/layer_6728851/mdc_photo_mdc_3f062a_cdv_photo_000_1754490269813.jpg"",""rid"":39625090,""lid"":""6728851"",""fid"":""1026"",""field"":""photo_map"",""title"":""mdc_photo_mdc_3f062a_cdv_photo_000_1754490269813.jpg"",""ext"":""jpg"",""panorama"":false,""isDir"":false}]",N/A,0723,COMPLETE NO BILL,,,,,,,,,,,,,,,,,,,,A,B,C,D,E,,,,314.9,,,314.9,Main Inspection,,,TX,2025/08/06,,,,08:02,,2,N/A,,,,,,N/A,,,Push Camera,,,
COMPLETE,2025-09-11,,405,,I ST NW,MIAMI ,,,,,,2025/09/11,2400,K ST NW/3 AVE NW ,,,James Atwood,Michael Parrish,0,61,0,0,,TAP,GMI,12T,END,,,,North,74.1,10.7,52.5,59.5,,74.1,,,,,,2025/09/11,LETS,2025/09/11,LETS,,Post,SCOTT.LOVELADY@ONEGAS.COM ,,36.8801,-94.888,yes,1,1,,GMI CLEAR / NO NEW GAS,,One Gas,"___json[{""pathname"":""/Collected Media/map_2662324/layer_6728851/mdc_photo_mdc_4f71e2_cdv_photo_014_1757605295646.jpg"",""rid"":40117327,""lid"":""6728851"",""fid"":""1286"",""field"":""photo_map"",""title"":""mdc_photo_mdc_4f71e2_cdv_photo_014_1757605295646.jpg"",""ext"":""jpg"",""panorama"":false,""isDir"":false}]",Yes,0406,COMPLETE,,,,,,,,PASS-CAM,,,2025/09/17,,,Charlton Moren,,,Pass,,,A,B,C,D,,,,,,1,,,Lateral Inspection,"___json[{""pathname"":""/Collected Media/map_2662324/layer_6728851/mdc_photo_mdc_668eae_cdv_photo_013_1757605044352.jpg"",""rid"":40117203,""lid"":""6728851"",""fid"":""1286"",""field"":""site_photos"",""title"":""mdc_photo_mdc_668eae_cdv_photo_013_1757605044352.jpg"",""ext"":""jpg"",""panorama"":false,""isDir"":false}]",MH 327 I ST NW ,OK,2025/09/11,,,,10:33,,2,James Atwood,,,2025/09/11,,,2400 LETS,,,Lateral Launch,https://pioneer.sewerai.com/dashboard/review/f7194b18-8b54-4e17-8006-4db847236a85?t=0&limit=30&offset=0&status=uploaded&client_reviewed=false&issues=false&ordering=-Inspection_Date&project=25PV0406+ONE+GAS+,,
PO,2025-09-11,,203,,K ST NW,MIAMI,,,,,,2025/09/11,1700,K ST NW / 3 AVE NW ,,,Edgar Atwood,,0,0,,,,TAP,END/OFFSET,,,,,,North,81.2,11.7,,,,81.2,,,,,,2025/09/11,LETS,2025/09/11,LETS,,Post,SCOTT.LOVELADY@ONEGAS.COM ,1,36.8777,-94.8902,yes,1,1,,"TECH: TINAI MITCHELL
PUSHED TO OFFSET, WILL NEED TO PO TO CLEAR IN FULL, LINE HAS NO CROSSINGS",,One Gas,"___json[{""pathname"":""/Collected Media/map_2662324/layer_6728851/mdc_photo_mdc_758839_cdv_photo_000_1757603050841.jpg"",""rid"":40116860,""lid"":""6728851"",""fid"":""1282"",""field"":""photo_map"",""title"":""mdc_photo_mdc_758839_cdv_photo_000_1757603050841.jpg"",""ext"":""jpg"",""panorama"":false,""isDir"":false}]",No,0406,PO,,,,,,,,NOTES SAY WAITING ON PO VIDEO TO COMPLETE LINE IN FULL,,,2025/09/18,,,Charlton Moren,,,Fail,,,,,,,,,,,,,,,Lateral Inspection,,MH 203 K ST NW,OK,2025/09/11,,,North,09:58,A,2,Edgar Atwood,,,2025/09/11,,,1700 LETS,,,Lateral Launch,https://pioneer.sewerai.com/dashboard/review/3b80e752-78a2-4593-a61f-282d33f9acde?t=0&limit=30&offset=0&status=uploaded&client_reviewed=false&issues=false&ordering=-Inspection_Date&project=25PV0406+ONE+GAS+,,
COMPLETE,2025-05-06,,MH 300 SW ORCHARD,,ORCHARD ST ,TOPEKA ,,,,,,2025/05/06,2400,PW-24R2-TOPEKA-2ND AND ORCHARD ,,,Edgar Atwood,Michael Parrish,,,,,,,,,,,,,,,,,,,,,,,ML EAST ,,2025/05/06,ML,2025/05/06,ML,,Post,SCOTT.LOVELADY@ONEGAS.COM ,,39.0614,-95.7034,,1,1,,,,One Gas,"___json[{""pathname"":""/Collected Media/map_2662324/layer_6728851/mdc_photo_mdc_60bd90_cdv_photo_010_1758297498125.jpg"",""rid"":40224848,""lid"":""6728851"",""fid"":""593"",""field"":""photo_map"",""title"":""mdc_photo_mdc_60bd90_cdv_photo_010_1758297498125.jpg"",""ext"":""jpg"",""panorama"":false,""isDir"":false}]",Yes,0406,COMPLETE,,,,,,,,,,,2025/05/12,,,Katy Thompson,,,Pass,,,,,,,,,,,328.4,,,328.4,Main Inspection,,MH 300 SW ORCHARD ST,KS,2025/05/06,,,,09:18,MH 300 SW ROOSEVELT ST ,2,Edgar Atwood,,,2025/05/06,,,2400 LETS,,,CCTV,https://pioneer.sewerai.com/dashboard/review/17ad0809-84fa-4c3c-bb99-436889e605b9?t=0&limit=30&offset=0&client_reviewed=false&project=25PV0406+ONE+GAS+&street_address=ORCHARD+ST&surveyed_by=EDGAR,,
COMPLETE,2025-09-11,,MH 203 K ST NW,,,MIAMI,,,,,,2025/09/11,1700,K ST NW / 3 AVE NW ,,,Edgar Atwood,,0,0,,,,MH 203 K ST NW,END,,,,,,,0,101.3,,,,,,,,,,2025/09/11,LETS,2025/09/11,LETS,,Post,SCOTT.LOVELADY@ONEGAS.COM ,,36.8777,-94.8902,yes,1,1,,TECH: TINAI MITCHELL,,One Gas,"___json[{""pathname"":""/Collected Media/map_2662324/layer_6728851/mdc_photo_mdc_9ff8a1_cdv_photo_006_1757623212126.jpg"",""rid"":40120201,""lid"":""6728851"",""fid"":""1305"",""field"":""photo_map"",""title"":""mdc_photo_mdc_9ff8a1_cdv_photo_006_1757623212126.jpg"",""ext"":""jpg"",""panorama"":false,""isDir"":false}]",Yes,0406,COMPLETE,,,,Katy Thompson,Pass,,,,,,2025/10/07,,,Katy Thompson,,,Pass,,,,,,,,,,,101.3,,,101.3,Main Inspection,,MH 203 K ST NW,OK,2025/09/11,,,,14:46,SOUTH,2,Edgar Atwood,,,2025/09/11,,,1700 LETS,,,CCTV,https://pioneer.sewerai.com/dashboard/review/eff1a5df-4151-4b1d-92d1-6a9a88735bf5?t=0&limit=30&offset=0&status=uploaded&client_reviewed=false&issues=false&ordering=-Inspection_Date&project=25PV0406+ONE+GAS+,,
COMPLETE,2025-06-05,,309,,RIVER ST,COMMERCE,,,,,,2025/06/05,2400,5TH AND RIVER,,,James Atwood,Michael Parrish,0,0,,,,TAP,END,,,,,,South,257.6,67.8,,,,257.6,,,,,,2025/06/05,LETS,2025/06/05,LETS,,Post,SCOTT.LOVELADY@ONEGAS.COM ,,36.9375,-94.8748,yes,1,1,,CLEAR,,One Gas,"___json[{""pathname"":""/Collected Media/map_2662324/layer_6728851/mdc_photo_mdc_7b1f1b_cdv_photo_000_1749152602498.jpg"",""rid"":38797540,""lid"":""6728851"",""fid"":""903"",""field"":""photo_map"",""title"":""mdc_photo_mdc_7b1f1b_cdv_photo_000_1749152602498.jpg"",""ext"":""jpg"",""panorama"":false,""isDir"":false}]",Yes,0406,COMPLETE,THERE ARE NO GAS CROSSINGS THIS LINE IS CLEAR.,,,Katy Thompson,Pass,,,"POOR VISUAL DUE TO WATER 61'- 69', NOT CLEAR ON PULLBACK",,,2025/06/06,,,Katy Thompson,,,Pass,,,A,B,,,,,,,,1,,,Lateral Inspection,,MH 318 N QUINCY ST ,OK,2025/06/05,,,North,14:39,,2,James Atwood,,,2025/06/05,,,2400 LETS,,,Lateral Launch,https://pioneer.sewerai.com/dashboard/review/256d8f13-a95c-42b4-8f1f-4a59756a7ff4?t=1.239355&limit=30&offset=0&project=24PV0408+MESA+COUNTY-GATEWAY&ordering=-Inspection_Date&client_reviewed=false&city=COMMERCE,,
COMPLETE,2025-09-09,,214,,K ST NW,MIAMI,,,,,,2025/09/09,1700,K ST NW / 3 AVE NW ,,,Carter Pacheco,,0,0,0,,,TAP,3T,END/OFFSET,,,,,North,26.3,52,67.8,,,26.3,,,,,,2025/09/09,LETS,2025/09/09,LETS,,Post,SCOTT.LOVELADY@ONEGAS.COM ,,36.8782,-94.8891,yes,1,1,,"TECH: TINAI MITCHELL
PUSHED TO OFFSET IN EMPTY LOT, LINE IS CLEAR IN FULL WITH NO CROSSINGS",,One Gas,,Yes,0406,COMPLETE,,,,,,,,PASS-CAM,,,2025/09/18,,,Charlton Moren,,,Pass,,,,,,,,,,,,1,,,Lateral Inspection,,MH 215 J ST NW,OK,2025/09/09,,,,09:05,,2,Carter Pacheco,,,2025/09/09,,,1700 LETS,,,Lateral Launch,https://pioneer.sewerai.com/dashboard/review/5ab5e1b0-5e40-47d2-8775-ba626c6e4dbd?t=0&limit=30&offset=0&status=uploaded&client_reviewed=false&issues=false&ordering=-Inspection_Date&project=25PV0406+ONE+GAS+&inspection_datetime__lte=2025-09-09T23%3A59%3A59-05%3A00,,
COMPLETE,2025-05-06,,305,,SW FRANKLIN AVE,TOPEKA ,,,,,,2025/05/06,1800,PW-24R2-TOPEKA-2ND AND ORCHARD ,,,Eric Zerr,Carter Pacheco,29,60,,,,CO,END,,,,,No,,0,103,,,,,,,,,,2025/05/06,PO,2025/05/06,PO,,Post,SCOTT.LOVELADY@ONEGAS.COM ,1,39.0612,-95.7019,yes,1,1,,,,One Gas,"___json[{""pathname"":""/Collected Media/map_2662324/layer_6728851/mdc_photo_mdc_fd964c_cdv_photo_011_1758297591151.jpg"",""rid"":40224878,""lid"":""6728851"",""fid"":""621"",""field"":""photo_map"",""title"":""mdc_photo_mdc_fd964c_cdv_photo_011_1758297591151.jpg"",""ext"":""jpg"",""panorama"":false,""isDir"":false}]",N/A,0406,COMPLETE,,,,,,,,,,,,,,,,,,,,A,B,,,,,,,,,,,Lateral Inspection,,,KS,2025/05/06,,,South,16:56,,2,Eric Zerr,,,2025/05/06,,,1800 PO,,,Push Camera,,,
COMPLETE NO BILL,2025-08-06,,7705,,Acapulco Ave,El paso,,,,,,2025/08/06,---------------------,Acapulco Ave El Paso tx ,,,---------------------,---------------------,0,,,,,End,,,,,,No,,20,,,,,130,,,,,,2025/08/06,LETS,2025/08/06,LETS,,Post,Scott.lovelady@Onegas.com ,,31.748,-106.358,yes,1,1,,"08/06/2025 Truck5100
Lead - Christian E. Tech - Derek K.

MH-LAT 130
End @ 20
No GMI crossings property is cler",,One Gas,"___json[{""pathname"":""/Collected Media/map_2662324/layer_6728851/mdc_photo_mdc_40f125_cdv_photo_005_1754494092083.jpg"",""rid"":39626258,""lid"":""6728851"",""fid"":""1028"",""field"":""photo_map"",""title"":""mdc_photo_mdc_40f125_cdv_photo_005_1754494092083.jpg"",""ext"":""jpg"",""panorama"":false,""isDir"":false}]",Yes,0723,COMPLETE NO BILL,,,,,,,,PASSED 2/10/26 FF,,,2026/02/10,,,Fallon Farmer,,,Pass,,,A,,,,,,,,,1,,,Lateral Inspection,"___json[{""pathname"":""/Collected Media/map_2662324/layer_6728851/mdc_photo_mdc_6e86e3_cdv_photo_006_1754494092083.jpg"",""rid"":39626256,""lid"":""6728851"",""fid"":""1028"",""field"":""site_photos"",""title"":""mdc_photo_mdc_6e86e3_cdv_photo_006_1754494092083.jpg"",""ext"":""jpg"",""panorama"":false,""isDir"":false},{""pathname"":""/Collected Media/map_2662324/layer_6728851/mdc_photo_mdc_f53fc6_cdv_photo_007_1754494092083.jpg"",""rid"":39626257,""lid"":""6728851"",""fid"":""1028"",""field"":""site_photos"",""title"":""mdc_photo_mdc_f53fc6_cdv_photo_007_1754494092083.jpg"",""ext"":""jpg"",""panorama"":false,""isDir"":false}]",,TX,2025/08/06,,,,09:25,,2,---------------------,,,2025/08/06,,,-----------------,,,Lateral Launch,https://pioneer.sewerai.com/dashboard/review/e29f74fb-5415-4c46-ba37-97d52defc098?limit=30&offset=0&client_reviewed=false&surveyed_by=CHRISTIAN+ES,,
GAS LINE,2025-09-11,,,,,MIAMI ,,,,,,2025/09/11,,,,,,,,,,,,,,,,,,,,,,,,,,,,,,,,,,,,Post,,,36.8799,-94.8877,,,,,,,One Gas,,,0406,GAS LINE,,,,,,,,,,,,,,,,,,,,,,,,,,,,,,,,,,,OK,2025/09/11,,,,09:55,,1,,,,,,,,,,,,,
COMPLETE,2025-09-08,,221,,J ST NW,MIAMI ,,,,,,2025/09/08,1700,K ST NW/3 AVE NW ,,,Edgar Atwood,Carter Pacheco,0,29,0,,,TAP,GMI,END/12T,,,,No,South,125.2,21.5,104,,,125.2,,,,,,2025/09/08,LETS,2025/09/08,LETS,,Post,SCOTT.LOVELADY@ONEGAS.COM ,,36.8791,-94.8891,yes,1,1,,,,One Gas,"___json[{""pathname"":""/Collected Media/map_2662324/layer_6728851/mdc_photo_mdc_b36f04_cdv_photo_001_1757423001548.jpg"",""rid"":40086756,""lid"":""6728851"",""fid"":""1195"",""field"":""photo_map"",""title"":""mdc_photo_mdc_b36f04_cdv_photo_001_1757423001548.jpg"",""ext"":""jpg"",""panorama"":false,""isDir"":false}]",Yes,0406,COMPLETE,,,,,,,,CAMERA UNDER WATER AND DEBRIS ON CAMERA BLOCKS VIEW OF GMI.  CLEAR ON PULLBACK,,,2025/09/11,,,Katy Thompson,,,Pass,,,A,B,C,,,,,,,1,,,Lateral Inspection,"___json[{""pathname"":""/Collected Media/map_2662324/layer_6728851/mdc_photo_mdc_918b81_cdv_photo_1757366144_1757423001548.jpg"",""rid"":40086755,""lid"":""6728851"",""fid"":""1195"",""field"":""site_photos"",""title"":""mdc_photo_mdc_918b81_cdv_photo_1757366144_1757423001548.jpg"",""ext"":""jpg"",""panorama"":false,""isDir"":false}]",MH 229 J ST NW ,OK,2025/09/08,,,,16:04,,2,Edgar Atwood,,,2025/09/08,,,1700 LETS,,,Lateral Launch,https://pioneer.sewerai.com/dashboard/review/cdb71b0a-7832-4534-9eff-3867fc7a4a09?t=3.501875&limit=30&offset=0&status=uploaded&issues=false&project=25PV0406+ONE+GAS+&ordering=Inspection_Date&client_reviewed=false,,
COMPLETE NO BILL,2025-08-06,,7704,,Veracruz Ave,El Paso,,,,,,2025/08/06,4600,Acapulco El Paso ,,,Jason Claunch,Kyle Graham ,,,,,,End,"GMI 0.44 sewer, Gas@0.28",,,,,,East,61.1,22.5,,,,145.8,,,,,,2025/08/06,LETS,2025/08/06,LETS,,Post,One Gas,,31.747,-106.358,yes,1,1,,08/06/2025 4600 ,,One Gas,"___json[{""pathname"":""/Collected Media/map_2662324/layer_6728851/mdc_photo_mdc_1688c2_cdv_photo_000_1754499576765.jpg"",""rid"":39627778,""lid"":""6728851"",""fid"":""1036"",""field"":""photo_map"",""title"":""mdc_photo_mdc_1688c2_cdv_photo_000_1754499576765.jpg"",""ext"":""jpg"",""panorama"":false,""isDir"":false}]",N/A,0723,COMPLETE NO BILL,,,,,,,,,,,,,,,,,,,,,,,,,,,,,1,,,Lateral Inspection,"___json[{""pathname"":""/Collected Media/map_2662324/layer_6728851/mdc_photo_mdc_e2b66f_cdv_photo_1754499349_1754499453425.jpg"",""rid"":39627723,""lid"":""6728851"",""fid"":""1036"",""field"":""site_photos"",""title"":""mdc_photo_mdc_e2b66f_cdv_photo_1754499349_1754499453425.jpg"",""ext"":""jpg"",""panorama"":false,""isDir"":false},{""pathname"":""/Collected Media/map_2662324/layer_6728851/mdc_photo_mdc_5c2ac2_cdv_photo_1754499357_1754499453425.jpg"",""rid"":39627724,""lid"":""6728851"",""fid"":""1036"",""field"":""site_photos"",""title"":""mdc_photo_mdc_5c2ac2_cdv_photo_1754499357_1754499453425.jpg"",""ext"":""jpg"",""panorama"":false,""isDir"":false},{""pathname"":""/Collected Media/map_2662324/layer_6728851/mdc_photo_mdc_2eea97_cdv_photo_1754499363_1754499453425.jpg"",""rid"":39627725,""lid"":""6728851"",""fid"":""1036"",""field"":""site_photos"",""title"":""mdc_photo_mdc_2eea97_cdv_photo_1754499363_1754499453425.jpg"",""ext"":""jpg"",""panorama"":false,""isDir"":false}]",7701 Veracruz Ave MH ML E ,TX,2025/08/06,,,,10:56,,2,Jason Claunch,,,2025/08/06,,,-----------------,,,CCTV,,,
COMPLETE NO BILL,2025-08-06,,7713,,Veracruz,El Paso,,,,,,2025/08/06,4600,Acapulco El Paso ,,,Jason Claunch,Kyle Graham ,,,,,,End,GMI Gas@21” Sewer@41”,,,,,,East,48.5,21.7,,,,249.5,,,,,,2025/08/06,LETS,2025/08/06,LETS,,Post,One Gas,,31.7472,-106.358,yes,1,1,,08/06/2025 4600 found tap in ML and ran to foundation. This is clear.,,One Gas,"___json[{""pathname"":""/Collected Media/map_2662324/layer_6728851/mdc_photo_mdc_756079_cdv_photo_013_1754507942572.jpg"",""rid"":39630011,""lid"":""6728851"",""fid"":""1046"",""field"":""photo_map"",""title"":""mdc_photo_mdc_756079_cdv_photo_013_1754507942572.jpg"",""ext"":""jpg"",""panorama"":false,""isDir"":false}]",N/A,0723,COMPLETE NO BILL,,,,,,,,,,,,,,,,,,,,,,,,,,,,,1,,,Lateral Inspection,"___json[{""pathname"":""/Collected Media/map_2662324/layer_6728851/mdc_photo_mdc_cbd47b_cdv_photo_010_1754507833029.jpg"",""rid"":39629991,""lid"":""6728851"",""fid"":""1046"",""field"":""site_photos"",""title"":""mdc_photo_mdc_cbd47b_cdv_photo_010_1754507833029.jpg"",""ext"":""jpg"",""panorama"":false,""isDir"":false},{""pathname"":""/Collected Media/map_2662324/layer_6728851/mdc_photo_mdc_139ab2_cdv_photo_011_1754507833029.jpg"",""rid"":39629992,""lid"":""6728851"",""fid"":""1046"",""field"":""site_photos"",""title"":""mdc_photo_mdc_139ab2_cdv_photo_011_1754507833029.jpg"",""ext"":""jpg"",""panorama"":false,""isDir"":false},{""pathname"":""/Collected Media/map_2662324/layer_6728851/mdc_photo_mdc_8524da_cdv_photo_012_1754507833029.jpg"",""rid"":39629993,""lid"":""6728851"",""fid"":""1046"",""field"":""site_photos"",""title"":""mdc_photo_mdc_8524da_cdv_photo_012_1754507833029.jpg"",""ext"":""jpg"",""panorama"":false,""isDir"":false}]",7701 Veracruz Ave MH ML E ,TX,2025/08/06,,,,13:13,,2,Jason Claunch,,,2025/08/06,,,-----------------,,,CCTV,,,
COMPLETE NO BILL,2025-08-06,,7712,,Veracruz Avenue,El Paso,,,,,,2025/08/06,4600,Acapulco El Paso ,,,Jason Claunch,Kyle Graham ,,,,,,End,,,,,,,North,47.8,,,,,,,,,,,2025/08/06,LETS,2025/08/06,LETS,,Post,One Gas,,31.7469,-106.357,yes,1,1,,08/06/2025 4600 found tap in mainline and ran to foundation. Gas will not cross or conflict with this lateral in any way. this is clear.,,One Gas,"___json[{""pathname"":""/Collected Media/map_2662324/layer_6728851/mdc_photo_mdc_b320d4_cdv_photo_008_1754506077708.jpg"",""rid"":39629519,""lid"":""6728851"",""fid"":""1045"",""field"":""photo_map"",""title"":""mdc_photo_mdc_b320d4_cdv_photo_008_1754506077708.jpg"",""ext"":""jpg"",""panorama"":false,""isDir"":false}]",N/A,0723,COMPLETE NO BILL,,,,,,,,,,,,,,,,,,,,,,,,,,,,,1,,,Lateral Inspection,"___json[{""pathname"":""/Collected Media/map_2662324/layer_6728851/mdc_photo_mdc_cb5047_cdv_photo_1754505935_1754506017290.jpg"",""rid"":39629504,""lid"":""6728851"",""fid"":""1045"",""field"":""site_photos"",""title"":""mdc_photo_mdc_cb5047_cdv_photo_1754505935_1754506017290.jpg"",""ext"":""jpg"",""panorama"":false,""isDir"":false}]",7701 Veracruz Ave MH ML E ,TX,2025/08/06,,,,12:44,,2,Jason Claunch,,,2025/08/06,,,-----------------,,,CCTV,,,
COMPLETE,2025-06-04,,STMH 9420 MOODY PARK DR ,,MOODY PARK DR ,OVERLAND PARK ,,,,,,2025/06/04,,SOUTHDALE/95 AND NEIMAN ,,,Edgar Atwood,Carter Pacheco,0,0,,,,STMH 9420 MOODY PARK DR ,STMH 9427 MOODY PARK DR ,,,,,No,,0,42.5,,,,,,,,STMH 9427 MOODY PARK DR ,,2025/06/04,ML,2025/06/04,ML,,Post,SCOTT.LOVELADY@ONEGAS.COM ,,38.9575,-94.7012,yes,1,1,,,,One Gas,"___json[{""pathname"":""/Collected Media/map_2662324/layer_6728851/mdc_photo_mdc_af1a29_cdv_photo_002_1749072285497.jpg"",""rid"":38783139,""lid"":""6728851"",""fid"":""868"",""field"":""photo_map"",""title"":""mdc_photo_mdc_af1a29_cdv_photo_002_1749072285497.jpg"",""ext"":""jpg"",""panorama"":false,""isDir"":false}]",Yes,0403,COMPLETE,,,,,,,,,,,2025/08/06,,,Charlton Moren,,,Pass,,,A,B,,,,,,,,,,42.5,Main Inspection,,STMH 9420 MOODY PARK DR ,KS,2025/06/04,,42.5,,16:18,STMH 9427 MOODY PARK DR,3,Edgar Atwood,,,2025/06/04,,,1059 ML,,,CCTV,https://pioneer.sewerai.com/dashboard/review/d03b6b55-fe29-4887-a57b-73b0e706dd98?t=1&limit=30&offset=0&inspection_datetime__lte=2025-08-05T23%3A59%3A59-05%3A00&issues=false&client_reviewed=false&status=uploaded&ordering=-Inspection_Date&project=25PV0406+ONE+GAS+,,
COMPLETE NO BILL,2025-08-07,,157 MLS,,Manor Pl jetting ,El Paso ,,,2.00 hrs heavy cleaning. 0.50 hrs setup. 0.50 hrs water fill.,,,,1069,Manor Pl,,,Bryan Cary,,,,,,,,,,,,,,,,,,,,,,,,,,,,,,,Post,Scott.lovelady@onegas.com,,31.7467,-106.385,,,,,08/07/25; 1069 truck: jetted 400ft south against flow. Used step cleaning method. 2.00 hrs heavy cleaning. 0.50 hrs setup. 0.50 hrs water fill.,,One Gas,,N/A,0723,COMPLETE NO BILL,,,,,,,,,,,,,,,,,,,,,,,,,,,400,,,,,Main Inspection,,157 Monor Pl,TX,2025/08/07,,,,,,2,N/A,,,,,,N/A,,,,,,
GAS LINE,2025-08-08,,,,,,,,,,,2025/08/08,,,,,,,,,,,,,,,,,,,,,,,,,,,,,,,,,,,,Post,,,31.7611,-106.363,,,,,,,One Gas,,,0723,GAS LINE,,,,,,,,,,,,,,,,,,,,,,,,,,,,,,,,,,,,2025/08/08,,,,10:31,,1,,,,,,,,,,,,,
COMPLETE NO BILL,2025-08-06,,7708,,Veracruz Ave ,El Paso,,,,,,2025/08/06,4600,Acapulco El Paso ,,,Jason Claunch,Kyle Graham ,,,,,,End,,,,,,,East,49.1,,,,,,,,,,,2025/08/06,LETS,2025/08/06,LETS,,Post,One Gas,,31.747,-106.358,yes,1,1,,"08/06/2025 4600 found tap in mainline, ran to foundation to ensure no gas crossings or issues. This property and lateral are clear.",,One Gas,"___json[{""pathname"":""/Collected Media/map_2662324/layer_6728851/mdc_photo_mdc_ad169e_cdv_photo_007_1754504995829.jpg"",""rid"":39629241,""lid"":""6728851"",""fid"":""1041"",""field"":""photo_map"",""title"":""mdc_photo_mdc_ad169e_cdv_photo_007_1754504995829.jpg"",""ext"":""jpg"",""panorama"":false,""isDir"":false}]",N/A,0723,COMPLETE NO BILL,,,,,,,,,,,,,,,,,,,,,,,,,,,,,1,,,Lateral Inspection,"___json[{""pathname"":""/Collected Media/map_2662324/layer_6728851/mdc_photo_mdc_bec575_cdv_photo_1754504881_1754504965864.jpg"",""rid"":39629238,""lid"":""6728851"",""fid"":""1041"",""field"":""site_photos"",""title"":""mdc_photo_mdc_bec575_cdv_photo_1754504881_1754504965864.jpg"",""ext"":""jpg"",""panorama"":false,""isDir"":false},{""pathname"":""/Collected Media/map_2662324/layer_6728851/mdc_photo_mdc_1846e3_cdv_photo_1754504903_1754504965864.jpg"",""rid"":39629239,""lid"":""6728851"",""fid"":""1041"",""field"":""site_photos"",""title"":""mdc_photo_mdc_1846e3_cdv_photo_1754504903_1754504965864.jpg"",""ext"":""jpg"",""panorama"":false,""isDir"":false}]",7701 Veracruz Ave MH ML E ,TX,2025/08/06,,,,12:26,,2,Jason Claunch,,,2025/08/06,,,-----------------,,,CCTV,,,
COMPLETE,2025-09-11,,215,,K ST NW,MIAMI,,,,,,2025/09/11,1700,K ST NW/3 AVE NW ,,,Edgar Atwood,Carter Pacheco,0,0,0,0,,TAP,9T,END,END,,,No,North,185.7,153.3,177.5,185.7,,153.3,,,,,,2025/09/11,LETS,2025/09/11,LETS,,Post,SCOTT.LOVELADY@ONEGAS.COM ,,36.8777,-94.8902,yes,1,1,,,,One Gas,"___json[{""pathname"":""/Collected Media/map_2662324/layer_6728851/mdc_photo_mdc_df1460_cdv_photo_001_1757605903019.jpg"",""rid"":40117414,""lid"":""6728851"",""fid"":""1287"",""field"":""photo_map"",""title"":""mdc_photo_mdc_df1460_cdv_photo_001_1757605903019.jpg"",""ext"":""jpg"",""panorama"":false,""isDir"":false}]",Yes,0406,COMPLETE,,,,,,,,PASS-CAM,,,2025/09/17,,,Charlton Moren,,,Pass,,,A,B,C,D,,,,,,1,,,Lateral Inspection,,MH 203 K ST NW ,OK,2025/09/11,,,,10:40,,2,N/A,,,,,,N/A,,,Lateral Launch,https://pioneer.sewerai.com/dashboard/review/a27addcb-e934-4883-a393-b044b1a36d47?t=0&limit=30&offset=0&status=uploaded&client_reviewed=false&issues=false&ordering=-Inspection_Date&project=25PV0406+ONE+GAS+,,
GAS LINE,2025-08-07,,137,,Manor Pl,El Paso,,,,,,2025/08/07,,,,,,,,,,,,,,,,,,,,,,,,,,,,,,,,,,,,Post,,,31.7457,-106.386,,,,,,,One Gas,,,0723,GAS LINE,,,,,,,,,,,,,,,,,,,,,,,,,,,,,,,,,,,TX,2025/08/07,,,,10:52,Gas Service,1,,,,,,,,,,,,,
COMPLETE,2025-09-09,,216,,K ST NW,MIAMI,,,,,,2025/09/09,1700,K ST NW / 3 AVE NW ,,,Carter Pacheco,,0,0,,,,TAP,END/COLLAPSED PIPE,,,,,,North,50.8,9.5,,,,50.8,,,,,,2025/09/09,LETS,2025/09/09,LETS,,Post,SCOTT.LOVELADY@ONEGAS.COM ,,36.8782,-94.889,yes,1,1,,"TECH: TINAI MITCHELL
PUSHED TO COLLAPSED PIPE, ABANDONED LINE GOING TO ABANDONED HOUSE, LINE IS CLEAR WITH NO CROSSINGS",,One Gas,"___json[{""pathname"":""/Collected Media/map_2662324/layer_6728851/mdc_photo_mdc_4ff8ca_cdv_photo_003_1757430930692.jpg"",""rid"":40088562,""lid"":""6728851"",""fid"":""1198"",""field"":""photo_map"",""title"":""mdc_photo_mdc_4ff8ca_cdv_photo_003_1757430930692.jpg"",""ext"":""jpg"",""panorama"":false,""isDir"":false}]",Yes,0406,COMPLETE,NO CROSSINGS. QA KT,,,Katy Thompson,Pass,,,COLLAPSED PIPE @ 9.5FT,,,2025/09/18,,,Charlton Moren,,,Pass,,,,,,,,,,,,1,,,Lateral Inspection,,MH 215 J ST NW,OK,2025/09/09,,,,09:21,A,2,Carter Pacheco,,,2025/09/09,,,1700 LETS,,,Lateral Launch,https://pioneer.sewerai.com/dashboard/review/781d67a3-50f1-4460-b940-7037d5490190?t=0&limit=30&offset=0&status=uploaded&client_reviewed=false&issues=false&ordering=-Inspection_Date&project=25PV0406+ONE+GAS+&inspection_datetime__lte=2025-09-09T23%3A59%3A59-05%3A00,,
COMPLETE,2025-06-04,,9305 ,,MOODY PARK DR,OVERLAND PARK ,,,,,,2025/06/04,1700,SOUTHDALE/95 AND NEIMAN ,,,Edgar Atwood,Tiffanie Gibson,0,0,,,,TAP,END,,,,,No,,345,56.7,,,,345,,,,TO SOUTH,,2025/06/04,LETS,2025/06/04,LETS,,Post,SCOTT.LOVELADY@ONEGAS.COM ,,38.9593,-94.701,yes,1,1,,,,One Gas,,Yes,0403,COMPLETE,THERE ARE NO GAS CROSSINGS. THIS LINE IS CLEAR OF GAS,,,Katy Thompson,Pass,,,"VIDEO UNDERWATER @ 50FT, NOT CLEAR ON PULLBACK ",,,2025/08/06,,,Charlton Moren,,,Pass,,,A,B,,,,,,,,1,,,Lateral Inspection,,MH 9247 MOODY PARK DR ,KS,2025/06/04,,,,16:11,,2,Edgar Atwood,,,2025/06/04,,,1700 LETS,,,Lateral Launch,,,
COMPLETE NO BILL,2025-08-06,,7717,,Veracruz Ave ,El Paso,,,,,,2025/08/06,4600,Acapulco El Paso ,,,Jason Claunch,Kyle Graham ,,,,,,End,GMI sewer@39” Gas@26”,,,,,,East,42.6,23.1,,,,,,,,,,2025/08/06,LETS,2025/08/06,LETS,,Post,One Gas,,31.7471,-106.357,yes,1,1,08/06/2025 4600,"08/06/2025 4600 found tap in ML and ran to foundation, this is clear at GMI",,One Gas,"___json[{""pathname"":""/Collected Media/map_2662324/layer_6728851/mdc_photo_mdc_980723_cdv_photo_014_1754509609923.jpg"",""rid"":39630289,""lid"":""6728851"",""fid"":""1047"",""field"":""photo_map"",""title"":""mdc_photo_mdc_980723_cdv_photo_014_1754509609923.jpg"",""ext"":""jpg"",""panorama"":false,""isDir"":false}]",N/A,0723,COMPLETE NO BILL,,,,,,,,,,,,,,,,,,,,,,,,,,,,,1,,,Lateral Inspection,"___json[{""pathname"":""/Collected Media/map_2662324/layer_6728851/mdc_photo_mdc_11dd86_cdv_photo_016_1754510729096.jpg"",""rid"":39630585,""lid"":""6728851"",""fid"":""1047"",""field"":""site_photos"",""title"":""mdc_photo_mdc_11dd86_cdv_photo_016_1754510729096.jpg"",""ext"":""jpg"",""panorama"":false,""isDir"":false},{""pathname"":""/Collected Media/map_2662324/layer_6728851/mdc_photo_mdc_02db19_cdv_photo_017_1754510729096.jpg"",""rid"":39630586,""lid"":""6728851"",""fid"":""1047"",""field"":""site_photos"",""title"":""mdc_photo_mdc_02db19_cdv_photo_017_1754510729096.jpg"",""ext"":""jpg"",""panorama"":false,""isDir"":false}]",7701 Veracruz Ave MH ML E ,TX,2025/08/06,,,,13:37,,2,Jason Claunch,,,2025/08/06,,,-----------------,,,CCTV,,,
COMPLETE,2025-05-08,,410,,AVENUE A,HUTCHINSON,,,,,,2025/05/08,1800,PW-23R3-HUTCHINSON-SHERMAN AND MADISON ,,,Eric Zerr,Tiffanie Gibson,28,25,26,0,,TAP,12T,GMI,END,,,,West,199,1.5,4.1,110,,199,,,,,,2025/05/08,LETS,2025/05/08,LETS,,Post,SCOTT.LOVELADY@ONEGAS.COM ,,38.0517,-97.9394,yes,1,1,,,,One Gas,"___json[{""pathname"":""/Collected Media/map_2662324/layer_6728851/mdc_photo_mdc_ca6f54_cdv_photo_001_1746731911825.jpg"",""rid"":38483937,""lid"":""6728851"",""fid"":""723"",""field"":""photo_map"",""title"":""mdc_photo_mdc_ca6f54_cdv_photo_001_1746731911825.jpg"",""ext"":""jpg"",""panorama"":false,""isDir"":false}]",Yes,0406,COMPLETE,GMI IS CLEAR @ 4.1'. THIS LINE IS CLEAR NO CONFLICT.,,,Katy Thompson,Pass,,,NO VISUAL ENTIRE RUN,,,2025/05/14,,,Katy Thompson,,,Pass,,,A,B,C,,,,,,,1,,,Lateral Inspection,"___json[{""pathname"":""/Collected Media/map_2662324/layer_6728851/mdc_photo_mdc_d00a47_cdv_photo_002_1746732029122.jpg"",""rid"":38483943,""lid"":""6728851"",""fid"":""723"",""field"":""site_photos"",""title"":""mdc_photo_mdc_d00a47_cdv_photo_002_1746732029122.jpg"",""ext"":""jpg"",""panorama"":false,""isDir"":false}]",401 W SHERMAN ST,KS,2025/05/08,,,West,14:03,,2,Eric Zerr,,,2025/05/08,,,1800 LETS,,,Lateral Launch,https://pioneer.sewerai.com/dashboard/review/834e76e7-7753-4742-b094-5429b5bf19f5?t=2.394856&limit=30&offset=0&project=25PV0406+ONE+GAS+&ordering=Lateral_Segment_Reference&surveyed_by=ERIC+ZERR&client_reviewed=false,,
COMPLETE NO BILL,2025-08-06,,7701,,Veracruz Ave,El Paso,,,,,,2025/08/06,4600,Acapulco El Paso ,,,Jason Claunch,Kyle Graham ,,,,,,End/MH,9T,3T,9T,9T,,,,362.6,317.5,310.5,261,249.5,,,,,,,2025/08/06,LETS,2025/08/06,LETS,,Post,One Gas,,31.7473,-106.358,yes,1,1,,"08/06/2025 4600 drove from MH to MH this section of main is clear, will not cross or conflict with gas.

6. 3T 245.2
7. 3T 189.2
8. 9T 145.8
9. 9T 129.4",,One Gas,,N/A,0723,COMPLETE NO BILL,,,,,,,,,,,,,,,,,,,,,,,,,,,,362.6,,,362.6,Main Inspection,"___json[{""pathname"":""/Collected Media/map_2662324/layer_6728851/mdc_photo_mdc_8c8d81_cdv_photo_020_1754511287053.jpg"",""rid"":39630646,""lid"":""6728851"",""fid"":""1044"",""field"":""site_photos"",""title"":""mdc_photo_mdc_8c8d81_cdv_photo_020_1754511287053.jpg"",""ext"":""jpg"",""panorama"":false,""isDir"":false},{""pathname"":""/Collected Media/map_2662324/layer_6728851/mdc_photo_mdc_2d8b3f_cdv_photo_021_1754511287053.jpg"",""rid"":39630647,""lid"":""6728851"",""fid"":""1044"",""field"":""site_photos"",""title"":""mdc_photo_mdc_2d8b3f_cdv_photo_021_1754511287053.jpg"",""ext"":""jpg"",""panorama"":false,""isDir"":false}]",7701 Veracruz Ave MH ML E,TX,2025/08/06,,,East,14:10,MH ML E,2,Jason Claunch,,,2025/08/06,,,-----------------,,,CCTV,,,
COMPLETE,2025-09-09,,MH 215 J ST NW,,,MIAMI,,,,,,2025/09/09,1700,K ST NW / 3 AVE NW ,,,Carter Pacheco,,0,0,,,,START,END,,,,,,,0,140,,,,,,,,,,2025/09/09,ML,2025/09/09,ML,,Post,SCOTT.LOVELADY@ONEGAS.COM ,,36.8782,-94.889,yes,1,1,,TECH: TINAI MITCHELL,,One Gas,"___json[{""pathname"":""/Collected Media/map_2662324/layer_6728851/mdc_photo_mdc_94b9a9_cdv_photo_008_1757435392053.jpg"",""rid"":40089495,""lid"":""6728851"",""fid"":""1206"",""field"":""photo_map"",""title"":""mdc_photo_mdc_94b9a9_cdv_photo_008_1757435392053.jpg"",""ext"":""jpg"",""panorama"":false,""isDir"":false}]",Yes,0406,COMPLETE,,,,,,,,THERE ARE NO CROSSINGS IN THIS LINE.,,,2025/09/11,,,Katy Thompson,,,Pass,,,,,,,,,,,140,,,140,Main Inspection,,MH 215 J ST NW,OK,2025/09/09,,,,11:17,NORTH,2,Carter Pacheco,,,2025/09/09,,,1700 LETS,,,CCTV,https://pioneer.sewerai.com/dashboard/review/8d53e19b-6f6d-4437-a226-35f79cca930c?t=0&limit=30&offset=0&status=uploaded&issues=false&project=25PV0406+ONE+GAS+&ordering=Inspection_Date&client_reviewed=false,,
GAS LINE,2025-09-09,,,,,VINITA ,,,,,,2025/09/09,,,,,,,,,,,,,,,,,,,,,,,,,,,,,,,,,,,,Post,,,36.6339,-95.1604,,,,,,,One Gas,,,0406,GAS LINE,,,,,,,,,,,,,,,,,,,,,,,,,,,,,,,,,,,OK,2025/09/09,,,,,,1,,,,,,,,,,,,,
COMPLETE,2025-05-07,,516,,THURSTON ST,MANHATTAN ,,,,,,2025/05/07,2400,BERTRAND / N 6 ST ,,,Edgar Atwood,Michael Parrish,0,91,0,0,,TAP,GMI,END,,,,,West,218.3,1,91,53.5,,218.3,,,,,,2025/05/07,LETS,2025/05/07,LETS,,Post,SCOTT.LOVELADY@ONEGAS.COM ,,39.1905,-96.5648,yes,1,1,,,,One Gas,"___json[{""pathname"":""/Collected Media/map_2662324/layer_6728851/mdc_photo_mdc_873e9d_cdv_photo_000_1746646052086.jpg"",""rid"":38471356,""lid"":""6728851"",""fid"":""666"",""field"":""photo_map"",""title"":""mdc_photo_mdc_873e9d_cdv_photo_000_1746646052086.jpg"",""ext"":""jpg"",""panorama"":false,""isDir"":false}]",Yes,0406,COMPLETE,"CLEAR ON PULLBACK, GMI IS CLEAR",,,Katy Thompson,Pass,,,POOR VISUAL 16'- 91' WITH LIMITED VISUAL ON PULLBACK,,,2025/05/16,,,Katy Thompson,,,Pass,,,A,B,,,,,,,,1,,,Lateral Inspection,,MH  1100 N 6TH ST,KS,2025/05/07,,,,14:21,,2,Edgar Atwood,,,2025/05/07,,,2400 LETS,,,Lateral Launch,https://pioneer.sewerai.com/dashboard/review/2ef38629-a1ef-49ac-9762-4d071cfab7a3?t=0&limit=30&offset=0&project=25PV0406+ONE+GAS+&client_reviewed=false,,
COMPLETE,2025-09-09,,MH 215 J ST NW,,,MIAMI,,,,,,2025/09/09,1700,K ST NW / 3 AVE NW ,,,Carter Pacheco,,0,0,,,,START,END,,,,,,,0,111.9,,,,,,,,SOUTH,,2025/09/09,ML,2025/09/09,ML,,Post,SCOTT.LOVELADY@ONEGAS.COM ,,36.8776,-94.8891,yes,1,1,,TECH: TINAI MITCHELL,,One Gas,"___json[{""pathname"":""/Collected Media/map_2662324/layer_6728851/mdc_photo_mdc_475a17_cdv_photo_002_1757446374514.jpg"",""rid"":40091541,""lid"":""6728851"",""fid"":""1207"",""field"":""photo_map"",""title"":""mdc_photo_mdc_475a17_cdv_photo_002_1757446374514.jpg"",""ext"":""jpg"",""panorama"":false,""isDir"":false}]",Yes,0406,COMPLETE,,,,,,,,PASS-CAM,,,2025/09/18,,,Charlton Moren,,,Pass,,,,,,,,,,,111.9,,,111.9,Main Inspection,,MH 215 J ST NW,OK,2025/09/09,,,,17:01,SOUTH,2,Carter Pacheco,,,2025/09/09,,,1700 LETS,,,CCTV,https://pioneer.sewerai.com/dashboard/review/63ad228a-447a-41d5-b4d0-c30d2be480e0?t=0&limit=30&offset=0&status=uploaded&client_reviewed=false&issues=false&ordering=-Inspection_Date&project=25PV0406+ONE+GAS+&inspection_datetime__lte=2025-09-09T23%3A59%3A59-05%3A00,,
GAS LINE,2025-09-09,,,,,MIAMI,,,,,,2025/09/09,,,,,,,,,,,,,,,,,,,,,,,,,,,,,,,,,,,,Post,,,36.8776,-94.8891,,,,,,,One Gas,,,0406,GAS LINE,,,,,,,,,,,,,,,,,,,,,,,,,,,,,,,,,,,OK,2025/09/09,,,,12:26,,1,,,,,,,,,,,,,
RECON,2025-09-09,,,,,VINITA ,,,,,,2025/09/09,,K AND 3 ST NW ,,,N/A,,,,,,,,,,,,,,,,,,,,,,,,,,,,,,,Post,SCOTT.LOVELADY@ONEGAS.COM ,,36.6343,-95.1609,,,,,,,One Gas,,N/A,0406,RECON,,,,,,,,,,,,,,,,,,,,,,,,,,,,,,,,Main Inspection,,,OK,2025/09/09,,,,10:20,,2,N/A,,,,,,N/A,,,,,,
GAS LINE,2025-09-09,,,,SOUTH ST,VINITA ,,,,,,2025/09/09,,,,,,,,,,,,,,,,,,,,,,,,,,,,,,,,,,,,Post,,,36.6343,-95.1609,,,,,,,One Gas,,,0406,GAS LINE,,,,,,,,,,,,,,,,,,,,,,,,,,,,,,,,,,,OK,2025/09/09,,,West,13:24,,1,,,,,,,,,,,,,
CLIENT REVIEW,2025-09-09,,309,,SOUTH ST,VINITA ,,,,,,2025/09/09,2400,K AND 3 ST NW ,,,James Atwood,Michael Parrish,0,0,,,,TAP,END,,,,,,West,1.1,10.7,,,,1.1,,,,,POSSIBLE COLLAPSE OR BAD TAP STAB IN / POSSIBLY ABANDONED ,,,,,,Post,SCOTT.LOVELADY@ONEGAS.COM ,,36.6343,-95.161,yes,1,1,,,,One Gas,"___json[{""pathname"":""/Collected Media/map_2662324/layer_6728851/mdc_photo_mdc_7712e4_cdv_photo_006_1757443330084.jpg"",""rid"":40090914,""lid"":""6728851"",""fid"":""1215"",""field"":""photo_map"",""title"":""mdc_photo_mdc_7712e4_cdv_photo_006_1757443330084.jpg"",""ext"":""jpg"",""panorama"":false,""isDir"":false}]",N/A,0406,CLIENT REVIEW,,,,,,,,,,,,,,,,,,,,A,B,,,,,,,,1,,,Lateral Inspection,,MH 320 W SOUTH ST ,OK,2025/09/09,,,West,13:34,,2,James Atwood,,,2025/09/09,,,2400 LETS,,,,,,
PO,2025-09-09,,1020,,2ND AVE NW,MIAMI,,,,,,2025/09/09,1170,K ST NW / 3 AVE NW ,,,Carter Pacheco,,0,0,,,,TAP,END/OFFSET,,,,,,South,104.9,40.6,,,,104.9,,,,,,2025/09/09,LETS,2025/09/09,LETS,,Post,SCOTT.LOVELADY@ONEGAS.COM ,,36.8782,-94.8891,yes,1,1,,"TECH: TINAI MITCHELL
PUSHED TO OFFSET, WILL NEED TO PO TO CLEAR IN FULL, NO NEW SERVICES RECEIVED ",,One Gas,"___json[{""pathname"":""/Collected Media/map_2662324/layer_6728851/mdc_photo_mdc_dd19cd_cdv_photo_001_1757445186866.jpg"",""rid"":40091312,""lid"":""6728851"",""fid"":""1217"",""field"":""photo_map"",""title"":""mdc_photo_mdc_dd19cd_cdv_photo_001_1757445186866.jpg"",""ext"":""jpg"",""panorama"":false,""isDir"":false}]",Yes,0406,PO,,,,,,,,"PASSING BASED ON NOTES
PASS-CAM",,,2025/09/18,,,Charlton Moren,,,Pass,,,,,,,,,,,,1,,,Lateral Inspection,,MH 215 J ST NW,OK,2025/09/09,,,,14:07,,2,Carter Pacheco,,,2025/09/09,,,1700 LETS,,,Lateral Launch,https://pioneer.sewerai.com/dashboard/review/2abe1f43-6901-45ee-8d7e-94029dd3da4c?t=0&limit=30&offset=0&status=uploaded&client_reviewed=false&issues=false&ordering=-Inspection_Date&project=25PV0406+ONE+GAS+&inspection_datetime__lte=2025-09-09T23%3A59%3A59-05%3A00,,
GAS LINE,2025-09-11,,409 ,,I ST NW,MIAMI ,,,,,,2025/09/11,,,,,,,,,,,,,,,,,,,,,,,,,,,,,,,,,,,,Post,,,36.8802,-94.888,,,,,,,One Gas,,,0406,GAS LINE,,,,,,,,,,,,,,,,,,,,,,,,,,,,,,,,,,,OK,2025/09/11,,,,11:02,,1,,,,,,,,,,,,,
COMPLETE,2025-09-11,,216,,L ST NW,MIAMI,,,,,,2025/09/11,1700,K ST NW / 3 AVE NW ,,,Edgar Atwood,,0,31,,,,TAP,GMI/END/CAP,,,,,,North,195.1,10.5,0,,,195.1,,,,,,2025/09/11,LETS,2025/09/11,LETS,,Post,SCOTT.LOVELADY@ONEGAS.COM ,1,36.8777,-94.8902,yes,1,1,,"TECH: TINAI MITCHELL
PUSHED TO CAPPED LINE, LINE IS CLEAR",,One Gas,"___json[{""pathname"":""/Collected Media/map_2662324/layer_6728851/mdc_photo_mdc_d91bfa_cdv_photo_001_1757608285536.jpg"",""rid"":40117855,""lid"":""6728851"",""fid"":""1292"",""field"":""photo_map"",""title"":""mdc_photo_mdc_d91bfa_cdv_photo_001_1757608285536.jpg"",""ext"":""jpg"",""panorama"":false,""isDir"":false}]",Yes,0406,COMPLETE,,,,,,,,PASS-CAM,,,2025/09/17,,,Charlton Moren,,,Pass,,,,,,,,,,,,,,,Lateral Inspection,"___json[{""pathname"":""/Collected Media/map_2662324/layer_6728851/mdc_photo_mdc_ae84ae_cdv_photo_002_1757607892185.jpg"",""rid"":40117654,""lid"":""6728851"",""fid"":""1292"",""field"":""site_photos"",""title"":""mdc_photo_mdc_ae84ae_cdv_photo_002_1757607892185.jpg"",""ext"":""jpg"",""panorama"":false,""isDir"":false}]",MN 203 K ST NW,OK,2025/09/11,,,North,11:21,A,2,Edgar Atwood,,,2025/09/11,,,1700 LETS,,,Lateral Launch,https://pioneer.sewerai.com/dashboard/review/1f287c1b-897a-46b1-a5e1-091eb66d0eca?t=0&limit=30&offset=0&status=uploaded&client_reviewed=false&issues=false&ordering=-Inspection_Date&project=25PV0406+ONE+GAS+,,
COMPLETE,2025-09-09,,133,,J ST NW,MIAMI,,,,,,2025/09/09,1700,K ST NW / 3 AVE NW ,,,Carter Pacheco,,0,38,0,0,,TAP,GMI,3T,END/CAP,,,,North,15.3,10.5,17.7,68.5,,15.3,,,,,,2025/09/09,LETS,2025/09/09,LETS,,Post,SCOTT.LOVELADY@ONEGAS.COM ,,36.8776,-94.8891,yes,1,1,,"TECH: TINAI MITCHELL
PUSHED TO CAPPED LINE IN ABANDONED LOT, LINE IS CLEAR",,One Gas,"___json[{""pathname"":""/Collected Media/map_2662324/layer_6728851/mdc_photo_mdc_27ff77_cdv_photo_000_1757451128360.jpg"",""rid"":40092103,""lid"":""6728851"",""fid"":""1222"",""field"":""photo_map"",""title"":""mdc_photo_mdc_27ff77_cdv_photo_000_1757451128360.jpg"",""ext"":""jpg"",""panorama"":false,""isDir"":false}]",Yes,0406,COMPLETE,,,,,,,,PASS-CAM,,,2025/09/18,,,Charlton Moren,,,Pass,,,,,,,,,,,,1,,,Lateral Inspection,,MH 132 K ST NW,OK,2025/09/09,,,,15:46,A,2,Carter Pacheco,,,2025/09/09,,,1700 LETS,,,Lateral Launch,https://pioneer.sewerai.com/dashboard/review/6715a70f-2ef8-4b48-8541-75122cdcde2d?t=0&limit=30&offset=0&status=uploaded&client_reviewed=false&issues=false&ordering=-Inspection_Date&project=25PV0406+ONE+GAS+&inspection_datetime__lte=2025-09-09T23%3A59%3A59-05%3A00,,
PO,2025-05-08,,401,,SHERMAN ST,HUTCHINSON,,,,,,2025/05/08,1800,PW-23R3-HUTCHINSON-SHERMAN AND MADISON ,,,Eric Zerr,Carter Pacheco,26,,,,,TAP,END@BULDGE IN PIPE,,,,,,West,55.6,67.2,,,,55.6,,,,,,2025/05/08,LETS,2025/05/08,LETS,,Post,SCOTT.LOVELADY@ONEGAS.COM ,,38.0516,-97.9394,yes,1,1,,ENDED AT BULDGE IN PIPE UNABLE TO CLEAR TO FOUNDATION LATERAL IS RUNNING ALONG SIDE CLOSE TO GAS ABOUT 5-10 FEET.,,One Gas,"___json[{""pathname"":""/Collected Media/map_2662324/layer_6728851/mdc_photo_mdc_e036ff_cdv_photo_005_1746714514032.jpg"",""rid"":38480309,""lid"":""6728851"",""fid"":""694"",""field"":""photo_map"",""title"":""mdc_photo_mdc_e036ff_cdv_photo_005_1746714514032.jpg"",""ext"":""jpg"",""panorama"":false,""isDir"":false}]",Yes,0406,PO,"THIS LINE IS CLEAR, THERE ARE NO CROSSINGS.",,,Katy Thompson,Pass,,,"POOR VISUAL 29'- 39', 47'- END DUE TO DEBRIS AND WATER, CLEAR ON PULLBACK BUT BULGE IN PIPE",,,2025/05/13,,,Katy Thompson,,,Pass,,,A,,,,,,,,,1,,,Lateral Inspection,,MH 401 W SHERMAN ST,KS,2025/05/08,,,West,09:20,,2,Eric Zerr,,,2025/05/08,,,1800 LETS,,,Lateral Launch,https://pioneer.sewerai.com/dashboard/review/5d22cdf2-9b81-4327-bc6b-137e79e26784?t=2.929415&limit=30&offset=0&project=25PV0406+ONE+GAS+&client_reviewed=false,,
COMPLETE,2025-09-11,,125,,K ST NW,MIAMI,,,,,,2025/09/11,1700,K ST NW/3 AVE NW ,,,Carter Pacheco,,0,0,,,,CO,END/MAIN,,,,,No,,0,76.5,,,,,,,,,,2025/09/11,PO,2025/09/11,PO,,Post,SCOTT.LOVELADY@ONEGAS.COM ,1,36.8708,-94.8778,yes,1,1,,TECH-TINAI,,One Gas,"___json[{""pathname"":""/Collected Media/map_2662324/layer_6728851/mdc_photo_mdc_a7525b_cdv_photo_001_1757627878950.jpg"",""rid"":40120757,""lid"":""6728851"",""fid"":""1311"",""field"":""photo_map"",""title"":""mdc_photo_mdc_a7525b_cdv_photo_001_1757627878950.jpg"",""ext"":""jpg"",""panorama"":false,""isDir"":false}]",No,0406,COMPLETE,,,,,,,,"NO CROSSINGS, BUT THIS VIDEO DOESN'T PLAY",,,2025/09/24,,,Katy Thompson,,,Fail,,,A,B,,,,,,,,,,,Lateral Inspection,,,OK,2025/09/11,,,,16:51,,2,Carter Pacheco,,,2025/09/11,,,1700 PO,,,Push Camera,https://pipeviewamerica.sharefile.com/d-s8c384f30ee6c4c66a191a8b51becda0e,,
COMPLETE,2025-09-09,,132,,K ST NW,MIAMI,,,,,,2025/09/09,1700,K ST NW / 3 AVE NW ,,,Carter Pacheco,,9,0,,,,TAP,END/CAP,,,,,,North,1.1,47.4,,,,1.1,,,,,,2025/09/09,LETS,2025/09/09,LETS,,Post,SCOTT.LOVELADY@ONEGAS.COM ,,36.8776,-94.8891,yes,1,1,,"TECH: TINAI MITCHELL
PUSHED TO CAP, LINE IS CLEAR WITH NO CROSSINGS, NO NEW SERVICES RECEIVED",,One Gas,"___json[{""pathname"":""/Collected Media/map_2662324/layer_6728851/mdc_photo_mdc_94c875_cdv_photo_003_1757450546470.jpg"",""rid"":40092037,""lid"":""6728851"",""fid"":""1221"",""field"":""photo_map"",""title"":""mdc_photo_mdc_94c875_cdv_photo_003_1757450546470.jpg"",""ext"":""jpg"",""panorama"":false,""isDir"":false}]",Yes,0406,COMPLETE,,,,,,,,"PASSING BASED ON NOTES
PASS-CAM",,,2025/09/18,,,Charlton Moren,,,Pass,,,,,,,,,,,,1,,,Lateral Inspection,,MH 132 K ST NW,OK,2025/09/09,,,,15:27,,2,Carter Pacheco,,,2025/09/09,,,1700 LETS,,,,https://pioneer.sewerai.com/dashboard/review/970345ba-6762-4c02-81f7-01605ddc89b3?t=0&limit=30&offset=0&status=uploaded&client_reviewed=false&issues=false&ordering=-Inspection_Date&project=25PV0406+ONE+GAS+&inspection_datetime__lte=2025-09-09T23%3A59%3A59-05%3A00,,
COMPLETE,2025-09-09,,212,,K ST NW,MIAMI,,,,,,2025/09/09,1700,K ST NW / 3 AVE NW ,,,Carter Pacheco,,0,0,,,,TAP,END/CAP,,,,,,South,65.4,12.7,,,,65.4,,,,,,2025/09/09,LETS,2025/09/09,LETS,,Post,SCOTT.LOVELADY@ONEGAS.COM ,,36.8782,-94.8891,yes,1,1,,"TECH: TINAI MITCHELL
PUSHED TO CAP, BREAK IN LINE WAS NOT GAS, NO NEW GAS SERVICE RECIEVED",,One Gas,"___json[{""pathname"":""/Collected Media/map_2662324/layer_6728851/mdc_photo_mdc_b2e720_cdv_photo_000_1757444663717.jpg"",""rid"":40091185,""lid"":""6728851"",""fid"":""1216"",""field"":""photo_map"",""title"":""mdc_photo_mdc_b2e720_cdv_photo_000_1757444663717.jpg"",""ext"":""jpg"",""panorama"":false,""isDir"":false}]",Yes,0406,COMPLETE,,,,,,,,PASS-CAM,,,2025/09/18,,,Charlton Moren,,,Pass,,,,,,,,,,,,1,,,Lateral Inspection,,MH 215 J ST NW,OK,2025/09/09,,,,13:38,A,2,Carter Pacheco,,,2025/09/09,,,1700 LETS,,,Lateral Launch,https://pioneer.sewerai.com/dashboard/review/7dd54492-fbb1-4f69-af0c-9bfce1385240?t=0&limit=30&offset=0&status=uploaded&client_reviewed=false&issues=false&ordering=-Inspection_Date&project=25PV0406+ONE+GAS+&inspection_datetime__lte=2025-09-09T23%3A59%3A59-05%3A00,,
PO,2025-09-09,,207,,J ST NW,MIAMI,,,,,,2025/09/09,1700,K ST NW / 3 AVE NW ,,,Carter Pacheco,,0,0,,,,TAP,END/BROKEN PIPE,,,,,,South,46.8,6.5,,,,46.8,,,,,,2025/09/09,LETS,2025/09/09,LETS,,Post,SCOTT.LOVELADY@ONEGAS.COM ,,36.8782,-94.8891,yes,1,1,,"TECH: TINAI MITCHELL
PUSHED TO BREAK IN PIPE, WILL NEED TO PO TO CLEAR IN FULL",,One Gas,"___json[{""pathname"":""/Collected Media/map_2662324/layer_6728851/mdc_photo_mdc_6cc55f_cdv_photo_011_1757441707699.jpg"",""rid"":40090721,""lid"":""6728851"",""fid"":""1211"",""field"":""photo_map"",""title"":""mdc_photo_mdc_6cc55f_cdv_photo_011_1757441707699.jpg"",""ext"":""jpg"",""panorama"":false,""isDir"":false}]",No,0406,PO,,,,,,,,"BROKEN PIPE @ 6FT, WAITING ON PO VIDEO",,,2025/09/18,,,Charlton Moren,,,Fail,,,,,,,,,,,,1,,,Lateral Inspection,,MH 215 J ST NW,OK,2025/09/09,,,,13:01,,2,Carter Pacheco,,,2025/09/09,,,1700 LETS,,,Lateral Launch,https://pioneer.sewerai.com/dashboard/review/db3da861-7189-4602-b26d-9b8d48e9d739?t=0&limit=30&offset=0&status=uploaded&client_reviewed=false&issues=false&ordering=-Inspection_Date&project=25PV0406+ONE+GAS+&inspection_datetime__lte=2025-09-09T23%3A59%3A59-05%3A00,,
COMPLETE NO BILL,2025-08-06,,7720,,Veracruz Ave,El Paso,,,,,,2025/08/06,4600,Acapulco El Paso ,,,Jason Claunch,Kyle Graham ,,,,,,End,3T,,,,,,East,14.1,7.4,,,,,,,,,,2025/08/06,LETS,2025/08/06,LETS,,Post,One Gas,,31.7473,-106.358,yes,1,1,,"08/06/2025 4600 ran to edge of property line, no other taps in scope of bore. This section of main is clear",,One Gas,"___json[{""pathname"":""/Collected Media/map_2662324/layer_6728851/mdc_photo_mdc_fed893_cdv_photo_000_1754512041104.jpg"",""rid"":39630806,""lid"":""6728851"",""fid"":""1049"",""field"":""photo_map"",""title"":""mdc_photo_mdc_fed893_cdv_photo_000_1754512041104.jpg"",""ext"":""jpg"",""panorama"":false,""isDir"":false}]",N/A,0403,COMPLETE NO BILL,,,,,,,,,,,,,,,,,,,,,,,,,,,,14.1,,,14.1,Lateral Inspection,"___json[{""pathname"":""/Collected Media/map_2662324/layer_6728851/mdc_photo_mdc_e7e014_cdv_photo_004_1754516720656.jpg"",""rid"":39631712,""lid"":""6728851"",""fid"":""1049"",""field"":""site_photos"",""title"":""mdc_photo_mdc_e7e014_cdv_photo_004_1754516720656.jpg"",""ext"":""jpg"",""panorama"":false,""isDir"":false},{""pathname"":""/Collected Media/map_2662324/layer_6728851/mdc_photo_mdc_7d1132_cdv_photo_005_1754516720656.jpg"",""rid"":39631713,""lid"":""6728851"",""fid"":""1049"",""field"":""site_photos"",""title"":""mdc_photo_mdc_7d1132_cdv_photo_005_1754516720656.jpg"",""ext"":""jpg"",""panorama"":false,""isDir"":false}]",7720 Veracruz Ave MH ML E,TX,2025/08/06,,,East,14:22,MH ML E,2,Jason Claunch,,,2025/08/06,,,-----------------,,,CCTV,,,
COMPLETE NO BILL,2025-08-06,,7704,,Veracruz Ave,El Paso,,,,,,2025/08/06,4600,Acapulco El Paso ,,,Jason Claunch,Kyle Graham ,,,,,,End,,,,,,,,48.4,,,,,,,,,,,2025/08/06,PO,2025/08/06,PO,,Post,One Gas,1,31.7472,-106.358,yes,1,1,,08/06/2025 4600 push out to mainline rear of property. This will not cross gas.,,One Gas,"___json[{""pathname"":""/Collected Media/map_2662324/layer_6728851/mdc_photo_mdc_a0de92_cdv_photo_003_1754516693970.jpg"",""rid"":39631710,""lid"":""6728851"",""fid"":""1053"",""field"":""photo_map"",""title"":""mdc_photo_mdc_a0de92_cdv_photo_003_1754516693970.jpg"",""ext"":""jpg"",""panorama"":false,""isDir"":false}]",Yes,0723,COMPLETE NO BILL,,,,,,,,,,,2025/08/14,,,Jay Brown,,,Pass,,,,,,,,,,,,,,,Lateral Inspection,"___json[{""pathname"":""/Collected Media/map_2662324/layer_6728851/mdc_photo_mdc_9b9503_cdv_photo_1754516432_1754516569368.jpg"",""rid"":39631689,""lid"":""6728851"",""fid"":""1053"",""field"":""site_photos"",""title"":""mdc_photo_mdc_9b9503_cdv_photo_1754516432_1754516569368.jpg"",""ext"":""jpg"",""panorama"":false,""isDir"":false},{""pathname"":""/Collected Media/map_2662324/layer_6728851/mdc_photo_mdc_333340_cdv_photo_002_1754516569368.jpg"",""rid"":39631690,""lid"":""6728851"",""fid"":""1053"",""field"":""site_photos"",""title"":""mdc_photo_mdc_333340_cdv_photo_002_1754516569368.jpg"",""ext"":""jpg"",""panorama"":false,""isDir"":false}]",,TX,2025/08/06,,,,15:33,,2,Kyle Graham ,,,2025/08/06,,,-----------------,,,Push Camera,https://pipeviewamerica.sharefile.com/home/shared/fo8b0698-826e-4ab0-b37e-d197b66f3724,,
GAS LINE,2025-09-09,,,,,VINITA ,,,,,,2025/09/09,,,,,,,,,,,,,,,,,,,,,,,,,,,,,,,,,,,,Post,,,36.6342,-95.1608,,,,,,,One Gas,,,0406,GAS LINE,,,,,,,,,,,,,,,,,,,,,,,,,,,,,,,,,,,OK,2025/09/09,,,,10:24,,1,,,,,,,,,,,,,
OFFICE REVIEW,2025-09-09,,220,,K ST NW,MIAMI,,,,,,2025/09/09,1700,K ST NW / 3 AVE NW ,,,Carter Pacheco,,0,0,,,,TAP,END/COLLAPSED PIPE,,,,,,North,95.7,16.5,,,,95.7,,,,,,2025/09/09,LETS,2025/09/09,LETS,,Post,SCOTT.LOVELADY@ONEGAS.COM ,,36.8782,-94.8891,yes,1,1,,"TECH: TINAI MITCHELL
PUSHED TO COLLAPSED PIPE, LINE IS CLEAR WITH NO CROSSINGS, ABANDONED LINE",,One Gas,"___json[{""pathname"":""/Collected Media/map_2662324/layer_6728851/mdc_photo_mdc_3b556a_cdv_photo_007_1757433614442.jpg"",""rid"":40089175,""lid"":""6728851"",""fid"":""1205"",""field"":""photo_map"",""title"":""mdc_photo_mdc_3b556a_cdv_photo_007_1757433614442.jpg"",""ext"":""jpg"",""panorama"":false,""isDir"":false}]",Yes,0406,OFFICE REVIEW,"PUSHED TO COLLAPSED PIPE, LINE IS CLEAR WITH NO CROSSINGS, ABANDONED LINE",,,Katy Thompson,Pass,,,COLLAPSED PIPE @ 16FT,,,2025/09/18,,,Charlton Moren,,,Pass,,,,,,,,,,,,1,,,Lateral Inspection,,MH 215 J ST NW,OK,2025/09/09,,,,10:52,A,2,Carter Pacheco,,,2025/09/09,,,1700 LETS,,,Lateral Launch,https://pioneer.sewerai.com/dashboard/review/1ce654fe-8b2e-48c5-b125-a238d8f74e3f?t=0&limit=30&offset=0&status=uploaded&client_reviewed=false&issues=false&ordering=-Inspection_Date&project=25PV0406+ONE+GAS+&inspection_datetime__lte=2025-09-09T23%3A59%3A59-05%3A00,,
COMPLETE,2025-09-09,,309,,SOUTH AVE,VINITA ,,,,,,2025/09/09,2400,K AND 3 ST NW ,,,James Atwood,Michael Parrish,0,0,0,,,C/O,3T,END,,,,,,0,52.11,62.1,,,,,,,,,2025/09/09,LETS,2025/09/09,PO,,Post,SCOTT.LOVELADY@ONEGAS.COM ,1,36.6343,-95.1609,yes,1,1,,THIS LINE TIES INTO 401 S THOMPSON ST,,One Gas,"___json[{""pathname"":""/Collected Media/map_2662324/layer_6728851/mdc_photo_mdc_e370d6_cdv_photo_000_1757448896391.jpg"",""rid"":40091824,""lid"":""6728851"",""fid"":""1219"",""field"":""photo_map"",""title"":""mdc_photo_mdc_e370d6_cdv_photo_000_1757448896391.jpg"",""ext"":""jpg"",""panorama"":false,""isDir"":false}]",Yes,0406,COMPLETE,,,,,,,,"POSSIBLE COLLAPSE, VIDEO IS CLEAR, NO CROSSINGS.",,,2025/09/11,,,Katy Thompson,,,Pass,,,A,B,C,,,,,,,,,,Lateral Inspection,,,OK,2025/09/09,,,West,15:08,A,2,James Atwood,,,2025/09/09,,,2400 PO,,,Push Camera,https://pioneer.sewerai.com/dashboard/review/9e572491-1fda-40a1-85a6-452ce7d5aa1c?t=1.286293&limit=30&offset=0&status=uploaded&issues=false&project=25PV0406+ONE+GAS+&ordering=Inspection_Date&client_reviewed=false&surveyed_by=JAMES,,
COMPLETE,2025-05-09,,425 ,,SHERMAN ST,HUTCHINSON,,,,,,2025/05/09,1800,PW-23R3-HUTCHINSON-SHERMAN AND MADISON ,,,Eric Zerr,Tiffanie Gibson,29,28,,,,TAP,END,,,,,No,West,35.1,100.4,,,,35.1,,,,,NO GSI AND NO GMI CROSSING,2025/05/09,LETS,2025/05/09,LETS,,Post,SCOTT.LOVELADY@ONEGAS.COM ,,38.0516,-97.9403,yes,1,1,,NO GSI AND GMI CROSSING,,One Gas,,Yes,0406,COMPLETE,	NO GSI AND NO GMI CROSSING,,,Katy Thompson,Pass,,,"POOR VISUAL, DEBRIS ON CAMERA ENTIRE RUN",,,2025/05/13,,,Katy Thompson,,,Pass,,,A,B,,,,,,,,1,,,Lateral Inspection,,MH 414 W AVENUE A,KS,2025/05/09,,,West,09:12,,2,Eric Zerr,,,2025/05/09,,,1800 LETS,,,Lateral Launch,https://pioneer.sewerai.com/dashboard/review/0ba71403-b4a5-497b-9fe7-20060845830c?t=0&limit=30&offset=0&project=25PV0406+ONE+GAS+&client_reviewed=false,,
COMPLETE NO BILL,2025-08-06,,7720,,Acapulco Ave,El paso,,,,,,2025/08/06,---------------------,Acapulco Ave El Paso tx ,,,---------------------,---------------------,0,0.45,,,,End,GMI,,,,,No,,62,22,,,,,,,,,,2025/08/06,LETS,2025/08/06,LETS,,Post,Scott.lovelady@Onegas.com ,,31.7481,-106.358,yes,1,1,,"08/06/2025 Truck5100 
Lead - Christian E. Tech - Derek K. 

End @ 62 
GMI @ 22 @ 0.45",,One Gas,"___json[{""pathname"":""/Collected Media/map_2662324/layer_6728851/mdc_photo_mdc_51d82a_cdv_photo_026_1754520296000.jpg"",""rid"":39632413,""lid"":""6728851"",""fid"":""1055"",""field"":""photo_map"",""title"":""mdc_photo_mdc_51d82a_cdv_photo_026_1754520296000.jpg"",""ext"":""jpg"",""panorama"":false,""isDir"":false}]",Yes,0723,COMPLETE NO BILL,,,,,,,,PASSED 2/10/26 FF,,,2026/02/10,,,Fallon Farmer,,,Pass,,,A,B,,,,,,,,1,,,Lateral Inspection,"___json[{""pathname"":""/Collected Media/map_2662324/layer_6728851/mdc_photo_mdc_1a1de4_cdv_photo_021_1754520296000.jpg"",""rid"":39632408,""lid"":""6728851"",""fid"":""1055"",""field"":""site_photos"",""title"":""mdc_photo_mdc_1a1de4_cdv_photo_021_1754520296000.jpg"",""ext"":""jpg"",""panorama"":false,""isDir"":false},{""pathname"":""/Collected Media/map_2662324/layer_6728851/mdc_photo_mdc_6aaccb_cdv_photo_022_1754520296000.jpg"",""rid"":39632409,""lid"":""6728851"",""fid"":""1055"",""field"":""site_photos"",""title"":""mdc_photo_mdc_6aaccb_cdv_photo_022_1754520296000.jpg"",""ext"":""jpg"",""panorama"":false,""isDir"":false},{""pathname"":""/Collected Media/map_2662324/layer_6728851/mdc_photo_mdc_c32522_cdv_photo_023_1754520296000.jpg"",""rid"":39632410,""lid"":""6728851"",""fid"":""1055"",""field"":""site_photos"",""title"":""mdc_photo_mdc_c32522_cdv_photo_023_1754520296000.jpg"",""ext"":""jpg"",""panorama"":false,""isDir"":false},{""pathname"":""/Collected Media/map_2662324/layer_6728851/mdc_photo_mdc_8873a4_cdv_photo_024_1754520296000.jpg"",""rid"":39632411,""lid"":""6728851"",""fid"":""1055"",""field"":""site_photos"",""title"":""mdc_photo_mdc_8873a4_cdv_photo_024_1754520296000.jpg"",""ext"":""jpg"",""panorama"":false,""isDir"":false},{""pathname"":""/Collected Media/map_2662324/layer_6728851/mdc_photo_mdc_38966b_cdv_photo_025_1754520296000.jpg"",""rid"":39632412,""lid"":""6728851"",""fid"":""1055"",""field"":""site_photos"",""title"":""mdc_photo_mdc_38966b_cdv_photo_025_1754520296000.jpg"",""ext"":""jpg"",""panorama"":false,""isDir"":false}]",,TX,2025/08/06,,,,16:41,,2,---------------------,,,2025/08/06,,,-----------------,,,Lateral Launch,https://pioneer.sewerai.com/dashboard/review/4b70961e-8f88-4063-9be9-3cd3c036917d?limit=30&offset=0&client_reviewed=false&surveyed_by=CHRISTIAN+ES,,
COMPLETE,2025-09-09,,1015,,2ND AVE NW,MIAMI,,,,,,2025/09/09,1700,K ST NW / 3 AVE NW ,,,Carter Pacheco,,0,0,0,,,TAP,3T,END/OFFSET,,,,,North,61.4,4.4,6.9,,,61.4,,,,,,2025/09/09,LETS,2025/09/09,LETS,,Post,SCOTT.LOVELADY@ONEGAS.COM ,,36.8776,-94.8891,yes,1,1,,"TECH: TINAI MITCHELL
PUSHED TO OFFSET, ABANDONED LINE, LINE IS CLEAR WITH NO CROSSINGS",,One Gas,"___json[{""pathname"":""/Collected Media/map_2662324/layer_6728851/mdc_photo_mdc_20e755_cdv_photo_004_1757453151944.jpg"",""rid"":40092801,""lid"":""6728851"",""fid"":""1224"",""field"":""photo_map"",""title"":""mdc_photo_mdc_20e755_cdv_photo_004_1757453151944.jpg"",""ext"":""jpg"",""panorama"":false,""isDir"":false}]",Yes,0406,COMPLETE,,,,,,,,"PASSING BASED ON NOTES
PASS-CAM",,,2025/09/18,,,Charlton Moren,,,Pass,,,,,,,,,,,,1,,,Lateral Inspection,,MH 132 K ST NW,OK,2025/09/09,,,,16:17,A,2,Carter Pacheco,,,2025/09/09,,,1700 LETS,,,Lateral Launch,https://pioneer.sewerai.com/dashboard/review/63ebb45a-7992-4a89-9545-e9a6ca51f6c0?t=0&limit=30&offset=0&status=uploaded&client_reviewed=false&issues=false&ordering=-Inspection_Date&project=25PV0406+ONE+GAS+&inspection_datetime__lte=2025-09-09T23%3A59%3A59-05%3A00,,
COMPLETE,2025-09-09,,MH 132 K ST NW,,,MIAMI,,,,,,2025/09/09,1700,K ST NW / 3 AVE NW ,,,Carter Pacheco,,0,0,,,,START,END,,,,,,,0,192.5,,,,,,,,,,2025/09/09,ML,2025/09/09,ML,,Post,SCOTT.LOVELADY@ONEGAS.COM ,,36.8775,-94.889,yes,1,1,,TECH: TINAI MITCHELL,,One Gas,"___json[{""pathname"":""/Collected Media/map_2662324/layer_6728851/mdc_photo_mdc_7ecbbe_cdv_photo_007_1757455341156.jpg"",""rid"":40093174,""lid"":""6728851"",""fid"":""1220"",""field"":""photo_map"",""title"":""mdc_photo_mdc_7ecbbe_cdv_photo_007_1757455341156.jpg"",""ext"":""jpg"",""panorama"":false,""isDir"":false}]",Yes,0406,COMPLETE,,,,,,,,PASS-CAM,,,2025/09/18,,,Charlton Moren,,,Pass,,,,,,,,,,,192.5,,,192.5,Main Inspection,,MH 132 K ST NW,OK,2025/09/09,,,,15:16,NORTH,2,Carter Pacheco,,,2025/09/09,,,1700 LETS,,,CCTV,https://pioneer.sewerai.com/dashboard/review/db424d7c-ea6e-4602-93fd-c9f8ba62e251?t=0&limit=30&offset=0&status=uploaded&client_reviewed=false&issues=false&ordering=-Inspection_Date&project=25PV0406+ONE+GAS+&inspection_datetime__lte=2025-09-09T23%3A59%3A59-05%3A00,,
GAS LINE,2025-09-10,,,,,MIAMI ,,,,,,2025/09/10,,,,,,,,,,,,,,,,,,,,,,,,,,,,,,,,,,,,Post,,,36.8792,-94.8902,,,,,,,One Gas,,,0406,GAS LINE,,,,,,,,,,,,,,,,,,,,,,,,,,,,,,,,,,,OK,2025/09/10,,,,09:09,,1,,,,,,,,,,,,,
GAS LINE,2025-09-10,,,,,MIAMI ,,,,,,2025/09/10,,,,,,,,,,,,,,,,,,,,,,,,,,,,,,,,,,,,Post,,,36.8791,-94.8902,,,,,,,One Gas,,,0406,GAS LINE,,,,,,,,,,,,,,,,,,,,,,,,,,,,,,,,,,,OK,2025/09/10,,,,09:14,,1,,,,,,,,,,,,,
GAS LINE,2025-09-10,,,,,MIAMI,,,,,,2025/09/10,,,,,,,,,,,,,,,,,,,,,,,,,,,,,,,,,,,,Post,,,36.8777,-94.8902,,,,,,,One Gas,,,0406,GAS LINE,,,,,,,,,,,,,,,,,,,,,,,,,,,,,,,,,,,OK,2025/09/10,,,,08:33,,1,,,,,,,,,,,,,
COMPLETE,2025-09-11,,219,,K ST NW,MIAMI,,,,,,2025/09/11,1700,K ST NW/3 AVE NW ,,,Edgar Atwood,Carter Pacheco,0,0,,,,TAP,END,,,,,No,North,290.3,27.3,,,,290.3,,,,,,2025/09/11,LETS,2025/09/11,LETS,,Post,SCOTT.LOVELADY@ONEGAS.COM ,,36.8777,-94.8902,yes,1,1,,,,One Gas,"___json[{""pathname"":""/Collected Media/map_2662324/layer_6728851/mdc_photo_mdc_46ce0a_cdv_photo_001_1757610785601.jpg"",""rid"":40118320,""lid"":""6728851"",""fid"":""1296"",""field"":""photo_map"",""title"":""mdc_photo_mdc_46ce0a_cdv_photo_001_1757610785601.jpg"",""ext"":""jpg"",""panorama"":false,""isDir"":false}]",Yes,0406,COMPLETE,END @ BROKEN LINE. NO CROSSINGS,,,Katy Thompson,Pass,,,BROKEN LINE @ 27FT,,,2025/09/17,,,Charlton Moren,,,Pass,,,A,B,,,,,,,,1,,,Lateral Inspection,,MH 203 K ST NW ,OK,2025/09/11,,,,12:07,,2,Edgar Atwood,,,2025/09/11,,,1700 LETS,,,Lateral Launch,https://pioneer.sewerai.com/dashboard/review/2b7947d5-8571-4ae9-a591-2269f74b8406?t=0&limit=30&offset=0&status=uploaded&client_reviewed=false&issues=false&ordering=-Inspection_Date&project=25PV0406+ONE+GAS+,,
GAS LINE,2025-09-10,,,,,MIAMI,,,,,,2025/09/10,,,,,,,,,,,,,,,,,,,,,,,,,,,,,,,,,,,,Post,,,36.879,-94.8902,,,,,,,One Gas,,,0406,GAS LINE,,,,,,,,,,,,,,,,,,,,,,,,,,,,,,,,,,,OK,2025/09/10,,,,08:37,,1,,,,,,,,,,,,,
COMPLETE,2025-09-11,,216,,L ST NW,MIAMI,,,,,,2025/09/11,1700,K ST NW/3 AVE NW ,,,Edgar Atwood,Carter Pacheco,0,0,0,,,TAP,GMI,END/CAP,,,,No,North,230,7.7,7.7,,,230,,,,,,2025/09/11,LETS,2025/09/11,LETS,,Post,SCOTT.LOVELADY@ONEGAS.COM ,,36.8777,-94.8902,yes,1,1,,,,One Gas,"___json[{""pathname"":""/Collected Media/map_2662324/layer_6728851/mdc_photo_mdc_1661e2_cdv_photo_002_1757607509932.jpg"",""rid"":40117615,""lid"":""6728851"",""fid"":""1290"",""field"":""photo_map"",""title"":""mdc_photo_mdc_1661e2_cdv_photo_002_1757607509932.jpg"",""ext"":""jpg"",""panorama"":false,""isDir"":false}]",N/A,0406,COMPLETE,,,,,,,,,,,,,,,,,,,,A,B,C,,,,,,,1,,,Lateral Inspection,"___json[{""pathname"":""/Collected Media/map_2662324/layer_6728851/mdc_photo_mdc_86b7d9_cdv_photo_003_1757607509932.jpg"",""rid"":40117614,""lid"":""6728851"",""fid"":""1290"",""field"":""site_photos"",""title"":""mdc_photo_mdc_86b7d9_cdv_photo_003_1757607509932.jpg"",""ext"":""jpg"",""panorama"":false,""isDir"":false}]",MH 203 K ST NW ,OK,2025/09/11,,,,11:09,B,2,Edgar Atwood,,,2025/09/11,,,1700 LETS,,,Lateral Launch,,,
COMPLETE,2025-09-10,,1119,,3RD AVE NW,MIAMI,,,,,,2025/09/10,1700,K ST NW / 3 AVE NW ,,,Carter Pacheco,,0,33,0,,,TAP,GMI,END,,,,,South,25,9.2,173,,,25,,,,,,2025/09/10,LETS,2025/09/10,LETS,,Post,SCOTT.LOVELADY@ONEGAS.COM ,,36.8789,-94.8902,yes,1,1,,"TECH: TINAI MITCHELL
PUSHED TO FOUNDATION, LINE IS CLEAR IN FULL, NO GAS METER",,One Gas,"___json[{""pathname"":""/Collected Media/map_2662324/layer_6728851/mdc_photo_mdc_011412_cdv_photo_009_1757514301205.jpg"",""rid"":40102011,""lid"":""6728851"",""fid"":""1231"",""field"":""photo_map"",""title"":""mdc_photo_mdc_011412_cdv_photo_009_1757514301205.jpg"",""ext"":""jpg"",""panorama"":false,""isDir"":false}]",Yes,0406,COMPLETE,,,,,,,,"VIDEO MISLABELED ON OVERLAY. GMI IS CLEAR, VIDEO IS CLEAR.",,,2025/10/01,,,Katy Thompson,,,Pass,,,,,,,,,,,,1,,,Lateral Inspection,"___json[{""pathname"":""/Collected Media/map_2662324/layer_6728851/mdc_photo_mdc_581a6e_cdv_photo_008_1757514215839.jpg"",""rid"":40102002,""lid"":""6728851"",""fid"":""1231"",""field"":""site_photos"",""title"":""mdc_photo_mdc_581a6e_cdv_photo_008_1757514215839.jpg"",""ext"":""jpg"",""panorama"":false,""isDir"":false}]",MH 1119 3RD AVE NW,OK,2025/09/10,,,,09:17,,2,Carter Pacheco,,,2025/09/10,,,1700 LETS,,,Lateral Launch,https://pioneer.sewerai.com/dashboard/review/b65141e0-5b53-4d56-9f7f-adf11b88a86e?t=0&limit=30&offset=0&status=uploaded&client_reviewed=false&issues=false&project=25PV0406+ONE+GAS+&ordering=Inspection_Date,,
COMPLETE,2025-09-10,,MH 910 3RD AVE NW ,,3RD AVE NW ,MIAMI ,,,,,,2025/09/10,2400,K ST NW/3 AVE NW ,,,James Atwood,Michael Parrish,0,0,,,,MH,END,,,,,,,0,352.4,,,,,,,,,CLEAR,2025/09/10,LETS,2025/09/10,LETS,,Post,SCOTT.LOVELADY@ONEGAS.COM ,,36.8792,-94.888,yes,1,1,,,,One Gas,"___json[{""pathname"":""/Collected Media/map_2662324/layer_6728851/mdc_photo_mdc_afa91e_cdv_photo_008_1757540386863.jpg"",""rid"":40106627,""lid"":""6728851"",""fid"":""1250"",""field"":""photo_map"",""title"":""mdc_photo_mdc_afa91e_cdv_photo_008_1757540386863.jpg"",""ext"":""jpg"",""panorama"":false,""isDir"":false}]",Yes,0406,COMPLETE,,,,,,,,,,,2025/10/01,,,Katy Thompson,,,Pass,,,A,B,,,,,,,352.4,,,352.4,Main Inspection,,MH 910 3RD AVE NW ,OK,2025/09/10,,,,16:36,ML NORTH,2,James Atwood,,,2025/09/10,,,2400 LETS,,,CCTV,https://pioneer.sewerai.com/dashboard/review/4e0eaf19-2d78-4b1b-960b-ac8526942ce4?t=1.583301&limit=30&offset=0&status=uploaded&client_reviewed=false&issues=false&project=25PV0406+ONE+GAS+&ordering=Inspection_Date,,
COMPLETE,2025-05-09,,10,,MONROE ST,HUTCHINSON ,,,,,,2025/05/09,1800,PW-23R3-HUTCHINSON-SHERMAN AND MADISON ,,,Eric Zerr,Carter Pacheco,26,0,,,,TAP,END,,,,,No,West,214.5,30.2,,,,214.5,,,,,,2025/05/09,LETS,2025/05/09,LETS,,Post,SCOTT.LOVELADY@ONEGAS.COM ,,38.0516,-97.9404,yes,1,1,,,,One Gas,"___json[{""pathname"":""/Collected Media/map_2662324/layer_6728851/mdc_photo_mdc_ace2db_cdv_photo_001_1759244630699.jpg"",""rid"":40362848,""lid"":""6728851"",""fid"":""768"",""field"":""photo_map"",""title"":""mdc_photo_mdc_ace2db_cdv_photo_001_1759244630699.jpg"",""ext"":""jpg"",""panorama"":false,""isDir"":false}]",Yes,0406,COMPLETE,"UPDATE: MAP HAS BEEN ADDED 09/30/25 QA KT

THERE ARE NO GAS CROSSINGS NO CONFLICT. NEEDS MAP",,,Katy Thompson,Pass,,,NO VISUAL DEBRIS ON CAMERA,,,2025/05/14,,,Katy Thompson,,,Pass,,,A,B,,,,,,,,1,,,Lateral Inspection,,MH 414 W AVENUE A ,KS,2025/05/09,,,South,14:11,A,2,Eric Zerr,,,2025/05/09,,,1800 LETS,,,Lateral Launch,https://pioneer.sewerai.com/dashboard/review/09842af3-b857-4057-b677-785e7b76ac93?t=0&limit=30&offset=0&project=25PV0406+ONE+GAS+&client_reviewed=false&ordering=Lateral_Segment_Reference,,
COMPLETE NO BILL,2025-08-06,,7724,,Acapulco Ave,El paso,,,,,,2025/08/06,---------------------,Acapulco Ave El Paso tx ,,,---------------------,---------------------,0,,,,,End,,,,,,No,,59,,,,,,,,,,,2025/08/06,LETS,2025/08/06,LETS,,Post,Scott.lovelady@Onegas.com ,,31.7481,-106.358,yes,1,1,,"08/06/2025 Truck5100 
Lead - Christian E. Tech - Derek K. 

End - 59 
GO @ 0.41 
7720 was the last property to get the gas service",,One Gas,"___json[{""pathname"":""/Collected Media/map_2662324/layer_6728851/mdc_photo_mdc_6ffdc9_cdv_photo_033_1754520849247.jpg"",""rid"":39632486,""lid"":""6728851"",""fid"":""1057"",""field"":""photo_map"",""title"":""mdc_photo_mdc_6ffdc9_cdv_photo_033_1754520849247.jpg"",""ext"":""jpg"",""panorama"":false,""isDir"":false}]",No,0723,COMPLETE NO BILL,,,,,,,,FAILED- THE MAP SHOWS A GAS CROSSING BUT THERE ARE NOT ANY NOTES IN PIONEER OR GIS REPORT SHOWING THE CROSSING. LOST VISUAL FROM 10-2FT. 2/10/26 FF,,,2026/02/10,,,Fallon Farmer,,,Fail,,,A,,,,,,,,,1,,,Lateral Inspection,"___json[{""pathname"":""/Collected Media/map_2662324/layer_6728851/mdc_photo_mdc_6a6cac_cdv_photo_030_1754520849247.jpg"",""rid"":39632483,""lid"":""6728851"",""fid"":""1057"",""field"":""site_photos"",""title"":""mdc_photo_mdc_6a6cac_cdv_photo_030_1754520849247.jpg"",""ext"":""jpg"",""panorama"":false,""isDir"":false},{""pathname"":""/Collected Media/map_2662324/layer_6728851/mdc_photo_mdc_7548c5_cdv_photo_031_1754520849247.jpg"",""rid"":39632484,""lid"":""6728851"",""fid"":""1057"",""field"":""site_photos"",""title"":""mdc_photo_mdc_7548c5_cdv_photo_031_1754520849247.jpg"",""ext"":""jpg"",""panorama"":false,""isDir"":false},{""pathname"":""/Collected Media/map_2662324/layer_6728851/mdc_photo_mdc_c4c5ac_cdv_photo_032_1754520849247.jpg"",""rid"":39632485,""lid"":""6728851"",""fid"":""1057"",""field"":""site_photos"",""title"":""mdc_photo_mdc_c4c5ac_cdv_photo_032_1754520849247.jpg"",""ext"":""jpg"",""panorama"":false,""isDir"":false}]",,TX,2025/08/06,,,,16:50,,2,---------------------,,,2025/08/06,,,-----------------,,,Lateral Launch,https://pioneer.sewerai.com/dashboard/review/e59ec9db-605a-4465-b188-d16801300e64?limit=30&offset=0&client_reviewed=false&surveyed_by=CHRISTIAN+ES,,
COMPLETE,2025-09-10,,914,,3RD AVE NW,MIAMI ,,,,,,2025/09/10,2400,K ST NW/3 AVE NW ,,,James Atwood,Michael Parrish,0,0,,,,TAP,12T/END,,,,,,North,57,15.3,,,,57,,,,,,2025/09/10,LETS,2025/09/10,LETS,,Post,SCOTT.LOVELADY@ONEGAS.COM ,,36.8791,-94.888,yes,1,1,,NO GAS / CLEAR,,One Gas,,Yes,0406,COMPLETE,,,,,,,,THERE IS NO GAS THIS LINE IS CLEAR,,,2025/10/01,,,Katy Thompson,,,Pass,,,A,B,,,,,,,,1,,,Lateral Inspection,,MH 910 3RD AVE NW ,OK,2025/09/10,,,,13:06,,2,James Atwood,,,2025/09/10,,,2400 LETS,,,Lateral Launch,https://pioneer.sewerai.com/dashboard/review/792102a2-3d76-4aeb-b295-6d9df3cbb63b?t=2.68065&limit=30&offset=0&status=uploaded&client_reviewed=false&issues=false&project=25PV0406+ONE+GAS+&ordering=Inspection_Date,,
COMPLETE,2025-09-10,,MH 1118 3RD AVE NW  ,,3RD AVE NW,MIAMI ,,,,,,2025/09/10,2400,K ST NW/3 AVE NW ,,,James Atwood,Michael Parrish,0,0,,,,MH ,END,,,,,,,0,215,,,,,,,,,,2025/09/10,LETS,2025/09/10,LETS,,Post,SCOTT.LOVELADY@ONEGAS.COM ,,36.8791,-94.8902,yes,1,1,,CLEAR,,One Gas,"___json[{""pathname"":""/Collected Media/map_2662324/layer_6728851/mdc_photo_mdc_5848ba_cdv_photo_001_1757522378658.jpg"",""rid"":40103822,""lid"":""6728851"",""fid"":""1233"",""field"":""photo_map"",""title"":""mdc_photo_mdc_5848ba_cdv_photo_001_1757522378658.jpg"",""ext"":""jpg"",""panorama"":false,""isDir"":false}]",Yes,0406,COMPLETE,,,,,,,,SLUDGE AND DEBRIS IN LINE MAKES VISUAL DIFFICULT AT TIMES BUT THERE ARE NO GAS CROSSINGS.GAS RUNS PARALLEL.,,,2025/09/29,,,Katy Thompson,,,Pass,,,A,B,,,,,,,215,,,215,Main Inspection,,MH 1118 3RD AVE NW  ,OK,2025/09/10,,,,11:36,ML NORTH ,2,James Atwood,,,2025/09/10,,,2400 LETS,,,,https://pioneer.sewerai.com/dashboard/review/cd1a4f8e-4c4a-445f-be7d-a4ff691d8807?t=6.92452&limit=30&offset=0&city=MIAMI&inspection_datetime__gte=2025-09-10T00%3A00%3A00-05%3A00&inspection_datetime__lte=2025-09-11T23%3A59%3A59-05%3A00,,
OFFICE REVIEW,2025-08-06,,7712,,Acapulco ave,El Paso ,,,,,,,---------------------,Acapulco Ave El Paso tx ,,,---------------------,---------------------,,,,,,,,,,,,,,,,,,,,,,,,,,,,,,Post,Scott.lovelady@Onegas.com ,,31.7481,-106.358,,,,,"08/06/2025 Truck5100 
Lead - Christian E. Tech - Derek K. 

Ran a different lat and found a 3T in the line headeding towards 7712 talked to homeowner and couldn't find no CO around the property. She also said that she thinks it runs towards the back away from gas. The lat that we found the 3T in is the lat for 7716. Will be placing site photos of the 3T and the property for 7712",,One Gas,,N/A,0723,OFFICE REVIEW,,,,,,,,,,,,,,,,,,,,,,,,,,,,,,,,Lateral Inspection,"___json[{""pathname"":""/Collected Media/map_2662324/layer_6728851/mdc_photo_mdc_b90175_cdv_photo_001_1754526274561.jpg"",""rid"":39633022,""lid"":""6728851"",""fid"":""1060"",""field"":""site_photos"",""title"":""mdc_photo_mdc_b90175_cdv_photo_001_1754526274561.jpg"",""ext"":""jpg"",""panorama"":false,""isDir"":false},{""pathname"":""/Collected Media/map_2662324/layer_6728851/mdc_photo_mdc_44d72d_cdv_photo_002_1754526274561.jpg"",""rid"":39633023,""lid"":""6728851"",""fid"":""1060"",""field"":""site_photos"",""title"":""mdc_photo_mdc_44d72d_cdv_photo_002_1754526274561.jpg"",""ext"":""jpg"",""panorama"":false,""isDir"":false}]",,TX,2025/08/06,,,,,,3,N/A,,,,,,N/A,,,,,,
COMPLETE,2025-09-11,,416,,J ST NW,MIAMI ,,,,,,2025/09/11,2400,K ST NW/3 AVE NW ,,,James Atwood,Michael Parrish,0,0,,,,TAP,END,,,,,,North,162.8,47.3,,,,162.8,,,,,,2025/09/11,LETS,2025/09/11,LETS,,Post,SCOTT.LOVELADY@ONEGAS.COM ,,36.8801,-94.8879,yes,1,1,,ABANDONED LINE / NO GAS,,One Gas,"___json[{""pathname"":""/Collected Media/map_2662324/layer_6728851/mdc_photo_mdc_6771c3_cdv_photo_022_1757615321721.jpg"",""rid"":40119101,""lid"":""6728851"",""fid"":""1301"",""field"":""photo_map"",""title"":""mdc_photo_mdc_6771c3_cdv_photo_022_1757615321721.jpg"",""ext"":""jpg"",""panorama"":false,""isDir"":false}]",Yes,0406,COMPLETE,,,,,,,,PASS-CAM,,,2025/09/17,,,Charlton Moren,,,Pass,,,A,B,,,,,,,,1,,,Lateral Inspection,,MH 327 I ST NW ,OK,2025/09/11,,,,13:20,B,2,James Atwood,,,2025/09/11,,,2400 LETS,,,Lateral Launch,https://pioneer.sewerai.com/dashboard/review/ce15d525-cdd3-4ca0-b560-b86fb7053b39?t=0&limit=30&offset=0&status=uploaded&client_reviewed=false&issues=false&ordering=-Inspection_Date&project=25PV0406+ONE+GAS+,,
COMPLETE NO BILL,2025-08-06,,7701 MH ML E,,Acapulco Ave ,El Paso ,,,"1.00 hrs heavy cleaning. 3.5 hrs mobilization. 0.50 hrs setup. 0.50 hrs water fill. 0.25 hrs mobilization for water fill. 5.75 total hrs. 

08/06/2025 Lead - Christian E. Tech - Derek K. Truck5100 
Got stop at a extended tap. Also wasn't able to lets due to our LETS TEETH being absolutely dirty. We did pull back to clean it off and to also make sure our functions work. Will be dropping back in to run the other lat then drop into next MH to get the taps past the extended taps.

 End - 460
267 -9T
260 - 3T
249 -9T
192 - 3T
152 - 9T
130 - 9T
80 - 3T

",,,2025/08/06,---------------------,Acapulco El Paso Tx,,,---------------------,---------------------,0,,,,,End,,,,,,No,,360,,,,,,,,,,,2025/08/06,ML,2025/08/06,ML,,Post,Scott.lovelady@onegas.com,,31.748,-106.358,yes,1,1,,"08/06/25; 1069 truck: jetted 400ft east against flowfrom drop ML. 1.00 hrs heavy cleaning. 3.5 hrs mobilization. 0.50 hrs setup. 0.50 hrs water fill. 0.25 hrs mobilization for water fill. 5.75 total hrs. 

08/06/2025 Truck5100 
Lead - Christian E. Tech - Derek K. 

Made it to 405 and got all properties. Gas bore and question ends at 7720 and doesnt go any further. ",,One Gas,"___json[{""pathname"":""/Collected Media/map_2662324/layer_6728851/mdc_photo_mdc_fcc108_cdv_photo_012_1754527014442.jpg"",""rid"":39633062,""lid"":""6728851"",""fid"":""1032"",""field"":""photo_map"",""title"":""mdc_photo_mdc_fcc108_cdv_photo_012_1754527014442.jpg"",""ext"":""jpg"",""panorama"":false,""isDir"":false}]",Yes,0723,COMPLETE NO BILL,,,,,,,,,,,2025/10/01,,,Katy Thompson,,,Pass,,,,,,,,,,400,405,,,405,Main Inspection,"___json[{""pathname"":""/Collected Media/map_2662324/layer_6728851/mdc_photo_mdc_22f372_cdv_photo_000_1754500520313.jpg"",""rid"":39627972,""lid"":""6728851"",""fid"":""1032"",""field"":""site_photos"",""title"":""mdc_photo_mdc_22f372_cdv_photo_000_1754500520313.jpg"",""ext"":""jpg"",""panorama"":false,""isDir"":false},{""pathname"":""/Collected Media/map_2662324/layer_6728851/mdc_photo_mdc_adac64_cdv_photo_001_1754500520313.jpg"",""rid"":39627973,""lid"":""6728851"",""fid"":""1032"",""field"":""site_photos"",""title"":""mdc_photo_mdc_adac64_cdv_photo_001_1754500520313.jpg"",""ext"":""jpg"",""panorama"":false,""isDir"":false},{""pathname"":""/Collected Media/map_2662324/layer_6728851/mdc_photo_mdc_48ab36_cdv_photo_002_1754500520313.jpg"",""rid"":39627974,""lid"":""6728851"",""fid"":""1032"",""field"":""site_photos"",""title"":""mdc_photo_mdc_48ab36_cdv_photo_002_1754500520313.jpg"",""ext"":""jpg"",""panorama"":false,""isDir"":false},{""pathname"":""/Collected Media/map_2662324/layer_6728851/mdc_photo_mdc_8b6df8_cdv_photo_003_1754527014442.jpg"",""rid"":39633055,""lid"":""6728851"",""fid"":""1032"",""field"":""site_photos"",""title"":""mdc_photo_mdc_8b6df8_cdv_photo_003_1754527014442.jpg"",""ext"":""jpg"",""panorama"":false,""isDir"":false},{""pathname"":""/Collected Media/map_2662324/layer_6728851/mdc_photo_mdc_4ab65d_cdv_photo_004_1754527014442.jpg"",""rid"":39633056,""lid"":""6728851"",""fid"":""1032"",""field"":""site_photos"",""title"":""mdc_photo_mdc_4ab65d_cdv_photo_004_1754527014442.jpg"",""ext"":""jpg"",""panorama"":false,""isDir"":false},{""pathname"":""/Collected Media/map_2662324/layer_6728851/mdc_photo_mdc_b25049_cdv_photo_005_1754527014442.jpg"",""rid"":39633057,""lid"":""6728851"",""fid"":""1032"",""field"":""site_photos"",""title"":""mdc_photo_mdc_b25049_cdv_photo_005_1754527014442.jpg"",""ext"":""jpg"",""panorama"":false,""isDir"":false},{""pathname"":""/Collected Media/map_2662324/layer_6728851/mdc_photo_mdc_009863_cdv_photo_006_1754527014442.jpg"",""rid"":39633058,""lid"":""6728851"",""fid"":""1032"",""field"":""site_photos"",""title"":""mdc_photo_mdc_009863_cdv_photo_006_1754527014442.jpg"",""ext"":""jpg"",""panorama"":false,""isDir"":false},{""pathname"":""/Collected Media/map_2662324/layer_6728851/mdc_photo_mdc_97c604_cdv_photo_007_1754527014442.jpg"",""rid"":39633059,""lid"":""6728851"",""fid"":""1032"",""field"":""site_photos"",""title"":""mdc_photo_mdc_97c604_cdv_photo_007_1754527014442.jpg"",""ext"":""jpg"",""panorama"":false,""isDir"":false},{""pathname"":""/Collected Media/map_2662324/layer_6728851/mdc_photo_mdc_d349cb_cdv_photo_008_1754527014442.jpg"",""rid"":39633060,""lid"":""6728851"",""fid"":""1032"",""field"":""site_photos"",""title"":""mdc_photo_mdc_d349cb_cdv_photo_008_1754527014442.jpg"",""ext"":""jpg"",""panorama"":false,""isDir"":false},{""pathname"":""/Collected Media/map_2662324/layer_6728851/mdc_photo_mdc_528f16_cdv_photo_009_1754527014442.jpg"",""rid"":39633061,""lid"":""6728851"",""fid"":""1032"",""field"":""site_photos"",""title"":""mdc_photo_mdc_528f16_cdv_photo_009_1754527014442.jpg"",""ext"":""jpg"",""panorama"":false,""isDir"":false}]",7701 Acapulco Ave ,TX,2025/08/06,,,,11:02,,2,N/A,,,,,,N/A,,,Lateral Launch,https://pioneer.sewerai.com/dashboard/review/db332d18-a375-4feb-bfad-b9ffbc7999b6?t=2.576425&limit=30&offset=0&status=uploaded&client_reviewed=false&issues=false&project=25PV0406+ONE+GAS+,,
COMPLETE NO BILL,2025-08-07,,145,,Manor Pl,El Paso,,,,,,2025/08/07,4600,Manor Place El Paso ,,,Jason Claunch,Kyle Graham ,,,,,,End,,,,,,,,46,,,,,,,,,,,2025/08/07,PO,2025/08/07,PO,,Post,One Gas,1,31.7465,-106.386,yes,1,1,,"08/07/2025 4600 pushed from CO to ML, Lateral is clear, this is a non-GMI property however, a gas service was bored to foundation",,One Gas,"___json[{""pathname"":""/Collected Media/map_2662324/layer_6728851/mdc_photo_mdc_d4ab96_cdv_photo_008_1754583947477.jpg"",""rid"":39644667,""lid"":""6728851"",""fid"":""1062"",""field"":""photo_map"",""title"":""mdc_photo_mdc_d4ab96_cdv_photo_008_1754583947477.jpg"",""ext"":""jpg"",""panorama"":false,""isDir"":false}]",Yes,0723,COMPLETE NO BILL,,,,,,,,,,,2025/08/15,,,Jay Brown,,,Pass,,,,,,,,,,,,,,,Lateral Inspection,"___json[{""pathname"":""/Collected Media/map_2662324/layer_6728851/mdc_photo_mdc_644c77_cdv_photo_1754581423_1754581849543.jpg"",""rid"":39644259,""lid"":""6728851"",""fid"":""1062"",""field"":""site_photos"",""title"":""mdc_photo_mdc_644c77_cdv_photo_1754581423_1754581849543.jpg"",""ext"":""jpg"",""panorama"":false,""isDir"":false},{""pathname"":""/Collected Media/map_2662324/layer_6728851/mdc_photo_mdc_d73a9a_cdv_photo_1754581720_1754581849543.jpg"",""rid"":39644260,""lid"":""6728851"",""fid"":""1062"",""field"":""site_photos"",""title"":""mdc_photo_mdc_d73a9a_cdv_photo_1754581720_1754581849543.jpg"",""ext"":""jpg"",""panorama"":false,""isDir"":false},{""pathname"":""/Collected Media/map_2662324/layer_6728851/mdc_photo_mdc_54dd93_cdv_photo_1754581744_1754581849543.jpg"",""rid"":39644261,""lid"":""6728851"",""fid"":""1062"",""field"":""site_photos"",""title"":""mdc_photo_mdc_54dd93_cdv_photo_1754581744_1754581849543.jpg"",""ext"":""jpg"",""panorama"":false,""isDir"":false},{""pathname"":""/Collected Media/map_2662324/layer_6728851/mdc_photo_mdc_98d65c_cdv_photo_1754581753_1754581849543.jpg"",""rid"":39644262,""lid"":""6728851"",""fid"":""1062"",""field"":""site_photos"",""title"":""mdc_photo_mdc_98d65c_cdv_photo_1754581753_1754581849543.jpg"",""ext"":""jpg"",""panorama"":false,""isDir"":false}]",,TX,2025/08/07,,,,09:47,,2,Jason Claunch,,,2025/08/07,,,-----------------,,,Push Camera,https://pipeviewamerica.sharefile.com/home/shared/fo799eb8-73a1-4949-8deb-6649f7838a75,,
COMPLETE,2025-09-09,,217,,J ST NW,MIAMI,,,,,,2025/09/09,1700,K ST NW / 3 AVE NW ,,,Carter Pacheco,,0,22,0,,,TAP,GMI,END,,,,,North,84.2,17.6,169.9,,,84.2,,,,,,2025/09/09,LETS,2025/09/09,LETS,,Post,SCOTT.LOVELADY@ONEGAS.COM ,,36.8782,-94.8891,yes,1,1,,"TECH: TINAI MITCHELL
PUSHED TO FOUNDATION, LINE IS CLEAR, NO NEW GAS SERVICES RECEIVED",,One Gas,"___json[{""pathname"":""/Collected Media/map_2662324/layer_6728851/mdc_photo_mdc_400c57_cdv_photo_006_1757431770263.jpg"",""rid"":40088678,""lid"":""6728851"",""fid"":""1202"",""field"":""photo_map"",""title"":""mdc_photo_mdc_400c57_cdv_photo_006_1757431770263.jpg"",""ext"":""jpg"",""panorama"":false,""isDir"":false}]",Yes,0406,COMPLETE,,,,,N/A,,,PASS-CAM,,,2025/09/18,,,Charlton Moren,,,Pass,,,,,,,,,,,,1,,,Lateral Inspection,"___json[{""pathname"":""/Collected Media/map_2662324/layer_6728851/mdc_photo_mdc_51c0b2_cdv_photo_005_1757431328956.jpg"",""rid"":40088609,""lid"":""6728851"",""fid"":""1202"",""field"":""site_photos"",""title"":""mdc_photo_mdc_51c0b2_cdv_photo_005_1757431328956.jpg"",""ext"":""jpg"",""panorama"":false,""isDir"":false}]",MH 215 J ST NW,OK,2025/09/09,,,,10:19,,2,N/A,,,,,,N/A,,,Lateral Launch,https://pioneer.sewerai.com/dashboard/review/2103bfaf-c876-4da8-aede-7293e893b5e8?t=0&limit=30&offset=0&status=uploaded&client_reviewed=false&issues=false&ordering=-Inspection_Date&project=25PV0406+ONE+GAS+&inspection_datetime__lte=2025-09-09T23%3A59%3A59-05%3A00,,
COMPLETE,2025-09-10,,309,,K ST NW ,MIAMI ,,,,,,2025/09/10,2400,K ST NW/3 AVE NW ,,,James Atwood,Michael Parrish,0,0,,,,TAP,END,,,,,,North,118.4,89.3,,,,118.4,,,,,,2025/09/10,LETS,2025/09/10,LETS,,Post,SCOTT.LOVELADY@ONEGAS.COM ,,36.8791,-94.8899,yes,1,1,,NO GAS / CLEAR,,One Gas,"___json[{""pathname"":""/Collected Media/map_2662324/layer_6728851/mdc_photo_mdc_43f770_cdv_photo_005_1757517999569.jpg"",""rid"":40102814,""lid"":""6728851"",""fid"":""1237"",""field"":""photo_map"",""title"":""mdc_photo_mdc_43f770_cdv_photo_005_1757517999569.jpg"",""ext"":""jpg"",""panorama"":false,""isDir"":false}]",Yes,0406,COMPLETE,,,,,,,,"THERE IS NO GAS / CLEAR, VISUAL IS POOR",,,2025/10/01,,,Katy Thompson,,,Pass,,,A,B,,,,,,,,1,,,Lateral Inspection,,MH 1118 3RD AVE NW ,OK,2025/09/10,,,,10:15,,2,James Atwood,,,2025/09/10,,,2400 LETS,,,Lateral Launch,https://pioneer.sewerai.com/dashboard/review/60946958-b945-41da-82fa-be1c898b8647?t=2.13564&limit=30&offset=0&status=uploaded&client_reviewed=false&issues=false&project=25PV0406+ONE+GAS+&ordering=Inspection_Date,,
COMPLETE,2025-09-10,,307,,L ST NW,MIAMI,,,,,,2025/09/10,1700,K ST NW / 3 AVE NW ,,,Carter Pacheco,,0,26,0,,,TAP,GMI,END/UNKNOWN BLOCKAGE,,,,,North,78.8,17.3,73.9,,,78.8,,,,,,2025/09/10,LETS,2025/09/10,LETS,,Post,SCOTT.LOVELADY@ONEGAS.COM ,,36.8791,-94.8913,yes,1,1,,"TECH: TINAI MITCHELL
PUSHED TO UNKNOWN BLOCKAGE, GMI CLEARED, NO NEW GAS SERVICE RECEIVED",,One Gas,"___json[{""pathname"":""/Collected Media/map_2662324/layer_6728851/mdc_photo_mdc_8c9cbe_cdv_photo_002_1757523244243.jpg"",""rid"":40103956,""lid"":""6728851"",""fid"":""1247"",""field"":""photo_map"",""title"":""mdc_photo_mdc_8c9cbe_cdv_photo_002_1757523244243.jpg"",""ext"":""jpg"",""panorama"":false,""isDir"":false}]",Yes,0406,COMPLETE,,,,,,,,"UNKNOWN BLOCKAGE, GMI CLEARED, NO NEW GAS SERVICE RECEIVED",,,2025/10/01,,,Katy Thompson,,,Pass,,,,,,,,,,,,1,,,Lateral Inspection,"___json[{""pathname"":""/Collected Media/map_2662324/layer_6728851/mdc_photo_mdc_6a15c4_cdv_photo_003_1757523244243.jpg"",""rid"":40103955,""lid"":""6728851"",""fid"":""1247"",""field"":""site_photos"",""title"":""mdc_photo_mdc_6a15c4_cdv_photo_003_1757523244243.jpg"",""ext"":""jpg"",""panorama"":false,""isDir"":false}]",MH 307 K ST NW,OK,2025/09/10,,,,11:47,A,2,Carter Pacheco,,,2025/09/10,,,1700 LETS,,,Lateral Launch,307 A L ST NW,,
GAS LINE,2025-09-10,,,,,MIAMI,,,,,,2025/09/10,,,,,,,,,,,,,,,,,,,,,,,,,,,,,,,,,,,,Post,,,36.8791,-94.8913,,,,,,,One Gas,,,0406,GAS LINE,,,,,,,,,,,,,,,,,,,,,,,,,,,,,,,,,,,OK,2025/09/10,,,,10:57,,1,,,,,,,,,,,,,
GAS LINE,2025-09-10,,,,,MIAMI ,,,,,,2025/09/10,,,,,,,,,,,,,,,,,,,,,,,,,,,,,,,,,,,,Post,,,36.8792,-94.888,,,,,,,One Gas,,,0406,GAS LINE,,,,,,,,,,,,,,,,,,,,,,,,,,,,,,,,,,,OK,2025/09/10,,,,12:40,,1,,,,,,,,,,,,,
COMPLETE,2025-05-05,,226,,SW TERRA DR ,TOPEKA ,,,,,,2025/05/05,1800,PW-24R3-TOPEKA-SW SANNEMAN AND TERRA DR-CWO-5/31/25 ,,,Eric Zerr,Carter Pacheco,70,26,21,22,22,TAP,GMI,GSI,END/LOSS OF PUSH POWER,End,,No,East,241.9,51.8,87.4,90.5,40,0,,,,,Reference F 0.0 at Clean out ,2025/05/05,LETS,2025/05/05,LETS,0,Post,SCOTT.LOVELADY@ONEGAS.COM ,1,38.9783,-95.6863,yes,2,2,,,,One Gas,"___json[{""pathname"":""/Collected Media/map_2662324/layer_6728851/mdc_photo_mdc_19ec1d_cdv_photo_000_1746468522063.jpg"",""rid"":38440477,""lid"":""6728851"",""fid"":""562"",""field"":""photo_map"",""title"":""mdc_photo_mdc_19ec1d_cdv_photo_000_1746468522063.jpg"",""ext"":""jpg"",""panorama"":false,""isDir"":false},{""pathname"":""/Collected Media/map_2662324/layer_6728851/mdc_photo_mdc_a6dec3_cdv_photo_001_1746468522063.jpg"",""rid"":38440478,""lid"":""6728851"",""fid"":""562"",""field"":""photo_map"",""title"":""mdc_photo_mdc_a6dec3_cdv_photo_001_1746468522063.jpg"",""ext"":""jpg"",""panorama"":false,""isDir"":false}]",Yes,0406,COMPLETE,,,,,,,,,,,2025/05/08,2025/09/18,,Katy Thompson,Katy Thompson,,Pass,Pass,,A,B,C,D,E,,,0,0,1,0,,Lateral Inspection,,MH 232 SW TERRA DR ,KS,2025/05/05,,,South,12:41,,2,Eric Zerr,Benjamin Bonnell,,2025/05/05,2025/05/05,,1800 LETS,1800 PO,,Push camera and lateral Launch,https://pioneer.sewerai.com/dashboard/review/b5894495-d283-434a-a125-194e53312b3c?t=0&limit=30&offset=0&project=25PV0406+ONE+GAS+&client_reviewed=false&street_address=SW+TERRA+DR,https://pipeviewamerica.sharefile.com/d-s5621a23a046d43bfbfc48d9f9d08a457,
COMPLETE NO BILL,2025-08-07,,145,,Manor Pl,El Paso,,,,,,2025/08/07,4600,Manor Place El Paso ,,,Jason Claunch,Kyle Graham ,,,,,,End/tie in,,,,,,,,26,,,,,,,,,,,2025/08/07,PO,2025/08/07,LETS,,Post,One Gas,1,31.7461,-106.386,yes,1,1,,"08/07/2025 4600 pushed from clean out to tie in with main lateral, this ties in at the down swoop of the main cleanout. This is clear. Gas runs approximately 1 foot away to the south.",,One Gas,"___json[{""pathname"":""/Collected Media/map_2662324/layer_6728851/mdc_photo_mdc_d502c6_cdv_photo_009_1754583971076.jpg"",""rid"":39644682,""lid"":""6728851"",""fid"":""1063"",""field"":""photo_map"",""title"":""mdc_photo_mdc_d502c6_cdv_photo_009_1754583971076.jpg"",""ext"":""jpg"",""panorama"":false,""isDir"":false}]",Yes,0723,COMPLETE NO BILL,,,,,,,,,,,2025/08/19,,,Jay Brown,,,Pass,,,,,,,,,,,,,,,Lateral Inspection,"___json[{""pathname"":""/Collected Media/map_2662324/layer_6728851/mdc_photo_mdc_da5e61_cdv_photo_1754582097_1754582162067.jpg"",""rid"":39644308,""lid"":""6728851"",""fid"":""1063"",""field"":""site_photos"",""title"":""mdc_photo_mdc_da5e61_cdv_photo_1754582097_1754582162067.jpg"",""ext"":""jpg"",""panorama"":false,""isDir"":false},{""pathname"":""/Collected Media/map_2662324/layer_6728851/mdc_photo_mdc_ebea29_cdv_photo_1754582110_1754582162067.jpg"",""rid"":39644309,""lid"":""6728851"",""fid"":""1063"",""field"":""site_photos"",""title"":""mdc_photo_mdc_ebea29_cdv_photo_1754582110_1754582162067.jpg"",""ext"":""jpg"",""panorama"":false,""isDir"":false}]",,TX,2025/08/07,,,,09:52,ET 1,2,Jason Claunch,,,2025/08/07,,,-----------------,,,Push Camera,https://pipeviewamerica.sharefile.com/home/shared/fo1a7cf0-befc-48cb-86b0-c45ade69b9d0,,
GAS LINE,2025-09-10,,,,,MIAMI,,,,,,2025/09/10,,,,,,,,,,,,,,,,,,,,,,,,,,,,,,,,,,,,Post,,,36.8791,-94.8913,,,,,,,One Gas,,,0406,GAS LINE,,,,,,,,,,,,,,,,,,,,,,,,,,,,,,,,,,,OK,2025/09/10,,,,10:59,,1,,,,,,,,,,,,,
GAS LINE,2025-09-10,,,,,MIAMI,,,,,,2025/09/10,,,,,,,,,,,,,,,,,,,,,,,,,,,,,,,,,,,,Post,,,36.8791,-94.8913,,,,,,,One Gas,,,0406,GAS LINE,,,,,,,,,,,,,,,,,,,,,,,,,,,,,,,,,,,OK,2025/09/10,,,,11:06,,1,,,,,,,,,,,,,
COMPLETE,2025-09-10,,MH 311 L ST NW,,,MIAMI,,,,,,2025/09/10,1700,K ST NW / 3 AVE NW ,,,Carter Pacheco,,0,0,,,,TAP,END,,,,,,,330.3,138,,,,,,,,,,2025/09/10,ML,2025/09/10,ML,,Post,SCOTT.LOVELADY@ONEGAS.COM ,,36.8792,-94.8913,yes,1,1,,"TECH: TINAI MITCHELL
09/10/25 - RAN MAINLINE AS LATERAL THINKING IT WAS 120 4TH AVE NW, VID LABELED THE SAME ADDRESS",,One Gas,"___json[{""pathname"":""/Collected Media/map_2662324/layer_6728851/mdc_photo_mdc_63cbfa_cdv_photo_009_1757540854442.jpg"",""rid"":40106762,""lid"":""6728851"",""fid"":""1273"",""field"":""photo_map"",""title"":""mdc_photo_mdc_63cbfa_cdv_photo_009_1757540854442.jpg"",""ext"":""jpg"",""panorama"":false,""isDir"":false}]",Yes,0406,COMPLETE,,,,,,,,,,,2025/10/02,,,Katy Thompson,,,Pass,,,,,,,,,,,,1,,,Main Inspection,,MH 311 L ST NW,OK,2025/09/10,,,,15:28,NORTH,2,Carter Pacheco,,,2025/09/10,,,1700 LETS,,,Lateral Launch,https://pioneer.sewerai.com/dashboard/review/3e219376-d019-4c61-a1f6-0e0e5ae83fa4?t=0,,
COMPLETE,2025-09-09,,401,,THOMPSON ST,VINITA ,,,,,,2025/09/09,2400,K AND 3 ST NW ,,,James Atwood,Michael Parrish,0,0,0,0,0,TAP,END,C/O,END,C/O,,,West,0,16.5,0,31,0,0,,,,,STOPPED BY DEFORMED ORANGEBURG WILL HAVE TO BE PUSHED / REST OF MEASURMENTS SINCE THEY WONT FIT (F) 14.11ft @ 28” IS THE GSI AND (G) END IS 85.1@0,2025/09/09,LETS,2025/09/09,PO,,Post,SCOTT.LOVELADY@ONEGAS.COM ,1,36.6343,-95.1609,yes,2,2,,MISSED 9T CALL OUT IS PARTING LINE WITH 309 A SOUTH ST CALLED IT OUT ON THAT VIDEO,,One Gas,"___json[{""pathname"":""/Collected Media/map_2662324/layer_6728851/mdc_photo_mdc_57598d_cdv_photo_005_1757443305823.jpg"",""rid"":40090913,""lid"":""6728851"",""fid"":""1214"",""field"":""photo_map"",""title"":""mdc_photo_mdc_57598d_cdv_photo_005_1757443305823.jpg"",""ext"":""jpg"",""panorama"":false,""isDir"":false},{""pathname"":""/Collected Media/map_2662324/layer_6728851/mdc_photo_mdc_5f0f38_cdv_photo_000_1757448411279.jpg"",""rid"":40091773,""lid"":""6728851"",""fid"":""1214"",""field"":""photo_map"",""title"":""mdc_photo_mdc_5f0f38_cdv_photo_000_1757448411279.jpg"",""ext"":""jpg"",""panorama"":false,""isDir"":false}]",N/A,0406,COMPLETE,,,,,,,,VIDEO IS CLEAR UNTIL STOPPED BY ORANGEBURG.WAITING FOR 2ND VIDEO.,,,2025/09/11,,,Katy Thompson,,,Pass,,,A,B,C,D,E,,,,,1,,,Lateral Inspection,"___json[{""pathname"":""/Collected Media/map_2662324/layer_6728851/mdc_photo_mdc_5c667d_cdv_photo_000_1757448011465.jpg"",""rid"":40091754,""lid"":""6728851"",""fid"":""1214"",""field"":""site_photos"",""title"":""mdc_photo_mdc_5c667d_cdv_photo_000_1757448011465.jpg"",""ext"":""jpg"",""panorama"":false,""isDir"":false}]",MH 320 W SOUTH ST ,OK,2025/09/09,,,South,13:26,,2,James Atwood,James Atwood,,2025/09/09,2025/09/09,,2400 LETS,2400 PO,,Push camera and lateral Launch,https://pioneer.sewerai.com/dashboard/review/1695885c-22d8-41c4-9e08-6ead38bb8a29?t=0&limit=30&offset=0&status=uploaded&issues=false&project=25PV0406+ONE+GAS+&ordering=Inspection_Date&client_reviewed=false&surveyed_by=JAMES,,
COMPLETE NO BILL,2025-08-07,,125,,Manor Pl,El Paso,,,,,,2025/08/07,4600,Manor Place El Paso ,,,Jason Claunch,Kyle Graham ,,,,,,End,,,,,,,,55,,,,,,,,,,,2025/08/07,PO,2025/08/07,PO,,Post,One Gas,1,31.7444,-106.388,yes,1,1,,08/07/2025 4600 ,,One Gas,"___json[{""pathname"":""/Collected Media/map_2662324/layer_6728851/mdc_photo_mdc_ba85d1_cdv_photo_016_1754588244928.jpg"",""rid"":39645982,""lid"":""6728851"",""fid"":""1077"",""field"":""photo_map"",""title"":""mdc_photo_mdc_ba85d1_cdv_photo_016_1754588244928.jpg"",""ext"":""jpg"",""panorama"":false,""isDir"":false}]",Yes,0723,COMPLETE NO BILL,,,,,,,,,,,2025/08/19,,,Jay Brown,,,Pass,,,,,,,,,,,,,,,Lateral Inspection,"___json[{""pathname"":""/Collected Media/map_2662324/layer_6728851/mdc_photo_mdc_38b29d_cdv_photo_014_1754588108342.jpg"",""rid"":39645950,""lid"":""6728851"",""fid"":""1077"",""field"":""site_photos"",""title"":""mdc_photo_mdc_38b29d_cdv_photo_014_1754588108342.jpg"",""ext"":""jpg"",""panorama"":false,""isDir"":false},{""pathname"":""/Collected Media/map_2662324/layer_6728851/mdc_photo_mdc_6935ea_cdv_photo_015_1754588108343.jpg"",""rid"":39645951,""lid"":""6728851"",""fid"":""1077"",""field"":""site_photos"",""title"":""mdc_photo_mdc_6935ea_cdv_photo_015_1754588108343.jpg"",""ext"":""jpg"",""panorama"":false,""isDir"":false}]",,TX,2025/08/07,,,,11:28,,2,Jason Claunch,,,2025/08/07,,,-----------------,,,Push Camera,https://pipeviewamerica.sharefile.com/home/shared/fo20d341-7d95-4876-82ae-5569eecb0b06,,
COMPLETE,2025-09-09,,216,,K ST NW,MIAMI,,,,,,2025/09/09,1700,K ST NW / 3 AVE NW ,,,Carter Pacheco,,0,0,,,,TAP,END,,,,,,North,58.2,96.4,,,,58.2,,,,,,2025/09/09,LETS,2025/09/09,LETS,,Post,SCOTT.LOVELADY@ONEGAS.COM ,,36.8782,-94.889,yes,1,1,,"TECH: TINAI MITCHELL
PUSHED TO ROOTBALL, LINE IS CLEAR WITH NO CROSSINGS, NO NEW GAS SERVICE RECEIVED",,One Gas,"___json[{""pathname"":""/Collected Media/map_2662324/layer_6728851/mdc_photo_mdc_9f0a08_cdv_photo_002_1757430900862.jpg"",""rid"":40088559,""lid"":""6728851"",""fid"":""1199"",""field"":""photo_map"",""title"":""mdc_photo_mdc_9f0a08_cdv_photo_002_1757430900862.jpg"",""ext"":""jpg"",""panorama"":false,""isDir"":false}]",Yes,0406,COMPLETE,,,,,,,,"CAMERA COVERED FROM 28FT TO END, CLEAR ON PULLBACK
PASS-CAM",,,2025/09/18,,,Charlton Moren,,,Pass,,,,,,,,,,,,1,,,Lateral Inspection,,MH 215 J ST NW,OK,2025/09/09,,,,09:43,,2,Carter Pacheco,,,2025/09/09,,,1700 LETS,,,Lateral Launch,,,
COMPLETE NO BILL,2025-08-07,,133,,Manor Pl,El Paso,,,,,,2025/08/07,4600,Manor Place El Paso ,,,Jason Claunch,Kyle Graham ,,,,,,End,,,,,,,,56,,,,,,,,,,,2025/08/07,PO,2025/08/07,PO,,Post,One Gas,1,31.7457,-106.386,yes,1,1,,08/07/2025 4600 pushed from clean out to mainline lateral goes at a slight angle. Gas service was installed on the south side of property will not cross or conflict with this lateral.,,One Gas,"___json[{""pathname"":""/Collected Media/map_2662324/layer_6728851/mdc_photo_mdc_113c37_cdv_photo_013_1754586334801.jpg"",""rid"":39645472,""lid"":""6728851"",""fid"":""1074"",""field"":""photo_map"",""title"":""mdc_photo_mdc_113c37_cdv_photo_013_1754586334801.jpg"",""ext"":""jpg"",""panorama"":false,""isDir"":false}]",N/A,0723,COMPLETE NO BILL,,,,,,,,,,,,,,,,,,,,,,,,,,,,,,,,Lateral Inspection,"___json[{""pathname"":""/Collected Media/map_2662324/layer_6728851/mdc_photo_mdc_8553ed_cdv_photo_011_1754586219451.jpg"",""rid"":39645362,""lid"":""6728851"",""fid"":""1074"",""field"":""site_photos"",""title"":""mdc_photo_mdc_8553ed_cdv_photo_011_1754586219451.jpg"",""ext"":""jpg"",""panorama"":false,""isDir"":false},{""pathname"":""/Collected Media/map_2662324/layer_6728851/mdc_photo_mdc_416833_cdv_photo_012_1754586219451.jpg"",""rid"":39645363,""lid"":""6728851"",""fid"":""1074"",""field"":""site_photos"",""title"":""mdc_photo_mdc_416833_cdv_photo_012_1754586219451.jpg"",""ext"":""jpg"",""panorama"":false,""isDir"":false}]",,TX,2025/08/07,,,,10:58,,2,Jason Claunch,,,2025/08/07,,,-----------------,,,Push Camera,,,
COMPLETE NO BILL,2025-08-07,,149,,Manor Pl,El Paso,,,,,,2025/08/07,4600,Manor Place El Paso ,,,Jason Claunch,Kyle Graham ,,,,,,End,12T under foundation,,,,,,,87,2.9,,,,,,,,,,2025/08/07,PO,2025/08/07,PO,,Post,One Gas,1,31.7465,-106.386,yes,1,1,,08/07/2025 4600 pushed clean out in rear property underneath house to mainline north will not cross or conflict with gas service that was bored to foundation on the south side.,,One Gas,"___json[{""pathname"":""/Collected Media/map_2662324/layer_6728851/mdc_photo_mdc_9a1e4f_cdv_photo_007_1754583925573.jpg"",""rid"":39644666,""lid"":""6728851"",""fid"":""1065"",""field"":""photo_map"",""title"":""mdc_photo_mdc_9a1e4f_cdv_photo_007_1754583925573.jpg"",""ext"":""jpg"",""panorama"":false,""isDir"":false}]",Yes,0723,COMPLETE NO BILL,,,,,,,,,,,2025/08/19,,,Jay Brown,,,Pass,,,,,,,,,,,,,,,Lateral Inspection,"___json[{""pathname"":""/Collected Media/map_2662324/layer_6728851/mdc_photo_mdc_550602_cdv_photo_1754582836_1754583661861.jpg"",""rid"":39644617,""lid"":""6728851"",""fid"":""1065"",""field"":""site_photos"",""title"":""mdc_photo_mdc_550602_cdv_photo_1754582836_1754583661861.jpg"",""ext"":""jpg"",""panorama"":false,""isDir"":false},{""pathname"":""/Collected Media/map_2662324/layer_6728851/mdc_photo_mdc_046318_cdv_photo_006_1754583661861.jpg"",""rid"":39644618,""lid"":""6728851"",""fid"":""1065"",""field"":""site_photos"",""title"":""mdc_photo_mdc_046318_cdv_photo_006_1754583661861.jpg"",""ext"":""jpg"",""panorama"":false,""isDir"":false}]",,TX,2025/08/07,,,,10:19,,2,Jason Claunch,,,2025/08/07,,,----------------,,,Push Camera,https://pipeviewamerica.sharefile.com/home/shared/fod7909c-65e3-4e62-bf5a-5e76750786d9,,
GAS LINE,2025-09-10,,,,,MIAMI,,,,,,2025/09/10,,,,,,,,,,,,,,,,,,,,,,,,,,,,,,,,,,,,,,,36.8791,-94.8913,,,,,,,One Gas,,,0406,GAS LINE,,,,,,,,,,,,,,,,,,,,,,,,,,,,,,,,,,,OK,2025/09/10,,,,11:14,,1,,,,,,,,,,,,,
RECON,2025-09-10,,904,,3RD AVE NW,MIAMI ,,,,,,2025/09/10,,K ST NW/3 AVE NW ,,,N/A,,,,,,,,,,,,,,,,,,,,,,,,,,2025/09/10,LETS,2025/09/10,LETS,,Post,SCOTT.LOVELADY@ONEGAS.COM ,,36.8792,-94.888,,,,,,,One Gas,,N/A,0406,RECON,,,,,,,,,,,,,,,,,,,,,,,,,,,,,,,,Lateral Inspection,,,OK,2025/09/10,,,,13:00,,2,N/A,,,,,,N/A,,,,,,
COMPLETE,2025-09-08,,229,,J ST NW,MIAMI,,,,,,2025/09/08,1700, K ST NW / 3 AVE NW ,,,Edgar Atwood,,0,39,0,,,TAP,GMI,END/CAP,,,,,,78,8.9,14.9,,,,,,,,,2025/09/08,LETS,2025/09/08,LETS,,Post,SCOTT.LOVELADY@ONEGAS.COM ,,36.8792,-94.8891,yes,1,1,,"TECH: TINAI MITCHELL
PUSHED TO CAP, LINE IS CLEAR IN FULL",,One Gas,"___json[{""pathname"":""/Collected Media/map_2662324/layer_6728851/mdc_photo_mdc_92edeb_cdv_photo_003_1757364530424.jpg"",""rid"":40078143,""lid"":""6728851"",""fid"":""1192"",""field"":""photo_map"",""title"":""mdc_photo_mdc_92edeb_cdv_photo_003_1757364530424.jpg"",""ext"":""jpg"",""panorama"":false,""isDir"":false}]",Yes,0406,COMPLETE,,,,,,,,,,,2025/09/11,,,Katy Thompson,,,Pass,,,,,,,,,,,,1,,78,Lateral Inspection,"___json[{""pathname"":""/Collected Media/map_2662324/layer_6728851/mdc_photo_mdc_e191ce_cdv_photo_004_1757366247282.jpg"",""rid"":40078362,""lid"":""6728851"",""fid"":""1192"",""field"":""site_photos"",""title"":""mdc_photo_mdc_e191ce_cdv_photo_004_1757366247282.jpg"",""ext"":""jpg"",""panorama"":false,""isDir"":false}]",MH 229 J ST NW ,KS,2025/09/08,,,,15:33,A,2,Edgar Atwood,,,2025/09/08,,,1700 LETS,,,Lateral Launch,,,
PO,2025-09-10,,320,,J ST NW,MIAMI ,,,,,,2025/09/10,2400,K ST NW/3 AVE NW ,,,James Atwood,Michael Parrish,0,0,0,,,TAP,9T,END/OFFSET,,,,,,351.4,32.5,34.6,,,,,,,,,2025/09/10,LETS,2025/09/10,LETS,,Post,SCOTT.LOVELADY@ONEGAS.COM ,,36.8792,-94.888,yes,1,1,,NEEDS PUSHED TO CLEAR GSI OFFSET,,One Gas,"___json[{""pathname"":""/Collected Media/map_2662324/layer_6728851/mdc_photo_mdc_6c0b73_cdv_photo_007_1757540143896.jpg"",""rid"":40106571,""lid"":""6728851"",""fid"":""1272"",""field"":""photo_map"",""title"":""mdc_photo_mdc_6c0b73_cdv_photo_007_1757540143896.jpg"",""ext"":""jpg"",""panorama"":false,""isDir"":false}]",Yes,0406,PO,,,,,,,,THERE ARE NO CROSSINGS IN THE PO VIDEO.,,,2025/09/29,,,Katy Thompson,,,Pass,,,A,B,C,,,,,,,1,,,Lateral Inspection,,MH 910 3RD AVE NW ,OK,2025/09/10,,,,16:28,,2,James Atwood,,,2025/09/10,,,2400 LETS,,,Lateral Launch,https://pioneer.sewerai.com/dashboard/review/69faf311-2ca0-4f39-8297-cd2388108043?t=2.539958&limit=30&offset=30&project=25PV0406+ONE+GAS+&city=MIAMI&inspection_datetime__gte=2025-09-09T00%3A00%3A00-05%3A00&inspection_datetime__lte=2025-09-11T23%3A59%3A59-05%3A00,,
COMPLETE NO BILL,2025-08-07,,7707,,Mojave Dr,El Paso,,,,,,2025/08/07,4600,Kingman Alpine relo El Paso ,,,Jason Claunch,Kyle Graham ,,,,,,End,3T,,,,,,,99.7,64.3,,,,,,,,,,2025/08/07,PO,2025/08/07,PO,,Post,One Gas,1,31.7607,-106.362,yes,1,1,,"08/07/2025 4600 pushed from Co to Main, this is clear, gas was bored to the edge of the property line but did not come near lateral",,One Gas,"___json[{""pathname"":""/Collected Media/map_2662324/layer_6728851/mdc_photo_mdc_13085a_cdv_photo_000_1754597362372.jpg"",""rid"":39648290,""lid"":""6728851"",""fid"":""1082"",""field"":""photo_map"",""title"":""mdc_photo_mdc_13085a_cdv_photo_000_1754597362372.jpg"",""ext"":""jpg"",""panorama"":false,""isDir"":false}]",N/A,0723,COMPLETE NO BILL,,,,,,,,,,,2025/08/19,,,Jay Brown,,,Pass,,,,,,,,,,,,,,,Lateral Inspection,"___json[{""pathname"":""/Collected Media/map_2662324/layer_6728851/mdc_photo_mdc_817d6b_cdv_photo_1754596961_1754597064422.jpg"",""rid"":39648259,""lid"":""6728851"",""fid"":""1082"",""field"":""site_photos"",""title"":""mdc_photo_mdc_817d6b_cdv_photo_1754596961_1754597064422.jpg"",""ext"":""jpg"",""panorama"":false,""isDir"":false},{""pathname"":""/Collected Media/map_2662324/layer_6728851/mdc_photo_mdc_d22830_cdv_photo_1754596967_1754597064422.jpg"",""rid"":39648260,""lid"":""6728851"",""fid"":""1082"",""field"":""site_photos"",""title"":""mdc_photo_mdc_d22830_cdv_photo_1754596967_1754597064422.jpg"",""ext"":""jpg"",""panorama"":false,""isDir"":false}]",,TX,2025/08/07,,,,14:03,,2,Jason Claunch,,,2025/08/07,,,---------------------,,,Push Camera,https://pipeviewamerica.sharefile.com/home/shared/fo5d549b-88ef-42d3-9218-75137d1cda31,,
GAS LINE,2025-09-10,,,,,MIAMI,,,,,,2025/09/10,,,,,,,,,,,,,,,,,,,,,,,,,,,,,,,,,,,,,,,36.8792,-94.8913,,,,,,,One Gas,,,0406,GAS LINE,,,,,,,,,,,,,,,,,,,,,,,,,,,,,,,,,,,OK,2025/09/10,,,,11:15,,1,,,,,,,,,,,,,
COMPLETE NO BILL,2025-08-07,,100,,Manor St,El Paso,,,,,,2025/08/07,4600,Manor Place El Paso ,,,Jason Claunch,Kyle Graham ,,,,,,End,GMI Gas@47” Sewer@46”,,,,,,,56,31.7,,,,,,,,,,2025/08/07,PO,2025/08/07,PO,,Post,One Gas,1,31.7443,-106.387,yes,2,2,,08/07/2025 4600 at 39.8’ there is a large defect in the line that the Lets team could not get past. GMI is clear. This property is clear.,,One Gas,"___json[{""pathname"":""/Collected Media/map_2662324/layer_6728851/mdc_photo_mdc_43fb57_cdv_photo_018_1754588971399.jpg"",""rid"":39646237,""lid"":""6728851"",""fid"":""1078"",""field"":""photo_map"",""title"":""mdc_photo_mdc_43fb57_cdv_photo_018_1754588971399.jpg"",""ext"":""jpg"",""panorama"":false,""isDir"":false}]",No,0723,COMPLETE NO BILL,WAITING ON PO VIDEO,,,,,,,"PO VIDEO, THERE IS A DEFECT WITHIN 5FT OF THE GMI",,,2025/08/19,,,Jay Brown,,,Fail,,,,,,,,,,,,1,,,Lateral Inspection,"___json[{""pathname"":""/Collected Media/map_2662324/layer_6728851/mdc_photo_mdc_133d21_cdv_photo_017_1754588917043.jpg"",""rid"":39646225,""lid"":""6728851"",""fid"":""1078"",""field"":""site_photos"",""title"":""mdc_photo_mdc_133d21_cdv_photo_017_1754588917043.jpg"",""ext"":""jpg"",""panorama"":false,""isDir"":false},{""pathname"":""/Collected Media/map_2662324/layer_6728851/mdc_photo_mdc_e2f40e_cdv_photo_1754588822_1754588917043.jpg"",""rid"":39646226,""lid"":""6728851"",""fid"":""1078"",""field"":""site_photos"",""title"":""mdc_photo_mdc_e2f40e_cdv_photo_1754588822_1754588917043.jpg"",""ext"":""jpg"",""panorama"":false,""isDir"":false},{""pathname"":""/Collected Media/map_2662324/layer_6728851/mdc_photo_mdc_d691b0_cdv_photo_1754588831_1754588917043.jpg"",""rid"":39646227,""lid"":""6728851"",""fid"":""1078"",""field"":""site_photos"",""title"":""mdc_photo_mdc_d691b0_cdv_photo_1754588831_1754588917043.jpg"",""ext"":""jpg"",""panorama"":false,""isDir"":false},{""pathname"":""/Collected Media/map_2662324/layer_6728851/mdc_photo_mdc_6bda6d_cdv_photo_1754588842_1754588917043.jpg"",""rid"":39646228,""lid"":""6728851"",""fid"":""1078"",""field"":""site_photos"",""title"":""mdc_photo_mdc_6bda6d_cdv_photo_1754588842_1754588917043.jpg"",""ext"":""jpg"",""panorama"":false,""isDir"":false}]",,TX,2025/08/07,,,,11:46,,2,Jason Claunch,N/A,,2025/08/07,,,-----------------,,,Push Camera,https://pipeviewamerica.sharefile.com/home/shared/fo3dc084-0cbd-48f0-9e2c-a31b9b4c4cbe,,
COMPLETE,2025-09-11,,216,,L ST NW,MIAMI,,,,,,2025/09/11,1700,K ST NW / 3 AVE NW ,,,Edgar Atwood,,0,50,0,,,TAP,GMI,END/CAP,,,,,North,143,8.4,37.7,,,143,,,,,,2025/09/11,LETS,2025/09/11,LETS,,Post,SCOTT.LOVELADY@ONEGAS.COM ,,36.8782,-94.8897,yes,1,1,,"TECH: TINAI MITCHELL
PUSHED TO CAP, LINE IS CLEAR",,One Gas,"___json[{""pathname"":""/Collected Media/map_2662324/layer_6728851/mdc_photo_mdc_79d4ad_cdv_photo_001_1757607541245.jpg"",""rid"":40117616,""lid"":""6728851"",""fid"":""1291"",""field"":""photo_map"",""title"":""mdc_photo_mdc_79d4ad_cdv_photo_001_1757607541245.jpg"",""ext"":""jpg"",""panorama"":false,""isDir"":false}]",Yes,0406,COMPLETE,,,,,,,,,,,2025/09/17,,,Charlton Moren,,,Pass,,,,,,,,,,,,1,,,Lateral Inspection,"___json[{""pathname"":""/Collected Media/map_2662324/layer_6728851/mdc_photo_mdc_930948_cdv_photo_003_1757607999018.jpg"",""rid"":40117687,""lid"":""6728851"",""fid"":""1291"",""field"":""site_photos"",""title"":""mdc_photo_mdc_930948_cdv_photo_003_1757607999018.jpg"",""ext"":""jpg"",""panorama"":false,""isDir"":false}]",MH 203 K ST NW,OK,2025/09/11,,,North,11:07,,2,Edgar Atwood,,,2025/09/11,,,1700 LETS,,,Lateral Launch,https://pioneer.sewerai.com/dashboard/review/136362ad-494c-43f6-9a31-0dec2fa67e3c?t=1&limit=30&offset=0&status=uploaded&client_reviewed=false&issues=false&ordering=-Inspection_Date&project=25PV0406+ONE+GAS+,,
COMPLETE,2025-09-10,,312 ,,J ST NW,MIAMI ,,,,,,2025/09/10,2400,K ST NW/3 AVE NW ,,,James Atwood,Michael Parrish,0,0,,,,TAP,END,,,,,,North,136.8,18.2,,,,136.8,,,,,,2025/09/10,LETS,2025/09/10,LETS,,Post,SCOTT.LOVELADY@ONEGAS.COM ,,36.8792,-94.888,yes,1,1,,ABANDONED LINE / NO NEW GAS,,One Gas,"___json[{""pathname"":""/Collected Media/map_2662324/layer_6728851/mdc_photo_mdc_7d8772_cdv_photo_009_1757530546960.jpg"",""rid"":40105478,""lid"":""6728851"",""fid"":""1257"",""field"":""photo_map"",""title"":""mdc_photo_mdc_7d8772_cdv_photo_009_1757530546960.jpg"",""ext"":""jpg"",""panorama"":false,""isDir"":false}]",Yes,0406,COMPLETE,,,,,,,,"THIS LINE IS ABANDONED/NO NEW GAS, NO CROSSINGS",,,2025/10/01,,,Katy Thompson,,,Pass,,,A,B,,,,,,,,1,,,Lateral Inspection,,MH 910 3RD AVE NW ,OK,2025/09/10,,,,13:51,,2,James Atwood,,,2025/09/10,,,2400 LETS,,,Lateral Launch,https://pioneer.sewerai.com/dashboard/review/2ba0f338-b117-4e56-8b83-d1d4336f3edc?t=0.02632&limit=30&offset=0&status=uploaded&client_reviewed=false&issues=false&project=25PV0406+ONE+GAS+&ordering=Inspection_Date,,
COMPLETE NO BILL,2025-08-07,,7611,,Alpine Dr,El Paso,,,,,,2025/08/07,4600,Kingman Alpine relo El Paso ,,,Jason Claunch,Kyle Graham ,,,,,,End,,,,,,,,44,,,,,,,,,,,2025/08/07,PO,2025/08/07,PO,,Post,One Gas,1,31.7598,-106.362,yes,1,1,,"08/07/2025 4600 Pushed from CO to Main, this lateral is clear",,One Gas,"___json[{""pathname"":""/Collected Media/map_2662324/layer_6728851/mdc_photo_mdc_d0ff3a_cdv_photo_014_1754605274559.jpg"",""rid"":39649636,""lid"":""6728851"",""fid"":""1088"",""field"":""photo_map"",""title"":""mdc_photo_mdc_d0ff3a_cdv_photo_014_1754605274559.jpg"",""ext"":""jpg"",""panorama"":false,""isDir"":false}]",Yes,0723,COMPLETE NO BILL,,,,,,,,PASS-JAB,,,2025/08/29,,,Jay Brown,,,Pass,,,,,,,,,,,,,,,Lateral Inspection,"___json[{""pathname"":""/Collected Media/map_2662324/layer_6728851/mdc_photo_mdc_bfc6e3_cdv_photo_005_1754600976244.jpg"",""rid"":39648882,""lid"":""6728851"",""fid"":""1088"",""field"":""site_photos"",""title"":""mdc_photo_mdc_bfc6e3_cdv_photo_005_1754600976244.jpg"",""ext"":""jpg"",""panorama"":false,""isDir"":false}]",,TX,2025/08/07,,,,15:07,,2,N/A,,,,,,N/A,,,Push Camera,https://pipeviewamerica.sharefile.com/home/shared/fo7b0c1c-05db-447e-a270-55e646c17565,,
COMPLETE NO BILL,2025-08-07,,7609,,Alpine Dr,El Paso,,,,,,2025/08/07,4600,Kingman Alpine relo El Paso ,,,Jason Claunch,Kyle Graham ,,,,,,End,,,,,,,,45,,,,,,,,,,,2025/08/07,PO,2025/08/07,PO,,Post,One Gas,1,31.7601,-106.362,yes,1,1,,"08/07/2025 4600 pushed from clean out to mainline. Gas runs parallel, will not cross or conflict.",,One Gas,"___json[{""pathname"":""/Collected Media/map_2662324/layer_6728851/mdc_photo_mdc_a85749_cdv_photo_013_1754605243617.jpg"",""rid"":39649634,""lid"":""6728851"",""fid"":""1100"",""field"":""photo_map"",""title"":""mdc_photo_mdc_a85749_cdv_photo_013_1754605243617.jpg"",""ext"":""jpg"",""panorama"":false,""isDir"":false}]",Yes,0723,COMPLETE NO BILL,,,,,,,,PASS-JAB,,,2025/08/29,,,Jay Brown,,,Pass,,,,,,,,,,,,,,,Lateral Inspection,"___json[{""pathname"":""/Collected Media/map_2662324/layer_6728851/mdc_photo_mdc_733ceb_cdv_photo_011_1754604247080.jpg"",""rid"":39649522,""lid"":""6728851"",""fid"":""1100"",""field"":""site_photos"",""title"":""mdc_photo_mdc_733ceb_cdv_photo_011_1754604247080.jpg"",""ext"":""jpg"",""panorama"":false,""isDir"":false}]",,TX,2025/08/07,,,,16:01,,2,Jason Claunch,,,2025/08/07,,,-----------------,,,Push Camera,https://pipeviewamerica.sharefile.com/home/shared/fod68290-a5e6-4d4c-af19-a9fd5420913b,,
COMPLETE,2025-09-10,,,,,MIAMI,,,,,,2025/09/10,,K ST NW/ 3 AVE NW ,,,Dakota House,,,,,,,,,,,,,,,,,,,,,,,,,,,,,,,Other,Scott.Lovelady@onegas.com ,,36.8791,-94.8911,,,,,EXTRA LINE DONT NEED,,One Gas,,N/A,0406,COMPLETE,,,,,,,,,,,,,,,,,,,,,,,,,,,600,,,,,Main Inspection,,,OK,2025/09/10,,,,14:01,,2,N/A,,,,,,N/A,,,,,,
COMPLETE,2025-09-10,,309,,I ST NW,MIAMI ,,,,,,2025/09/10,2400,K ST NW/3 AVE NW ,,,James Atwood,Michael Parrish,0,34,0,,,TAP,GMI,END,,,,,North,109.6,9.1,12.7,,,109.6,,,,,,2025/09/10,LETS,2025/09/10,LETS,,Post,SCOTT.LOVELADY@ONEGAS.COM ,,36.8792,-94.888,yes,1,1,,CLEAR ABANDONED LINE,,One Gas,"___json[{""pathname"":""/Collected Media/map_2662324/layer_6728851/mdc_photo_mdc_cf4924_cdv_photo_008_1757530174595.jpg"",""rid"":40105399,""lid"":""6728851"",""fid"":""1256"",""field"":""photo_map"",""title"":""mdc_photo_mdc_cf4924_cdv_photo_008_1757530174595.jpg"",""ext"":""jpg"",""panorama"":false,""isDir"":false}]",Yes,0406,COMPLETE,,,,,,,,GMI IS CLEAR. THIS LINE IS ABADONED,,,2025/10/01,,,Katy Thompson,,,Pass,,,A,B,C,,,,,,,1,,,Lateral Inspection,"___json[{""pathname"":""/Collected Media/map_2662324/layer_6728851/mdc_photo_mdc_94dca8_cdv_photo_007_1757530005843.jpg"",""rid"":40105363,""lid"":""6728851"",""fid"":""1256"",""field"":""site_photos"",""title"":""mdc_photo_mdc_94dca8_cdv_photo_007_1757530005843.jpg"",""ext"":""jpg"",""panorama"":false,""isDir"":false}]",MH 910 3RD AVE NW ,OK,2025/09/10,,,,13:44,A,2,James Atwood,,,2025/09/10,,,2400 LETS,,,Lateral Launch,https://pioneer.sewerai.com/dashboard/review/9a8416b0-fd64-45b9-8cc8-09e4bad26c2d?t=2.065381&limit=30&offset=0&status=uploaded&client_reviewed=false&issues=false&project=25PV0406+ONE+GAS+&ordering=Inspection_Date,,
GAS LINE,2025-09-11,,,,,MIAMI,,,,,,2025/09/11,,,,,,,,,,,,,,,,,,,,,,,,,,,,,,,,,,,,Post,,,36.8777,-94.8902,,,,,,,One Gas,,,0406,GAS LINE,,,,,,,,,,,,,,,,,,,,,,,,,,,,,,,,,,,OK,2025/09/11,,,,14:56,,1,,,,,,,,,,,,,
COMPLETE,2025-09-10,,MH  909 2ND AVE NW,,2ND AVE,MIAMI,,,,,,2025/09/10,, K ST NW/ 3 AVE NW ,,,N/A,,,,,,,,,,,,,,,,,,,,,,,,ML NORTH,,,,,,,Other,Scott.Lovelady@onegas.com ,,36.8791,-94.8911,,,,,,,One Gas,,N/A,0406,COMPLETE,,,,,,,,,,,,,,,,,,,,,,,,,,,600,,,,,Main Inspection,,MH 909 2ND AVE NW,OK,2025/09/10,,,,14:08,TO NORTH,2,N/A,,,,,,N/A,,,,,,
COMPLETE,2025-09-10,,MH 307 L ST NW,,L ST NW,Miami ,,,,,,2025/09/10,OFFICE,K ST NW/ 3 AVE NW ,,,Dakota House,Edgar Atwood ,,,,,,,,,,,,,,,,,,,,,,,,,,,,,,Other,Scott.Lovelady@onegas.com ,,36.8791,-94.8911,,,,,TRUCK 1071 JETTER 1170 250X3 ,,One Gas,,N/A,0406,COMPLETE,,,,,,,,,,,,,,,,,,,,,,,,,,,750,,,,,Main Inspection,,,OK,2025/09/10,,,,14:32,TO NORTH,2,N/A,,,,,,N/A,,,,,,
COMPLETE NO BILL,2025-08-08,,7613,,Alpine Dr,El Paso,,,1 rod,,,2025/08/08,4600,Kingman Alpine relo El Paso ,,,Jason Claunch,Kyle Graham ,,,,,,End/bad offset,T,,,,,,South,64,28.8,,,,57.2,,,,,,2025/08/08,LETS,2025/08/08,LETS,,Post,One Gas,1,31.7607,-106.362,yes,1,2,,"08/07/2025 4600 difficult push through multiple sharp turns throughout, could not make it to mainline due to bad offset in lateral
08/08/2025 4600 found lateral in ML and ran to end point of previous video, lateral is full of sharp turns, grease and debris. 1 rod. This is now clear",,One Gas,"___json[{""pathname"":""/Collected Media/map_2662324/layer_6728851/mdc_photo_mdc_b6ddae_cdv_photo_016_1754605338918.jpg"",""rid"":39649646,""lid"":""6728851"",""fid"":""1089"",""field"":""photo_map"",""title"":""mdc_photo_mdc_b6ddae_cdv_photo_016_1754605338918.jpg"",""ext"":""jpg"",""panorama"":false,""isDir"":false},{""pathname"":""/Collected Media/map_2662324/layer_6728851/mdc_photo_mdc_720b74_cdv_photo_002_1754676158727.jpg"",""rid"":39661198,""lid"":""6728851"",""fid"":""1089"",""field"":""photo_map"",""title"":""mdc_photo_mdc_720b74_cdv_photo_002_1754676158727.jpg"",""ext"":""jpg"",""panorama"":false,""isDir"":false}]",No,0723,COMPLETE NO BILL,,,,,,,,NEED 2ND VIDEO,,,2025/08/29,,,Jay Brown,,,Fail,,,,,,,,,,,,1,,,Lateral Inspection,"___json[{""pathname"":""/Collected Media/map_2662324/layer_6728851/mdc_photo_mdc_1cd17d_cdv_photo_015_1754605314605.jpg"",""rid"":39649644,""lid"":""6728851"",""fid"":""1089"",""field"":""site_photos"",""title"":""mdc_photo_mdc_1cd17d_cdv_photo_015_1754605314605.jpg"",""ext"":""jpg"",""panorama"":false,""isDir"":false},{""pathname"":""/Collected Media/map_2662324/layer_6728851/mdc_photo_mdc_1cf594_cdv_photo_001_1754674625178.jpg"",""rid"":39660824,""lid"":""6728851"",""fid"":""1089"",""field"":""site_photos"",""title"":""mdc_photo_mdc_1cf594_cdv_photo_001_1754674625178.jpg"",""ext"":""jpg"",""panorama"":false,""isDir"":false}]",7707 Mojave Dr MH ML SW ,TX,2025/08/08,,,,11:33,,2,Kyle Graham ,Jason Claunch,,2025/08/07,2025/08/08,,-----------------,---------------------,,CCTV,https://pipeviewamerica.sharefile.com/home/shared/fo0934cc-0f7f-4f30-86c1-5cd03d7ade24,,
COMPLETE,2025-09-11,,415,,I ST NW,MIAMI ,,,,,,2025/09/11,2400,K ST NW/3 AVE NW ,,,James Atwood,Michael Parrish,0,25,0,,,C/O,GMI,END,,,,,,0,71.8,82.5,,,,,,,,,2025/09/11,PO,2025/09/11,PO,,Post,SCOTT.LOVELADY@ONEGAS.COM ,1,36.8799,-94.8877,yes,1,1,,,,One Gas,"___json[{""pathname"":""/Collected Media/map_2662324/layer_6728851/mdc_photo_mdc_b8e540_cdv_photo_025_1757619402057.jpg"",""rid"":40119964,""lid"":""6728851"",""fid"":""1303"",""field"":""photo_map"",""title"":""mdc_photo_mdc_b8e540_cdv_photo_025_1757619402057.jpg"",""ext"":""jpg"",""panorama"":false,""isDir"":false}]",N/A,0406,COMPLETE,,,,,,,,,,,,,,,,,,,,A,B,C,,,,,,,,,,Lateral Inspection,"___json[{""pathname"":""/Collected Media/map_2662324/layer_6728851/mdc_photo_mdc_60c087_cdv_photo_024_1757619162894.jpg"",""rid"":40119941,""lid"":""6728851"",""fid"":""1303"",""field"":""site_photos"",""title"":""mdc_photo_mdc_60c087_cdv_photo_024_1757619162894.jpg"",""ext"":""jpg"",""panorama"":false,""isDir"":false}]",,OK,2025/09/11,,,,14:30,,2,James Atwood,,,2025/09/11,,,2400 PO,,,Push Camera,,,
GAS LINE,2025-09-10,,,,,MIAMI ,,,,,,2025/09/10,,,,,,,,,,,,,,,,,,,,,,,,,,,,,,,,,,,,Post,,,36.88,-94.888,,,,,,,One Gas,,,0406,GAS LINE,,,,,,,,,,,,,,,,,,,,,,,,,,,,,,,,,,,OK,2025/09/10,,,,14:33,,1,,,,,,,,,,,,,
COMPLETE,2025-09-10,,314,,J ST NW,MIAMI ,,,,,,2025/09/10,2400,K ST NW/3 AVE NW ,,,James Atwood,Michael Parrish,0,0,0,,,TAP,12T,END,,,,,North,218.5,55.4,65.4,,,218.5,,,,,,2025/09/10,LETS,2025/09/10,LETS,,Post,SCOTT.LOVELADY@ONEGAS.COM ,,36.8792,-94.888,yes,1,1,,NO NEW GAS SERVICE ,,One Gas,"___json[{""pathname"":""/Collected Media/map_2662324/layer_6728851/mdc_photo_mdc_604561_cdv_photo_000_1757534489345.jpg"",""rid"":40106044,""lid"":""6728851"",""fid"":""1265"",""field"":""photo_map"",""title"":""mdc_photo_mdc_604561_cdv_photo_000_1757534489345.jpg"",""ext"":""jpg"",""panorama"":false,""isDir"":false}]",Yes,0406,COMPLETE,,,,,,,,"THIS HOUSE RECEIVED NO NEW GAS SERVICE, NO CROSSINGS",,,2025/10/01,,,Katy Thompson,,,Pass,,,A,B,C,,,,,,,1,,,Lateral Inspection,,MH 910 3RD AVE NW ,OK,2025/09/10,,,,14:42,,2,James Atwood,,,2025/09/10,,,2400 LETS,,,Lateral Launch,https://pioneer.sewerai.com/dashboard/review/6f5fb5e3-cae7-4b64-a13a-65af959829ec?t=1.441044&limit=30&offset=0&status=uploaded&client_reviewed=false&issues=false&project=25PV0406+ONE+GAS+&ordering=Inspection_Date,,
COMPLETE,2025-09-11,,129,,K ST NW,MIAMI,,,,,,2025/09/11,1700,K ST NW / 3 AVE NW ,,,Edgar Atwood,,0,0,0,0,,TAP,9T,12T,END,,,,South,45.8,161.9,180.6,183.3,,45.8,,,,,,2025/09/11,LETS,2025/09/11,LETS,,Post,SCOTT.LOVELADY@ONEGAS.COM ,,36.8778,-94.8901,yes,1,1,,"TECH: TINAI MITCHELL
PUSHED TO FOUNDATION, LINE IS CLEAR WITH NO CROSSINGS, RECEIVED NEW GAS SERVICE",,One Gas,"___json[{""pathname"":""/Collected Media/map_2662324/layer_6728851/mdc_photo_mdc_5ddf1b_cdv_photo_002_1757621352909.jpg"",""rid"":40120092,""lid"":""6728851"",""fid"":""1307"",""field"":""photo_map"",""title"":""mdc_photo_mdc_5ddf1b_cdv_photo_002_1757621352909.jpg"",""ext"":""jpg"",""panorama"":false,""isDir"":false}]",Yes,0406,COMPLETE,,,,,,,,PASS-CAM,,,2025/09/17,,,Charlton Moren,,,Pass,,,,,,,,,,,,1,,,Lateral Inspection,,MH 203 K ST NW,OK,2025/09/11,,,,14:57,,2,Edgar Atwood,,,2025/09/11,,,1700 LETS,,,Lateral Launch,https://pioneer.sewerai.com/dashboard/review/0de9e0ac-6cf3-41fe-9b2d-044325b29340?t=0&limit=30&offset=0&status=uploaded&client_reviewed=false&issues=false&ordering=-Inspection_Date&project=25PV0406+ONE+GAS+,,
COMPLETE,2025-09-10,,MH  1118 3RD AVE NW,,3RD AVE NW,MIAMI ,,,,,,2025/09/10,OFFICE,K ST NW/ 3 AVE NW ,,,Dakota House,Edgar Atwood ,,,,,,,,,,,,,,,,,,,,,,,,,,,,,,Other,Scott.Lovelady@onegas.com ,,36.8791,-94.8911,,,,,Cleaned line 250x2 1071 TRUCK  1170 JETTER,,One Gas,,N/A,0406,COMPLETE,,,,,,,,,,,,,,,,,,,,,,,,,,,500,,,,,Main Inspection,,,OK,2025/09/10,,,North,14:20,MH 1026 3RD AVE NW,2,N/A,,,,,,N/A,,,,,,
COMPLETE,2025-05-06,,MH 300 SW ORCHARD ST,,ORCHARD ST,TOPEKA ,,,,,,2025/05/06,2400,PW-24R2-TOPEKA-2ND AND ORCHARD ,,,Edgar Atwood,Michael Parrish,0,112,,,,MH 300,GMI,O SOUTH,,,,No,,0,4,51.7,,,,,,,TO SOUTH,,2025/05/06,ML,2025/05/06,ML,,Post,SCOTT.LOVELADY@ONEGAS.COM ,,39.0614,-95.7034,yes,1,1,,,,One Gas,"___json[{""pathname"":""/Collected Media/map_2662324/layer_6728851/mdc_photo_mdc_455a32_cdv_photo_009_1758297450280.jpg"",""rid"":40224745,""lid"":""6728851"",""fid"":""602"",""field"":""photo_map"",""title"":""mdc_photo_mdc_455a32_cdv_photo_009_1758297450280.jpg"",""ext"":""jpg"",""panorama"":false,""isDir"":false}]",Yes,0406,COMPLETE,,,,,,,,,,,2025/09/10,,,Katy Thompson,,,Pass,,,A,B,C,,,,,51.7,51.7,,,51.7,Main Inspection,,MH 300 SW ORCHARD ST,KS,2025/05/06,,,,12:27,TO SOUTH,2,Edgar Atwood,,,2025/05/06,,,2400 LETS,,,CCTV,https://pioneer.sewerai.com/dashboard/review/3413412d-bf3d-4d73-92bf-51ab42a06631?t=0&limit=30&offset=60&status=uploaded&client_reviewed=false&issues=false&ordering=-Inspection_Date&project=25PV0406+ONE+GAS+,,
COMPLETE NO BILL,2025-08-08,,7607,,Alpine Dr,El Paso,,,,,,2025/08/08,4600,Kingman Alpine relo El Paso ,,,Jason Claunch,Kyle Graham ,,,,,,End,,,,,,,,29.4,,,,,130.4,,,,,,2025/08/08,LETS,2025/08/08,LETS,,Post,One Gas,,31.7598,-106.362,yes,1,1,,"08/07/2025 4600 homeowner has lived here 30 years and never saw a CO on the property, vemt stacks are too tall to push. Will need lets to clear via ML

08/08/2025 4600 found tap in ML and ran to foundation, this lateral is clear",,One Gas,"___json[{""pathname"":""/Collected Media/map_2662324/layer_6728851/mdc_photo_mdc_d1d4dd_cdv_photo_003_1754679306056.jpg"",""rid"":39661798,""lid"":""6728851"",""fid"":""1103"",""field"":""photo_map"",""title"":""mdc_photo_mdc_d1d4dd_cdv_photo_003_1754679306056.jpg"",""ext"":""jpg"",""panorama"":false,""isDir"":false}]",N/A,0723,COMPLETE NO BILL,,,,,,,,,,,,,,,,,,,,,,,,,,,,,1,,,Lateral Inspection,"___json[{""pathname"":""/Collected Media/map_2662324/layer_6728851/mdc_photo_mdc_ee1b4f_cdv_photo_024_1754606452508.jpg"",""rid"":39649754,""lid"":""6728851"",""fid"":""1103"",""field"":""site_photos"",""title"":""mdc_photo_mdc_ee1b4f_cdv_photo_024_1754606452508.jpg"",""ext"":""jpg"",""panorama"":false,""isDir"":false},{""pathname"":""/Collected Media/map_2662324/layer_6728851/mdc_photo_mdc_05f918_cdv_photo_025_1754606452508.jpg"",""rid"":39649755,""lid"":""6728851"",""fid"":""1103"",""field"":""site_photos"",""title"":""mdc_photo_mdc_05f918_cdv_photo_025_1754606452508.jpg"",""ext"":""jpg"",""panorama"":false,""isDir"":false},{""pathname"":""/Collected Media/map_2662324/layer_6728851/mdc_photo_mdc_241c06_cdv_photo_005_1754682319894.jpg"",""rid"":39662516,""lid"":""6728851"",""fid"":""1103"",""field"":""site_photos"",""title"":""mdc_photo_mdc_241c06_cdv_photo_005_1754682319894.jpg"",""ext"":""jpg"",""panorama"":false,""isDir"":false}]",7602 Alpine Dr MH ML E ,TX,2025/08/08,,,,12:51,,2,Jason Claunch,,,2025/08/08,,,-----------------,,,CCTV,,,
COMPLETE,2025-05-06,,126,,SW TERRA DR ,TOPEKA,,,,,,2025/05/06,2400,PW-24R3-TOPEKA-SW SANNEMAN AND TERRA DR-CWO-5/31/25,,,Edgar Atwood,Tiffanie Gibson,0,0,,,,TAP,END @ FOUNDATION/12T,,,,,,North,39.4,78.4,,,,39.5,,,,,HOUSE HAS NO CROSSINGS,2025/05/06,LETS,2025/05/06,LETS,,Post,SCOTT.LOVELADY@ONEGAS.COM ,,38.9773,-95.6829,yes,1,1,,,,One Gas,"___json[{""pathname"":""/Collected Media/map_2662324/layer_6728851/mdc_photo_mdc_500c12_cdv_photo_000_1746559601837.jpg"",""rid"":38454330,""lid"":""6728851"",""fid"":""613"",""field"":""photo_map"",""title"":""mdc_photo_mdc_500c12_cdv_photo_000_1746559601837.jpg"",""ext"":""jpg"",""panorama"":false,""isDir"":false}]",Yes,0406,COMPLETE,,,,,Pass,,,,,,2025/09/10,,,Katy Thompson,,,Pass,,,A,,,,,,,,,1,,,Lateral Inspection,,MH 126 SW TERRA,KS,2025/05/06,,,,14:13,,2,Edgar Atwood,,,2025/05/06,,,2400 LETS,,,Lateral Launch,https://pioneer.sewerai.com/dashboard/review/071e3ee0-c31d-4b5f-931a-d1b03a215eb7?t=0&limit=30&offset=60&status=uploaded&client_reviewed=false&issues=false&ordering=-Inspection_Date&project=25PV0406+ONE+GAS+,,
COMPLETE,2025-05-06,,121,,SW TERRA DR,TOPEKA,,,,,,2025/05/06,2400,PW-24R3-TOPEKA-SW SANNEMAN AND TERRA DR-CWO-5/31/25,,,Edgar Atwood,Tiffanie Gibson,0,56,0,,,TAP,GMI,END AT ROOT BALL,,,,N/A,North,237.2,9.3,41.4,,,237.2,,,,,UNABLE TO GET ACCESS TO BACK YARD TO LOCATE CLEANOUT,2025/05/06,LETS,2025/05/06,LETS,,Post,SCOTT.LOVELADY@ONEGAS.COM ,,38.9774,-95.6829,yes,1,1,,,,One Gas,"___json[{""pathname"":""/Collected Media/map_2662324/layer_6728851/mdc_photo_mdc_3e2b64_cdv_photo_002_1746565396772.jpg"",""rid"":38455058,""lid"":""6728851"",""fid"":""616"",""field"":""photo_map"",""title"":""mdc_photo_mdc_3e2b64_cdv_photo_002_1746565396772.jpg"",""ext"":""jpg"",""panorama"":false,""isDir"":false}]",Yes,0406,COMPLETE,,,,,,,,,,,2025/09/10,,,Katy Thompson,,,,,,A,B,,,,,,,,1,,,Lateral Inspection,"___json[{""pathname"":""/Collected Media/map_2662324/layer_6728851/mdc_photo_mdc_434668_cdv_photo_003_1746565469412.jpg"",""rid"":38455060,""lid"":""6728851"",""fid"":""616"",""field"":""site_photos"",""title"":""mdc_photo_mdc_434668_cdv_photo_003_1746565469412.jpg"",""ext"":""jpg"",""panorama"":false,""isDir"":false},{""pathname"":""/Collected Media/map_2662324/layer_6728851/mdc_photo_mdc_e0e029_cdv_photo_004_1746565469412.jpg"",""rid"":38455061,""lid"":""6728851"",""fid"":""616"",""field"":""site_photos"",""title"":""mdc_photo_mdc_e0e029_cdv_photo_004_1746565469412.jpg"",""ext"":""jpg"",""panorama"":false,""isDir"":false}]",MH 126 SW TERRA DR,KS,2025/05/06,,,West,15:51,,2,Edgar Atwood,,,2025/05/06,,,2400 LETS,,,Lateral Launch,https://pioneer.sewerai.com/dashboard/review/10b79df9-8bc3-4ac6-98aa-ca69c2fa83c6?t=2.237467&limit=30&offset=60&status=uploaded&client_reviewed=false&issues=false&ordering=-Inspection_Date&project=25PV0406+ONE+GAS+,,
COMPLETE NO BILL,2025-08-07,,7600,,Alpine Dr,El Paso,,,,,,2025/08/07,4600,Kingman Alpine relo El Paso ,,,Jason Claunch,Kyle Graham ,,,,,,End,,,,,,,,45.5,,,,,,,,,,,2025/08/07,PO,2025/08/07,PO,,Post,One Gas,1,34.9623,-101.865,yes,1,1,,"08/07/2025 4600 pushed from CO to ML, this lateral is clear, gas was bored from sidewalk to across the street, to corner neighbor property. No cross or conflict",,One Gas,"___json[{""pathname"":""/Collected Media/map_2662324/layer_6728851/mdc_photo_mdc_14297a_cdv_photo_033_1754609816375.jpg"",""rid"":39650299,""lid"":""6728851"",""fid"":""1105"",""field"":""photo_map"",""title"":""mdc_photo_mdc_14297a_cdv_photo_033_1754609816375.jpg"",""ext"":""jpg"",""panorama"":false,""isDir"":false}]",Yes,0723,COMPLETE NO BILL,,,,,,,,PASS-JAB,,,2025/08/29,,,Jay Brown,,,Pass,,,,,,,,,,,,,,,Lateral Inspection,"___json[{""pathname"":""/Collected Media/map_2662324/layer_6728851/mdc_photo_mdc_8caf59_cdv_photo_029_1754609475058.jpg"",""rid"":39650259,""lid"":""6728851"",""fid"":""1105"",""field"":""site_photos"",""title"":""mdc_photo_mdc_8caf59_cdv_photo_029_1754609475058.jpg"",""ext"":""jpg"",""panorama"":false,""isDir"":false},{""pathname"":""/Collected Media/map_2662324/layer_6728851/mdc_photo_mdc_c78508_cdv_photo_030_1754609475059.jpg"",""rid"":39650260,""lid"":""6728851"",""fid"":""1105"",""field"":""site_photos"",""title"":""mdc_photo_mdc_c78508_cdv_photo_030_1754609475059.jpg"",""ext"":""jpg"",""panorama"":false,""isDir"":false}]",,TX,2025/08/07,,,,17:26,,2,Kyle Graham ,,,2025/08/07,,,-----------------,,,Push Camera,https://pipeviewamerica.sharefile.com/home/shared/foa36676-b662-485f-8c10-ff2f6ed2742d,,
COMPLETE NO BILL,2025-08-07,,7600,,Alpine Dr,El Paso,,,,,,2025/08/07,4600,Kingman Alpine relo El Paso ,,,Jason Claunch,Kyle Graham ,,,,,,End/tie in,,,,,,,,40.5,,,,,,,,,,,2025/08/07,PO,2025/08/07,PO,,Post,One Gas,1,31.7597,-106.363,yes,1,1,,08/07/2025 4600 Pushed this second CO to ensure it ties into main lateral. This is clear and will not cross gas,,One Gas,"___json[{""pathname"":""/Collected Media/map_2662324/layer_6728851/mdc_photo_mdc_7d9823_cdv_photo_034_1754609836246.jpg"",""rid"":39650301,""lid"":""6728851"",""fid"":""1106"",""field"":""photo_map"",""title"":""mdc_photo_mdc_7d9823_cdv_photo_034_1754609836246.jpg"",""ext"":""jpg"",""panorama"":false,""isDir"":false}]",Yes,0723,COMPLETE NO BILL,,,,,,,,PASS-JAB,,,2025/08/29,,,Jay Brown,,,Pass,,,,,,,,,,,,,,,Lateral Inspection,"___json[{""pathname"":""/Collected Media/map_2662324/layer_6728851/mdc_photo_mdc_68ca2d_cdv_photo_031_1754609736365.jpg"",""rid"":39650294,""lid"":""6728851"",""fid"":""1106"",""field"":""site_photos"",""title"":""mdc_photo_mdc_68ca2d_cdv_photo_031_1754609736365.jpg"",""ext"":""jpg"",""panorama"":false,""isDir"":false},{""pathname"":""/Collected Media/map_2662324/layer_6728851/mdc_photo_mdc_536026_cdv_photo_032_1754609736365.jpg"",""rid"":39650295,""lid"":""6728851"",""fid"":""1106"",""field"":""site_photos"",""title"":""mdc_photo_mdc_536026_cdv_photo_032_1754609736365.jpg"",""ext"":""jpg"",""panorama"":false,""isDir"":false}]",,TX,2025/08/07,,,,17:32,ET 1,2,Kyle Graham ,,,2025/08/07,,,-----------------,,,Push Camera,https://pipeviewamerica.sharefile.com/home/shared/fod342e6-e61f-4aaa-9829-e2850a3f2e6c,,
PO,2025-09-10,,313,,I ST NW,MIAMI ,,,,,,,,K ST NW/3 AVE NW ,,,N/A,,,,,,,,,,,,,,North,,,,,,,,,,,,,,,,,Post,SCOTT.LOVELADY@ONEGAS.COM ,,36.8791,-94.888,,,,,,,One Gas,,N/A,0406,PO,,,,,,,,,,,,,,,,,,,,,,,,,,,,,,,,Lateral Inspection,,MH 910 3RD AVE NW ,OK,2025/09/10,,,,,,2,N/A,,,,,,N/A,,,,,,
COMPLETE,2025-05-06,,307,,SW ROOSEVELT ST,TOPEKA ,,,,,,2025/05/06,2400,PW-24R2-TOPEKA-2ND AND ORCHARD ,,,Edgar Atwood,Michael Parrish,0,0,,,,TAP,END/CAPPED,,,,,,South,31.6,67.3,,,,31.6,,,,,ABANDONED LINE,2025/05/06,LETS,2025/05/06,LETS,,Post,SCOTT.LOVELADY@ONEGAS.COM ,,39.0614,-95.7034,yes,1,1,,,,One Gas,"___json[{""pathname"":""/Collected Media/map_2662324/layer_6728851/mdc_photo_mdc_dfbc35_cdv_photo_000_1746551777652.jpg"",""rid"":38452689,""lid"":""6728851"",""fid"":""606"",""field"":""photo_map"",""title"":""mdc_photo_mdc_dfbc35_cdv_photo_000_1746551777652.jpg"",""ext"":""jpg"",""panorama"":false,""isDir"":false}]",Yes,0406,COMPLETE,,,,,,,,,,,2025/09/10,,,Katy Thompson,,,Pass,,,A,,,,,,,,,1,,,Lateral Inspection,,MH  300 SW ORCHARD ST,KS,2025/05/06,,,,12:09,,2,Edgar Atwood,,,2025/05/06,,,2400 LETS,,,Lateral Launch,https://pioneer.sewerai.com/dashboard/review/f07d45ed-0e01-464c-90df-fa9dd79e7af5?t=2.004673&limit=30&offset=60&status=uploaded&client_reviewed=false&issues=false&ordering=-Inspection_Date&project=25PV0406+ONE+GAS+,,
COMPLETE NO BILL,2025-08-07,,121,,Manor pl,El paso,,,,,,2025/08/07,---------------------,Manor pl el paso,,,---------------------,---------------------,0,,,,,End,,,,,,No,,46,,,,,,,,,,,2025/08/07,LETS,2025/08/07,LETS,,Post,Scott.lovelady@Onegas.com ,,31.7381,-106.254,yes,1,1,,"Truck5100 
Lead - Christian E. Tech - Derek K.
Line runs away from gas no conflict at all",,One Gas,"___json[{""pathname"":""/Collected Media/map_2662324/layer_6728851/mdc_photo_mdc_01cc7b_cdv_photo_013_1754619829114.jpg"",""rid"":39651014,""lid"":""6728851"",""fid"":""1124"",""field"":""photo_map"",""title"":""mdc_photo_mdc_01cc7b_cdv_photo_013_1754619829114.jpg"",""ext"":""jpg"",""panorama"":false,""isDir"":false}]",Yes,0723,COMPLETE NO BILL,,,,,,,,"NO CROSSINGS, NO CONFLICTS",,,2025/09/11,,,Katy Thompson,,,Pass,,,A,,,,,,,,,1,,,Lateral Inspection,"___json[{""pathname"":""/Collected Media/map_2662324/layer_6728851/mdc_photo_mdc_9c8831_cdv_photo_012_1754619829114.jpg"",""rid"":39651012,""lid"":""6728851"",""fid"":""1124"",""field"":""site_photos"",""title"":""mdc_photo_mdc_9c8831_cdv_photo_012_1754619829114.jpg"",""ext"":""jpg"",""panorama"":false,""isDir"":false}]",,TX,2025/08/07,,,,20:22,,2,---------------------,,,2025/08/07,,,-----------------,,,Lateral Launch,https://pioneer.sewerai.com/dashboard/review/ead44c06-7a66-4380-8d6b-be03e0b32f7a?t=1.755853&limit=30&offset=0&status=uploaded&issues=false&project=25PV0406+ONE+GAS+&ordering=Inspection_Date&client_reviewed=false,,
COMPLETE NO BILL,2025-08-07,,157,,Manor Pl,El paso,,,,,,2025/08/07,4600,Manor Pl,,,Jason Claunch,Kyle Graham ,,,,,,End,12T buried CO in front yard. ,,,,,,,45.6,10.6,,,,,,,,,,2025/08/07,PO,2025/08/07,PO,,Post,One Gas,1,31.7467,-106.386,yes,1,1,,"08/07/2025 4600 pushed from clean out in the rear of the house, and zeroed out at the edge of foundation on the front of house then to mainline, this lateral will not cross gas in anyway. This is clear. ",,One Gas,"___json[{""pathname"":""/Collected Media/map_2662324/layer_6728851/mdc_photo_mdc_b8f7d5_cdv_photo_037_1754615407397.jpg"",""rid"":39650689,""lid"":""6728851"",""fid"":""1109"",""field"":""photo_map"",""title"":""mdc_photo_mdc_b8f7d5_cdv_photo_037_1754615407397.jpg"",""ext"":""jpg"",""panorama"":false,""isDir"":false}]",Yes,0723,COMPLETE NO BILL,,,,,,,,"UPDATE JAB
PO VID CLEARS

8/14/15 C MOREN, DIDNT GO TO FOUNDATION, WAITING ON PO VIDEO


https://pipeviewamerica.sharefile.com/home/shared/fo236903-be23-4877-b141-b4eebb6b0754",,,2025/08/29,,,Jay Brown,,,Pass,,,,,,,,,,,,,,,Lateral Inspection,"___json[{""pathname"":""/Collected Media/map_2662324/layer_6728851/mdc_photo_mdc_d764fd_cdv_photo_036_1754615341145.jpg"",""rid"":39650685,""lid"":""6728851"",""fid"":""1109"",""field"":""site_photos"",""title"":""mdc_photo_mdc_d764fd_cdv_photo_036_1754615341145.jpg"",""ext"":""jpg"",""panorama"":false,""isDir"":false}]",,TX,2025/08/07,,,,19:03,,2,Kyle Graham ,,,2025/08/07,,,-----------------,,,Push Camera,https://pioneer.sewerai.com/dashboard/review/7863eddd-9bcd-48de-bbae-5ed1bd83bc48?t=0&limit=30&offset=0&inspection_datetime__lte=2025-08-12T23%3A59%3A59-05%3A00&status=uploaded&client_reviewed=false&ordering=-Inspection_Date&issues=false&project=25PV0406+ONE+GAS+,,
COMPLETE,2025-09-10,,314,,J ST NW ,MIAMI ,,,,,,2025/09/10,2400,K ST NW/3 AVE NW ,,,James Atwood,Michael Parrish,0,0,,,,TAP,END,,,,,,North,241,69.5,,,,241,,,,,,2025/09/10,LETS,2025/09/10,LETS,,Post,SCOTT.LOVELADY@ONEGAS.COM ,,36.8791,-94.888,yes,1,1,,CLEAR / NO NEW GAS ,,One Gas,"___json[{""pathname"":""/Collected Media/map_2662324/layer_6728851/mdc_photo_mdc_e40b96_cdv_photo_003_1757536689383.jpg"",""rid"":40106253,""lid"":""6728851"",""fid"":""1268"",""field"":""photo_map"",""title"":""mdc_photo_mdc_e40b96_cdv_photo_003_1757536689383.jpg"",""ext"":""jpg"",""panorama"":false,""isDir"":false}]",Yes,0406,COMPLETE,,,,,,,,"BAD VISUAL FROM 21FT TO 30FT, 46FT TO 55FT, CLEAR ON PULLBACK",,,2025/09/18,,,Charlton Moren,,,Pass,,,A,B,,,,,,,,1,,,Lateral Inspection,,MH 910 3RD AVE NW ,OK,2025/09/10,,,,15:30,A,2,James Atwood,,,2025/09/10,,,2400 LETS,,,Lateral Launch,https://pioneer.sewerai.com/dashboard/review/0fafd53f-9859-459e-ae63-05dfcb4e80ae?t=0&limit=30&offset=0&status=uploaded&client_reviewed=false&issues=false&ordering=-Inspection_Date&project=25PV0406+ONE+GAS+&inspection_datetime__lte=2025-09-10T23%3A59%3A59-05%3A00,,
COMPLETE,2025-06-04,,STMH 10001 W 93RD ST ,,MOODY PARK DR ,OVERLAND PARK ,,,,,,2025/06/04,,SOUTHDALE/95 AND NEIMAN ,,,Edgar Atwood,Carter Pacheco,0,0,,,,STMH 10001 W 93RD ST ,STMH 10001 A W 93RD ST ,,,,,No,,0,46.7,,,,,,,,STM 10001 A W 93RD ST,,2025/06/04,ML,2025/06/04,ML,,Post,SCOTT.LOVELADY@ONEGAS.COM ,,38.9598,-94.7013,yes,1,1,,UPDATED BY TEAM #1059 ML,,One Gas,"___json[{""pathname"":""/Collected Media/map_2662324/layer_6728851/mdc_photo_mdc_ee0f07_cdv_photo_000_1749057421741.jpg"",""rid"":38780551,""lid"":""6728851"",""fid"":""829"",""field"":""photo_map"",""title"":""mdc_photo_mdc_ee0f07_cdv_photo_000_1749057421741.jpg"",""ext"":""jpg"",""panorama"":false,""isDir"":false}]",No,0403,COMPLETE,,,,,,,,,,,2025/09/10,,,Katy Thompson,,,Pass,,,A,B,,,,,,,,,,,Main Inspection,,STMH 10001 W 93RD ST ,KS,2025/06/04,,46.7,,11:17,STM 10001 A W 93RD ST,3,Edgar Atwood,,,2025/06/04,,,1059 ML,,,CCTV,https://pioneer.sewerai.com/dashboard/review/0e211580-0d7b-4f6e-8a01-935fd181f819?t=2.91181&limit=30&offset=60&status=uploaded&client_reviewed=false&issues=false&ordering=-Inspection_Date&project=25PV0406+ONE+GAS+,,
COMPLETE,2025-09-10,,325,,I ST NW,MIAMI ,,,,,,2025/09/10,2400,K ST NW/3 AVE NW ,,,James Atwood,Michael Parrish,0,38,0,0,,TAP,GMI,9T,END,,,,North,314.5,9.1,70.1,86.3,,314.5,,,,,,2025/09/10,LETS,2025/09/10,LETS,,Post,SCOTT.LOVELADY@ONEGAS.COM ,,36.8791,-94.888,yes,1,1,,NO NEW GAS SERVICE / GMI CLEAR,,One Gas,"___json[{""pathname"":""/Collected Media/map_2662324/layer_6728851/mdc_photo_mdc_411723_cdv_photo_006_1757539208262.jpg"",""rid"":40106438,""lid"":""6728851"",""fid"":""1271"",""field"":""photo_map"",""title"":""mdc_photo_mdc_411723_cdv_photo_006_1757539208262.jpg"",""ext"":""jpg"",""panorama"":false,""isDir"":false}]",Yes,0406,COMPLETE,,,,,,,,GMI IS CLEAR,,,2025/09/29,,,Katy Thompson,,,Pass,,,A,B,C,D,,,,,,1,,,Lateral Inspection,"___json[{""pathname"":""/Collected Media/map_2662324/layer_6728851/mdc_photo_mdc_546035_cdv_photo_004_1757538817442.jpg"",""rid"":40106413,""lid"":""6728851"",""fid"":""1271"",""field"":""site_photos"",""title"":""mdc_photo_mdc_546035_cdv_photo_004_1757538817442.jpg"",""ext"":""jpg"",""panorama"":false,""isDir"":false}]",MH 910 3RD AVE NW ,OK,2025/09/10,,,,16:09,,2,James Atwood,,,2025/09/10,,,2400 LETS,,,Lateral Launch,https://pioneer.sewerai.com/dashboard/review/6b0d65df-0efc-4580-bbfa-19d364363d86?t=0&limit=30&offset=0&project=25PV0406+ONE+GAS+&city=MIAMI&inspection_datetime__gte=2025-09-10T00%3A00%3A00-05%3A00&inspection_datetime__lte=2025-09-10T23%3A59%3A59-05%3A00,,
COMPLETE,2025-06-04,,10008,,W 93RD ST,OVERLAND PARK ,,,,,,2025/06/04,1800,SOUTHDALE/95 AND NEIMAN ,,,N/A,Tiffanie Gibson,0,80,0,,,TAP,GMI,END,,,,,West,119.6,2.5,55.3,,,119.6,,,,10100 W 93RD ST,,2025/06/04,LETS,2025/06/04,LETS,,Post,SCOTT.LOVELADY@ONEGAS.COM ,,38.9597,-94.7021,yes,1,1,,VIDEO 1 IS CAI AND CREW LEAD,,One Gas,,Yes,0403,COMPLETE,,,,,,,,GMI IS CLEAR,,,2025/09/10,,,Katy Thompson,,,Pass,,,A,B,C,,,,,,,1,,,Lateral Inspection,"___json[{""pathname"":""/Collected Media/map_2662324/layer_6728851/mdc_photo_mdc_929dc5_cdv_photo_001_1749055756300.jpg"",""rid"":38780077,""lid"":""6728851"",""fid"":""833"",""field"":""site_photos"",""title"":""mdc_photo_mdc_929dc5_cdv_photo_001_1749055756300.jpg"",""ext"":""jpg"",""panorama"":false,""isDir"":false}]",MH 10002 W 93RD ST ,KS,2025/06/04,,,West,11:45,,2,N/A,,,2025/06/04,,,1800 LETS,,,Lateral Launch,https://pioneer.sewerai.com/dashboard/review/34d54e1f-9030-4a57-8b87-8a3d5d9cedcb?t=1.233863&limit=30&offset=60&status=uploaded&client_reviewed=false&issues=false&ordering=-Inspection_Date&project=25PV0406+ONE+GAS+,,
COMPLETE NO BILL,2025-08-07,,112,,Manor Pl,El Paso,,,,,,2025/08/07,---------------------,Manor Pl El paso,,,---------------------,---------------------,0,0.48,,,,End,GMI,,,,,No,,50,25,,,,,,,,,,2025/08/07,LETS,2025/08/07,LETS,,Post,Scott.lovelady@Onegas.com ,,31.7444,-106.387,yes,1,1,,"08/06/2025 Truck5100 
Lead - Christian E. Tech - Derek K. 
Property is complete and clear
End @ 50
GMI @ 25 @ 0.48",,One Gas,"___json[{""pathname"":""/Collected Media/map_2662324/layer_6728851/mdc_photo_mdc_1f433a_cdv_photo_002_1754617842582.jpg"",""rid"":39650851,""lid"":""6728851"",""fid"":""1114"",""field"":""photo_map"",""title"":""mdc_photo_mdc_1f433a_cdv_photo_002_1754617842582.jpg"",""ext"":""jpg"",""panorama"":false,""isDir"":false}]",Yes,0723,COMPLETE NO BILL,,,,,,,,,,,2025/09/11,,,Katy Thompson,,,Pass,,,A,B,,,,,,,,1,,,Lateral Inspection,"___json[{""pathname"":""/Collected Media/map_2662324/layer_6728851/mdc_photo_mdc_dcf0d0_cdv_photo_000_1754617842582.jpg"",""rid"":39650849,""lid"":""6728851"",""fid"":""1114"",""field"":""site_photos"",""title"":""mdc_photo_mdc_dcf0d0_cdv_photo_000_1754617842582.jpg"",""ext"":""jpg"",""panorama"":false,""isDir"":false},{""pathname"":""/Collected Media/map_2662324/layer_6728851/mdc_photo_mdc_e6eb3e_cdv_photo_001_1754617842582.jpg"",""rid"":39650850,""lid"":""6728851"",""fid"":""1114"",""field"":""site_photos"",""title"":""mdc_photo_mdc_e6eb3e_cdv_photo_001_1754617842582.jpg"",""ext"":""jpg"",""panorama"":false,""isDir"":false}]",,TX,2025/08/07,,,,17:56,,2,---------------------,,,2025/08/07,,,-----------------,,,Lateral Launch,https://pioneer.sewerai.com/dashboard/review/b3f782c1-77b2-4ced-9172-16e1050b8074?t=2.845115&limit=30&offset=0&status=uploaded&issues=false&project=25PV0406+ONE+GAS+&ordering=Inspection_Date&client_reviewed=false,,
COMPLETE,2025-09-11,,1119,,2ND AVE NW,MIAMI,,,,,,2025/09/11,1700,K ST NW / 3 AVE NW ,,,Edgar Atwood,,0,44,0,,,TAP,GMI,END/CAP,,,,,South,68.6,9.9,40.1,,,68.6,,,,,,2025/09/11,LETS,2025/09/11,LETS,,Post,SCOTT.LOVELADY@ONEGAS.COM ,,36.8777,-94.8902,yes,1,1,,"TECH: TINAI MITCHELL
PUSHED TO CAPPED LINE, LINE IS CLEAR, ABANDONED LOT",,One Gas,"___json[{""pathname"":""/Collected Media/map_2662324/layer_6728851/mdc_photo_mdc_333b20_cdv_photo_004_1757622085014.jpg"",""rid"":40120156,""lid"":""6728851"",""fid"":""1308"",""field"":""photo_map"",""title"":""mdc_photo_mdc_333b20_cdv_photo_004_1757622085014.jpg"",""ext"":""jpg"",""panorama"":false,""isDir"":false}]",Yes,0406,COMPLETE,,,,,,,,PASS-CAM,,,2025/09/17,,,Charlton Moren,,,Pass,,,,,,,,,,,,1,,,Lateral Inspection,"___json[{""pathname"":""/Collected Media/map_2662324/layer_6728851/mdc_photo_mdc_3c8641_cdv_photo_003_1757621890955.jpg"",""rid"":40120148,""lid"":""6728851"",""fid"":""1308"",""field"":""site_photos"",""title"":""mdc_photo_mdc_3c8641_cdv_photo_003_1757621890955.jpg"",""ext"":""jpg"",""panorama"":false,""isDir"":false}]",MH 203 K ST NW,OK,2025/09/11,,,,15:13,,2,Edgar Atwood,,,2025/09/11,,,1700 LETS,,,Lateral Launch,https://pioneer.sewerai.com/dashboard/review/79e2b111-98be-4500-bfa8-e0c045d10770?t=1&limit=30&offset=0&status=uploaded&client_reviewed=false&issues=false&ordering=-Inspection_Date&project=25PV0406+ONE+GAS+,,
COMPLETE,2025-09-10,,301,,K ST NW,MIAMI ,,,,,,2025/09/10,2400,K ST NW/3 AVE NW ,,,James Atwood,Michael Parrish,0,0,,,,TAP,END,,,,,,North,31.2,61.1,,,,31.2,,,,,NO GAS / CLEAR,2025/09/10,LETS,2025/09/10,LETS,,Post,SCOTT.LOVELADY@ONEGAS.COM ,,36.8791,-94.8902,yes,1,1,,,,One Gas,"___json[{""pathname"":""/Collected Media/map_2662324/layer_6728851/mdc_photo_mdc_b16873_cdv_photo_001_1757516135293.jpg"",""rid"":40102415,""lid"":""6728851"",""fid"":""1234"",""field"":""photo_map"",""title"":""mdc_photo_mdc_b16873_cdv_photo_001_1757516135293.jpg"",""ext"":""jpg"",""panorama"":false,""isDir"":false}]",Yes,0406,COMPLETE,,,,,,,,VIDEO IS BLURRY BUT THERE ARE NO GAS CROSSINGS. THIS LINE IS CLEAR. NO CONFLICTS,,,2025/09/29,,,Katy Thompson,,,Pass,,,A,B,,,,,,,,1,,,Lateral Inspection,,MH 1118 3RD AVE NW  ,OK,2025/09/10,,,,09:45,,2,James Atwood,,,2025/09/10,,,2400 LETS,,,Lateral Launch,https://pioneer.sewerai.com/dashboard/review/ea6bae9f-bb41-437f-93bb-d39230dc6ecc?t=9.962661&limit=30&offset=0&city=MIAMI&inspection_datetime__gte=2025-09-10T00%3A00%3A00-05%3A00&inspection_datetime__lte=2025-09-11T23%3A59%3A59-05%3A00,,
COMPLETE,2025-09-10,,316,,J ST NW ,MIAMI ,,,,,,2025/09/10,2400,K ST NW/3 AVE NW ,,,James Atwood,Michael Parrish,0,0,,,,TAP,END,,,,,,North,294.6,8.4,,,,294.6,,,,,,2025/09/10,LETS,2025/09/10,LETS,,Post,SCOTT.LOVELADY@ONEGAS.COM ,,36.8791,-94.888,yes,1,1,,NO GAS / OFFSET / CLEAR,,One Gas,"___json[{""pathname"":""/Collected Media/map_2662324/layer_6728851/mdc_photo_mdc_1aa74f_cdv_photo_009_1757540750298.jpg"",""rid"":40106754,""lid"":""6728851"",""fid"":""1270"",""field"":""photo_map"",""title"":""mdc_photo_mdc_1aa74f_cdv_photo_009_1757540750298.jpg"",""ext"":""jpg"",""panorama"":false,""isDir"":false}]",Yes,0406,COMPLETE,,,,Katy Thompson,Pass,,,PASS-CAM,,,2025/09/18,,,Charlton Moren,,,Pass,,,A,B,,,,,,,,1,,,Lateral Inspection,,MH 910 3RD AVE NW ,OK,2025/09/10,,,,,,2,James Atwood,,,2025/09/10,,,2400 LETS,,,Lateral Launch,https://pioneer.sewerai.com/dashboard/review/dc36ff88-a113-46e1-9681-e82e20d2a992?t=0&limit=30&offset=0&status=uploaded&client_reviewed=false&issues=false&ordering=-Inspection_Date&project=25PV0406+ONE+GAS+&inspection_datetime__lte=2025-09-10T23%3A59%3A59-05%3A00,,
COMPLETE,2025-09-10,,305,,L ST NW,MIAMI,,,,,,2025/09/10,1700,K ST NW / 3 AVE NW ,,,Carter Pacheco,,0,52,0,,,TAP,GMI,END/DEFORMED PIPE,,,,,North,133.2,14.3,34.4,,,133.2,,,,,,2025/09/10,LETS,2025/09/10,LETS,,Post,SCOTT.LOVELADY@ONEGAS.COM ,,36.8791,-94.8915,yes,1,1,,"TECH: TINAI MITCHELL
PUSHED TO DEFORMED PIPE, GMI CLEARED, NO NEW SERVICES RECEIVED",,One Gas,"___json[{""pathname"":""/Collected Media/map_2662324/layer_6728851/mdc_photo_mdc_504b15_cdv_photo_005_1757526295184.jpg"",""rid"":40104660,""lid"":""6728851"",""fid"":""1248"",""field"":""photo_map"",""title"":""mdc_photo_mdc_504b15_cdv_photo_005_1757526295184.jpg"",""ext"":""jpg"",""panorama"":false,""isDir"":false}]",Yes,0406,COMPLETE,,,,,,,,"GMI IS CLEAR, THIS LINE HAS NO OTHER CROSSINGS AND SHOULD BE CLEAR.",,,2025/09/29,,,Katy Thompson,,,Pass,,,,,,,,,,,,1,,,Lateral Inspection,,MH 307 L ST NW,OK,2025/09/10,,,,12:23,,2,Carter Pacheco,,,2025/09/10,,,1700 LETS,,,Lateral Launch,https://pioneer.sewerai.com/dashboard/review/4a1e67dd-a8c1-42bc-8fe9-a175a9120956?t=5.839392&limit=30&offset=30&city=MIAMI&inspection_datetime__gte=2025-09-10T00%3A00%3A00-05%3A00&inspection_datetime__lte=2025-09-11T23%3A59%3A59-05%3A00,,
COMPLETE,2025-06-04,,STMH 10001 W 93RD ST ,,93RD ST,OVERLAND PARK ,,,,,,2025/06/04,,SOUTHDALE/95 AND NEIMAN ,,,Edgar Atwood,Carter Pacheco,0,0,,,,STMH 10001 W 93RD ST ,STMH 9300 STURGEON ST,,,,,No,,0,718.3,,,,,,,,STMH 9300 STURGEON ST,,2025/06/04,ML,2025/06/04,ML,,Post,SCOTT.LOVELADY@ONEGAS.COM ,,38.9598,-94.7013,yes,1,1,,UPDATED BY TEAM #1059 ML,,One Gas,"___json[{""pathname"":""/Collected Media/map_2662324/layer_6728851/mdc_photo_mdc_66616a_cdv_photo_001_1749057552524.jpg"",""rid"":38780573,""lid"":""6728851"",""fid"":""834"",""field"":""photo_map"",""title"":""mdc_photo_mdc_66616a_cdv_photo_001_1749057552524.jpg"",""ext"":""jpg"",""panorama"":false,""isDir"":false}]",Yes,0403,COMPLETE,,,,,,,,,,,2025/09/10,,,Katy Thompson,,,Pass,,,A,B,,,,,,,,,,718.3,Main Inspection,,STMH 10001 W 93RD ST ,KS,2025/06/04,,718.3,West,12:10,STMH 9300 STURGEON ST,3,Edgar Atwood,,,2025/06/04,,,1059 ML,,,CCTV,https://pioneer.sewerai.com/dashboard/review/d0af7fd8-c9c7-4fc4-b2f4-1d6cf17514f9?t=2.149706&limit=30&offset=0&status=uploaded&client_reviewed=false&issues=false&project=25PV0406+ONE+GAS+&ordering=Inspection_Date,,
COMPLETE NO BILL,2025-08-07,,101MH ML N,,MH ML N,El Paso,,,,,,2025/08/07,---------------------,Manour Pl El Paso,,,---------------------,---------------------,0,,,,,End,,,,,,No,,1130,,,,,,,,,,,2025/08/07,ML,2025/08/07,ML,,Post,Scott.lovelady@Onegas.com ,,31.7443,-106.387,yes,1,1,,"08/07/2025 Truck5100
Lead - Christian E. Tech - Derek K.

End @ 1130 
3T @ 1055 
9T @ 1053
3T @ 977
9T @ 975
9T @ 900
3T @ 899
3T @ 826
9T @ 824
3T @ 754
9T @ 753
700 MH
9T @ 679
9T @ 619
3T @ 605
3T @ 538
9T @ 538
9T @ 468
3T @ 466
9T @ 393
3T @ 391
3T @ 316
9T @ 314
294 MH
9T @ 240
3T @ 238
3T @ 160
9T @ 158
9T @ 83
3T @ 81
9T @ 3
3T @ 1.5",,One Gas,"___json[{""pathname"":""/Collected Media/map_2662324/layer_6728851/mdc_photo_mdc_6b7750_cdv_photo_030_1754617839091.jpg"",""rid"":39650882,""lid"":""6728851"",""fid"":""1113"",""field"":""photo_map"",""title"":""mdc_photo_mdc_6b7750_cdv_photo_030_1754617839091.jpg"",""ext"":""jpg"",""panorama"":false,""isDir"":false}]",Yes,0723,COMPLETE NO BILL,,,,,,,,PASS-JAB,,,2025/08/27,,,Jay Brown,,,Pass,,,A,,,,,,,,1130,,,1130,Main Inspection,"___json[{""pathname"":""/Collected Media/map_2662324/layer_6728851/mdc_photo_mdc_131bac_cdv_photo_000_1754617839091.jpg"",""rid"":39650852,""lid"":""6728851"",""fid"":""1113"",""field"":""site_photos"",""title"":""mdc_photo_mdc_131bac_cdv_photo_000_1754617839091.jpg"",""ext"":""jpg"",""panorama"":false,""isDir"":false},{""pathname"":""/Collected Media/map_2662324/layer_6728851/mdc_photo_mdc_9d0298_cdv_photo_001_1754617839091.jpg"",""rid"":39650853,""lid"":""6728851"",""fid"":""1113"",""field"":""site_photos"",""title"":""mdc_photo_mdc_9d0298_cdv_photo_001_1754617839091.jpg"",""ext"":""jpg"",""panorama"":false,""isDir"":false},{""pathname"":""/Collected Media/map_2662324/layer_6728851/mdc_photo_mdc_c68b24_cdv_photo_002_1754617839091.jpg"",""rid"":39650854,""lid"":""6728851"",""fid"":""1113"",""field"":""site_photos"",""title"":""mdc_photo_mdc_c68b24_cdv_photo_002_1754617839091.jpg"",""ext"":""jpg"",""panorama"":false,""isDir"":false},{""pathname"":""/Collected Media/map_2662324/layer_6728851/mdc_photo_mdc_ecbd80_cdv_photo_003_1754617839091.jpg"",""rid"":39650855,""lid"":""6728851"",""fid"":""1113"",""field"":""site_photos"",""title"":""mdc_photo_mdc_ecbd80_cdv_photo_003_1754617839091.jpg"",""ext"":""jpg"",""panorama"":false,""isDir"":false},{""pathname"":""/Collected Media/map_2662324/layer_6728851/mdc_photo_mdc_57744a_cdv_photo_004_1754617839091.jpg"",""rid"":39650856,""lid"":""6728851"",""fid"":""1113"",""field"":""site_photos"",""title"":""mdc_photo_mdc_57744a_cdv_photo_004_1754617839091.jpg"",""ext"":""jpg"",""panorama"":false,""isDir"":false},{""pathname"":""/Collected Media/map_2662324/layer_6728851/mdc_photo_mdc_cc8656_cdv_photo_006_1754617839091.jpg"",""rid"":39650857,""lid"":""6728851"",""fid"":""1113"",""field"":""site_photos"",""title"":""mdc_photo_mdc_cc8656_cdv_photo_006_1754617839091.jpg"",""ext"":""jpg"",""panorama"":false,""isDir"":false},{""pathname"":""/Collected Media/map_2662324/layer_6728851/mdc_photo_mdc_faf659_cdv_photo_007_1754617839091.jpg"",""rid"":39650858,""lid"":""6728851"",""fid"":""1113"",""field"":""site_photos"",""title"":""mdc_photo_mdc_faf659_cdv_photo_007_1754617839091.jpg"",""ext"":""jpg"",""panorama"":false,""isDir"":false},{""pathname"":""/Collected Media/map_2662324/layer_6728851/mdc_photo_mdc_692736_cdv_photo_005_1754617839091.jpg"",""rid"":39650859,""lid"":""6728851"",""fid"":""1113"",""field"":""site_photos"",""title"":""mdc_photo_mdc_692736_cdv_photo_005_1754617839091.jpg"",""ext"":""jpg"",""panorama"":false,""isDir"":false},{""pathname"":""/Collected Media/map_2662324/layer_6728851/mdc_photo_mdc_18d782_cdv_photo_008_1754617839091.jpg"",""rid"":39650860,""lid"":""6728851"",""fid"":""1113"",""field"":""site_photos"",""title"":""mdc_photo_mdc_18d782_cdv_photo_008_1754617839091.jpg"",""ext"":""jpg"",""panorama"":false,""isDir"":false},{""pathname"":""/Collected Media/map_2662324/layer_6728851/mdc_photo_mdc_1648d5_cdv_photo_009_1754617839091.jpg"",""rid"":39650861,""lid"":""6728851"",""fid"":""1113"",""field"":""site_photos"",""title"":""mdc_photo_mdc_1648d5_cdv_photo_009_1754617839091.jpg"",""ext"":""jpg"",""panorama"":false,""isDir"":false},{""pathname"":""/Collected Media/map_2662324/layer_6728851/mdc_photo_mdc_50c5da_cdv_photo_010_1754617839091.jpg"",""rid"":39650862,""lid"":""6728851"",""fid"":""1113"",""field"":""site_photos"",""title"":""mdc_photo_mdc_50c5da_cdv_photo_010_1754617839091.jpg"",""ext"":""jpg"",""panorama"":false,""isDir"":false},{""pathname"":""/Collected Media/map_2662324/layer_6728851/mdc_photo_mdc_e89e3c_cdv_photo_011_1754617839091.jpg"",""rid"":39650863,""lid"":""6728851"",""fid"":""1113"",""field"":""site_photos"",""title"":""mdc_photo_mdc_e89e3c_cdv_photo_011_1754617839091.jpg"",""ext"":""jpg"",""panorama"":false,""isDir"":false},{""pathname"":""/Collected Media/map_2662324/layer_6728851/mdc_photo_mdc_3dfe8a_cdv_photo_012_1754617839091.jpg"",""rid"":39650864,""lid"":""6728851"",""fid"":""1113"",""field"":""site_photos"",""title"":""mdc_photo_mdc_3dfe8a_cdv_photo_012_1754617839091.jpg"",""ext"":""jpg"",""panorama"":false,""isDir"":false},{""pathname"":""/Collected Media/map_2662324/layer_6728851/mdc_photo_mdc_b673c2_cdv_photo_013_1754617839091.jpg"",""rid"":39650865,""lid"":""6728851"",""fid"":""1113"",""field"":""site_photos"",""title"":""mdc_photo_mdc_b673c2_cdv_photo_013_1754617839091.jpg"",""ext"":""jpg"",""panorama"":false,""isDir"":false},{""pathname"":""/Collected Media/map_2662324/layer_6728851/mdc_photo_mdc_e049a5_cdv_photo_014_1754617839091.jpg"",""rid"":39650866,""lid"":""6728851"",""fid"":""1113"",""field"":""site_photos"",""title"":""mdc_photo_mdc_e049a5_cdv_photo_014_1754617839091.jpg"",""ext"":""jpg"",""panorama"":false,""isDir"":false},{""pathname"":""/Collected Media/map_2662324/layer_6728851/mdc_photo_mdc_0a5a8b_cdv_photo_015_1754617839091.jpg"",""rid"":39650867,""lid"":""6728851"",""fid"":""1113"",""field"":""site_photos"",""title"":""mdc_photo_mdc_0a5a8b_cdv_photo_015_1754617839091.jpg"",""ext"":""jpg"",""panorama"":false,""isDir"":false},{""pathname"":""/Collected Media/map_2662324/layer_6728851/mdc_photo_mdc_9159c2_cdv_photo_016_1754617839091.jpg"",""rid"":39650868,""lid"":""6728851"",""fid"":""1113"",""field"":""site_photos"",""title"":""mdc_photo_mdc_9159c2_cdv_photo_016_1754617839091.jpg"",""ext"":""jpg"",""panorama"":false,""isDir"":false},{""pathname"":""/Collected Media/map_2662324/layer_6728851/mdc_photo_mdc_8de44b_cdv_photo_017_1754617839091.jpg"",""rid"":39650869,""lid"":""6728851"",""fid"":""1113"",""field"":""site_photos"",""title"":""mdc_photo_mdc_8de44b_cdv_photo_017_1754617839091.jpg"",""ext"":""jpg"",""panorama"":false,""isDir"":false},{""pathname"":""/Collected Media/map_2662324/layer_6728851/mdc_photo_mdc_b1061e_cdv_photo_018_1754617839091.jpg"",""rid"":39650870,""lid"":""6728851"",""fid"":""1113"",""field"":""site_photos"",""title"":""mdc_photo_mdc_b1061e_cdv_photo_018_1754617839091.jpg"",""ext"":""jpg"",""panorama"":false,""isDir"":false},{""pathname"":""/Collected Media/map_2662324/layer_6728851/mdc_photo_mdc_0bbe73_cdv_photo_019_1754617839091.jpg"",""rid"":39650871,""lid"":""6728851"",""fid"":""1113"",""field"":""site_photos"",""title"":""mdc_photo_mdc_0bbe73_cdv_photo_019_1754617839091.jpg"",""ext"":""jpg"",""panorama"":false,""isDir"":false},{""pathname"":""/Collected Media/map_2662324/layer_6728851/mdc_photo_mdc_1d9eb2_cdv_photo_020_1754617839091.jpg"",""rid"":39650872,""lid"":""6728851"",""fid"":""1113"",""field"":""site_photos"",""title"":""mdc_photo_mdc_1d9eb2_cdv_photo_020_1754617839091.jpg"",""ext"":""jpg"",""panorama"":false,""isDir"":false},{""pathname"":""/Collected Media/map_2662324/layer_6728851/mdc_photo_mdc_143282_cdv_photo_021_1754617839091.jpg"",""rid"":39650873,""lid"":""6728851"",""fid"":""1113"",""field"":""site_photos"",""title"":""mdc_photo_mdc_143282_cdv_photo_021_1754617839091.jpg"",""ext"":""jpg"",""panorama"":false,""isDir"":false},{""pathname"":""/Collected Media/map_2662324/layer_6728851/mdc_photo_mdc_f9beb7_cdv_photo_022_1754617839091.jpg"",""rid"":39650874,""lid"":""6728851"",""fid"":""1113"",""field"":""site_photos"",""title"":""mdc_photo_mdc_f9beb7_cdv_photo_022_1754617839091.jpg"",""ext"":""jpg"",""panorama"":false,""isDir"":false},{""pathname"":""/Collected Media/map_2662324/layer_6728851/mdc_photo_mdc_b65a34_cdv_photo_023_1754617839091.jpg"",""rid"":39650875,""lid"":""6728851"",""fid"":""1113"",""field"":""site_photos"",""title"":""mdc_photo_mdc_b65a34_cdv_photo_023_1754617839091.jpg"",""ext"":""jpg"",""panorama"":false,""isDir"":false},{""pathname"":""/Collected Media/map_2662324/layer_6728851/mdc_photo_mdc_317ecf_cdv_photo_024_1754617839091.jpg"",""rid"":39650876,""lid"":""6728851"",""fid"":""1113"",""field"":""site_photos"",""title"":""mdc_photo_mdc_317ecf_cdv_photo_024_1754617839091.jpg"",""ext"":""jpg"",""panorama"":false,""isDir"":false},{""pathname"":""/Collected Media/map_2662324/layer_6728851/mdc_photo_mdc_c0e48e_cdv_photo_025_1754617839091.jpg"",""rid"":39650877,""lid"":""6728851"",""fid"":""1113"",""field"":""site_photos"",""title"":""mdc_photo_mdc_c0e48e_cdv_photo_025_1754617839091.jpg"",""ext"":""jpg"",""panorama"":false,""isDir"":false},{""pathname"":""/Collected Media/map_2662324/layer_6728851/mdc_photo_mdc_a98d44_cdv_photo_026_1754617839091.jpg"",""rid"":39650878,""lid"":""6728851"",""fid"":""1113"",""field"":""site_photos"",""title"":""mdc_photo_mdc_a98d44_cdv_photo_026_1754617839091.jpg"",""ext"":""jpg"",""panorama"":false,""isDir"":false},{""pathname"":""/Collected Media/map_2662324/layer_6728851/mdc_photo_mdc_a26cf5_cdv_photo_027_1754617839091.jpg"",""rid"":39650879,""lid"":""6728851"",""fid"":""1113"",""field"":""site_photos"",""title"":""mdc_photo_mdc_a26cf5_cdv_photo_027_1754617839091.jpg"",""ext"":""jpg"",""panorama"":false,""isDir"":false},{""pathname"":""/Collected Media/map_2662324/layer_6728851/mdc_photo_mdc_487fe5_cdv_photo_028_1754617839091.jpg"",""rid"":39650880,""lid"":""6728851"",""fid"":""1113"",""field"":""site_photos"",""title"":""mdc_photo_mdc_487fe5_cdv_photo_028_1754617839091.jpg"",""ext"":""jpg"",""panorama"":false,""isDir"":false},{""pathname"":""/Collected Media/map_2662324/layer_6728851/mdc_photo_mdc_6053cd_cdv_photo_029_1754617839091.jpg"",""rid"":39650881,""lid"":""6728851"",""fid"":""1113"",""field"":""site_photos"",""title"":""mdc_photo_mdc_6053cd_cdv_photo_029_1754617839091.jpg"",""ext"":""jpg"",""panorama"":false,""isDir"":false}]",,TX,2025/08/07,,,,17:32,,2,---------------------,,,2025/08/07,,,-----------------,,,Lateral Launch,https://pioneer.sewerai.com/dashboard/review/932f4190-1c78-4c4b-afdd-66732cd6cbb0?limit=30&offset=0&project=25PV0406+ONE+GAS+&city=el+paso,,
COMPLETE,2025-06-04,,10012,,W 93RD ST,OVERLAND PARK ,,,,,,2025/06/04,1800,SOUTHDALE/95 AND NEIMAN ,,,N/A,Tiffanie Gibson,0,0,,,,TAP,END,,,,,,West,181.3,48.7,,,,181.3,,,,10100 W 93RD ST,,2025/06/04,LETS,,,,Post,SCOTT.LOVELADY@ONEGAS.COM ,,38.9598,-94.7016,yes,1,1,,VIDEO 1 IS CAI AND CREW LEAD,,One Gas,,Yes,0403,COMPLETE,,,,,,,,,,,2025/09/10,,,Katy Thompson,,,Pass,,,A,B,,,,,,,,1,,,Lateral Inspection,,MH 10002 W 93RD ST ,KS,2025/06/04,,,West,12:13,,2,N/A,,,2025/06/04,,,1800 LETS,,,Lateral Launch,https://pioneer.sewerai.com/dashboard/review/2fc26cea-2881-426d-b98a-8816ed47a9f7?t=2.490318&limit=30&offset=0&status=uploaded&client_reviewed=false&issues=false&project=25PV0406+ONE+GAS+&ordering=Inspection_Date,,
COMPLETE,2025-06-04,,10100,,W 93RD ST,OVERLAND PARK ,,,,,,2025/06/04,1800,SOUTHDALE/95 AND NEIMAN ,,,N/A,Tiffanie Gibson,0,0,,,,TAP,END,,,,,,West,321.6,33.6,,,,321.6,,,,10100 W 93RD ST,,2025/06/04,LETS,,,,Post,SCOTT.LOVELADY@ONEGAS.COM ,,38.9598,-94.7017,yes,1,1,,VIDEO 1 IS CAI AND CREW LEAD,,One Gas,,Yes,0403,COMPLETE,,,,,,,,"POOR VISUAL 4.5'-END, SOMEWHAT CLEAR ON PULLBACK.  RAN TO FOUNDATION, LINE CLEAR OF GAS, GMI IS OVER MAIN",,,2025/09/10,,,Katy Thompson,,,Pass,,,A,B,,,,,,,,1,,,Lateral Inspection,,MH 10002 W 93RD ST ,KS,2025/06/04,,,West,13:21,,2,N/A,,,2025/06/04,,,1800 LETS,,,Lateral Launch,https://pioneer.sewerai.com/dashboard/review/5c108c29-f4f9-4a11-8b60-a8afdf4dd1b1?t=5.632677&limit=30&offset=0&status=uploaded&client_reviewed=false&issues=false&project=25PV0406+ONE+GAS+&ordering=Inspection_Date,,
COMPLETE,2025-09-11,,127,,K ST NW,MIAMI,,,,,,2025/09/11,1700,K ST NW / 3 AVE NW ,,,Edgar Atwood,,0,0,0,,,TAP,12T,END,,,,,South,94.8,18.9,25.4,,,94.8,,,,,,2025/09/11,LETS,2025/09/11,LETS,,Post,SCOTT.LOVELADY@ONEGAS.COM ,,36.8777,-94.8903,yes,1,1,,"TECH: PUSHED TO FOUNDATION, LINE IS CLEAR WITH NO CROSSINGS, NO NEW GAS SERVICE RECEIVED ",,One Gas,"___json[{""pathname"":""/Collected Media/map_2662324/layer_6728851/mdc_photo_mdc_886155_cdv_photo_005_1757623106129.jpg"",""rid"":40120195,""lid"":""6728851"",""fid"":""1309"",""field"":""photo_map"",""title"":""mdc_photo_mdc_886155_cdv_photo_005_1757623106129.jpg"",""ext"":""jpg"",""panorama"":false,""isDir"":false}]",Yes,0406,COMPLETE,,,,,,,,,,,2025/11/18,,,Katy Thompson,,,Pass,,,,,,,,,,,,1,,,Lateral Inspection,,MH 203 K ST NW,OK,2025/09/11,,,,15:33,,2,Edgar Atwood,,,2025/09/11,,,1700 LETS,,,Lateral Launch,https://pioneer.sewerai.com/dashboard/review/a12c83eb-afe6-474c-99c3-c07da08e3ad4?t=1&limit=30&offset=0&status=uploaded&client_reviewed=false&issues=false&ordering=-Inspection_Date&project=25PV0406+ONE+GAS+,,
COMPLETE,2025-09-10,,MH 307 L ST NW,,,MIAMI,,,,,,2025/09/10,1700,K ST NW / 3 AVE NW ,,,Carter Pacheco,,0,67,75,0,,START,GMI,GMI,END,,,,,0,2.1,307,312.3,,,,,,,,2025/09/10,ML,2025/09/10,ML,,Post,SCOTT.LOVELADY@ONEGAS.COM ,,36.8792,-94.8913,yes,1,1,,TECH: TINAI MITCHELL,,One Gas,"___json[{""pathname"":""/Collected Media/map_2662324/layer_6728851/mdc_photo_mdc_cced89_cdv_photo_000_1757541381626.jpg"",""rid"":40106923,""lid"":""6728851"",""fid"":""1274"",""field"":""photo_map"",""title"":""mdc_photo_mdc_cced89_cdv_photo_000_1757541381626.jpg"",""ext"":""jpg"",""panorama"":false,""isDir"":false}]",N/A,0406,COMPLETE,,,,,,,,,,,,,,,,,,,,,,,,,,,,312.3,,,312.3,Main Inspection,"___json[{""pathname"":""/Collected Media/map_2662324/layer_6728851/mdc_photo_mdc_4c345e_cdv_photo_010_1757541285892.jpg"",""rid"":40106921,""lid"":""6728851"",""fid"":""1274"",""field"":""site_photos"",""title"":""mdc_photo_mdc_4c345e_cdv_photo_010_1757541285892.jpg"",""ext"":""jpg"",""panorama"":false,""isDir"":false},{""pathname"":""/Collected Media/map_2662324/layer_6728851/mdc_photo_mdc_f6c3ee_cdv_photo_011_1757541285892.jpg"",""rid"":40106922,""lid"":""6728851"",""fid"":""1274"",""field"":""site_photos"",""title"":""mdc_photo_mdc_f6c3ee_cdv_photo_011_1757541285892.jpg"",""ext"":""jpg"",""panorama"":false,""isDir"":false}]",MH 307 L ST NW,OK,2025/09/10,,,,16:48,MH 1118 3RD AVE NW,2,Carter Pacheco,,,2025/09/10,,,1700 LETS,,,CCTV,,,
COMPLETE NO BILL,2025-08-07,,116,,Manor pl,El paso,,,,,,2025/08/07,---------------------,Manor Pl El paso,,,---------------------,---------------------,0,0.41,,,,End,GMI,,,,,No,,52,27,,,,,,,,,,2025/08/07,LETS,2025/08/07,LETS,,Post,Scott.lovelady@Onegas.com ,,31.7381,-106.254,yes,1,1,,"08/07/2025 Truck5100 
Lead - Christian E. Tech - Derek K. 
End @ 52 GMI @ 27 @ 0.41",,One Gas,"___json[{""pathname"":""/Collected Media/map_2662324/layer_6728851/mdc_photo_mdc_202686_cdv_photo_009_1754619485049.jpg"",""rid"":39650988,""lid"":""6728851"",""fid"":""1122"",""field"":""photo_map"",""title"":""mdc_photo_mdc_202686_cdv_photo_009_1754619485049.jpg"",""ext"":""jpg"",""panorama"":false,""isDir"":false}]",Yes,0723,COMPLETE NO BILL,,,,,,,,"PASS-JAB, THERE IS A BREAK IN THE BEGINING OF THE VIDEO, THIS IS NOT GAS ",,,2025/08/27,,,Jay Brown,,,Pass,,,A,B,,,,,,,,1,,,Lateral Inspection,"___json[{""pathname"":""/Collected Media/map_2662324/layer_6728851/mdc_photo_mdc_ca07fc_cdv_photo_008_1754619485049.jpg"",""rid"":39650987,""lid"":""6728851"",""fid"":""1122"",""field"":""site_photos"",""title"":""mdc_photo_mdc_ca07fc_cdv_photo_008_1754619485049.jpg"",""ext"":""jpg"",""panorama"":false,""isDir"":false}]",,TX,2025/08/07,,,,20:15,,2,---------------------,,,2025/08/07,,,-----------------,,,Lateral Launch,https://pioneer.sewerai.com/dashboard/review/167cd857-8eb1-46fd-8355-764522be0ff9?limit=30&offset=0&project=25PV0406+ONE+GAS+&city=el+paso&client_reviewed=false,,
COMPLETE NO BILL,2025-08-07,,117,,Manor Pl ,El paso,,,,,,2025/08/07,---------------------,Manor Pl elpaso,,,---------------------,---------------------,0,,,,,End,,,,,,No,,48,,,,,,,,,,,2025/08/07,LETS,2025/08/07,LETS,,Post,Scott.lovelady@Onegas.com ,,31.7381,-106.254,yes,1,1,,"Truck5100 
Lead - Christian E. Tech - Derek K. 
Line runs away from bas no conflict at all.
",,One Gas,"___json[{""pathname"":""/Collected Media/map_2662324/layer_6728851/mdc_photo_mdc_4899bd_cdv_photo_011_1754619677305.jpg"",""rid"":39651002,""lid"":""6728851"",""fid"":""1123"",""field"":""photo_map"",""title"":""mdc_photo_mdc_4899bd_cdv_photo_011_1754619677305.jpg"",""ext"":""jpg"",""panorama"":false,""isDir"":false}]",Yes,0723,COMPLETE NO BILL,,,,,,,,PASS-JAB,,,2025/08/27,,,Jay Brown,,,Pass,,,A,,,,,,,,,1,,,Lateral Inspection,"___json[{""pathname"":""/Collected Media/map_2662324/layer_6728851/mdc_photo_mdc_3b3fd3_cdv_photo_010_1754619677304.jpg"",""rid"":39651001,""lid"":""6728851"",""fid"":""1123"",""field"":""site_photos"",""title"":""mdc_photo_mdc_3b3fd3_cdv_photo_010_1754619677304.jpg"",""ext"":""jpg"",""panorama"":false,""isDir"":false}]",,TX,2025/08/07,,,,20:19,,2,---------------------,,,2025/08/07,,,-----------------,,,Lateral Launch,https://pioneer.sewerai.com/dashboard/review/3d45dd25-19d1-4697-9ed2-88cc76ec5c7c?limit=30&offset=0&project=25PV0406+ONE+GAS+&city=el+paso&client_reviewed=false,,
COMPLETE,2025-06-04,,10104,,W 93RD ST,OVERLAND PARK ,,,,,,2025/06/04,1800,SOUTHDALE/95 AND NEIMAN ,,,N/A,Tiffanie Gibson,0,0,,,,TAP,END,,,,,,West,389.7,59.3,,,,389.7,,,,10100 W 93RD ST,,2025/06/04,LETS,,,,Post,SCOTT.LOVELADY@ONEGAS.COM ,,38.9598,-94.7016,yes,1,1,,VIDEO 1 IS CAI AND CREW LEAD,,One Gas,,Yes,0403,COMPLETE,,,,,,,,"RAN TO FOUNDATION, LINE CLEAR OF GAS, GMI IS OVER MAIN",,,2025/09/10,,,Katy Thompson,,,Pass,,,A,B,,,,,,,,1,,,Lateral Inspection,,MH 10002 W 93RD ST ,KS,2025/06/04,,,West,13:28,,2,N/A,,,2025/06/04,,,1800 LETS,,,Lateral Launch,https://pioneer.sewerai.com/dashboard/review/19ab3cba-7bcd-4213-8615-d0f6bd9bbe82?t=6.444157&limit=30&offset=0&status=uploaded&client_reviewed=false&issues=false&project=25PV0406+ONE+GAS+&ordering=Inspection_Date,,
GAS LINE,2025-08-08,,,,,,,,,,,2025/08/08,,,,,,,,,,,,,,,,,,,,,,,,,,,,,,,,,,,,,,,31.7606,-106.363,,,,,,,,,,0723,GAS LINE,,,,,,,,,,,,,,,,,,,,,,,,,,,,,,,,,,,,2025/08/08,,,,08:56,,1,,,,,,,,,,,,,
COMPLETE,2025-09-11,,320,,J ST NW,MIAMI,,,,,,2025/09/11,2400,K ST NW/3 AVE NW ,,,James Atwood,Carter Pacheco,0,0,15,0,,CO,9T,GSI,END,,,No,,0,17.1,43.2,51.7,,,,,,,,2025/09/11,PO,2025/09/11,PO,,Post,SCOTT.LOVELADY@ONEGAS.COM ,1,36.8801,-94.888,yes,1,1,,PUSH VIDEO LABELED “316 J ST NW”.,,One Gas,"___json[{""pathname"":""/Collected Media/map_2662324/layer_6728851/mdc_photo_mdc_ef6afc_cdv_photo_000_1757623285991.jpg"",""rid"":40120206,""lid"":""6728851"",""fid"":""1310"",""field"":""photo_map"",""title"":""mdc_photo_mdc_ef6afc_cdv_photo_000_1757623285991.jpg"",""ext"":""jpg"",""panorama"":false,""isDir"":false}]",N/A,0406,COMPLETE,,,,,,,,,,,,,,,,,,,,A,B,C,D,,,,,,,,,Lateral Inspection,"___json[{""pathname"":""/Collected Media/map_2662324/layer_6728851/mdc_photo_mdc_d0e442_cdv_photo_002_1757623065124.jpg"",""rid"":40120193,""lid"":""6728851"",""fid"":""1310"",""field"":""site_photos"",""title"":""mdc_photo_mdc_d0e442_cdv_photo_002_1757623065124.jpg"",""ext"":""jpg"",""panorama"":false,""isDir"":false}]",,OK,2025/09/11,,,,15:30,,2,James Atwood,,,2025/09/11,,,2400 PO,,,Push Camera,,,
COMPLETE NO BILL,2025-08-07,,129,,Manor pl,El paso,,,,,,2025/08/07,---------------------,Manor pl el paso,,,---------------------,---------------------,,,,,,,,,,,,No,,,,,,,,,,,,,2025/08/07,LETS,2025/08/07,LETS,,Post,Scott.lovelady@Onegas.com ,,31.7381,-106.254,yes,1,1,,"Truck5100 Lead - Christian E. Tech - Derek K.
Line runs away from Gas won't be no conflict for this lat",,One Gas,"___json[{""pathname"":""/Collected Media/map_2662324/layer_6728851/mdc_photo_mdc_789edf_cdv_photo_021_1754620886812.jpg"",""rid"":39651055,""lid"":""6728851"",""fid"":""1128"",""field"":""photo_map"",""title"":""mdc_photo_mdc_789edf_cdv_photo_021_1754620886812.jpg"",""ext"":""jpg"",""panorama"":false,""isDir"":false}]",Yes,0723,COMPLETE NO BILL,Line runs away from Gas won't be no conflict for this LATERAL,,,Katy Thompson,Pass,,,"FAIL-JAB
VIDEO IS CLEAR BUT THERE IS NO INFO IN GIS",,,2025/08/27,,,Jay Brown,,,Fail,,,,,,,,,,,,1,,,Lateral Inspection,"___json[{""pathname"":""/Collected Media/map_2662324/layer_6728851/mdc_photo_mdc_072ecb_cdv_photo_020_1754620886812.jpg"",""rid"":39651054,""lid"":""6728851"",""fid"":""1128"",""field"":""site_photos"",""title"":""mdc_photo_mdc_072ecb_cdv_photo_020_1754620886812.jpg"",""ext"":""jpg"",""panorama"":false,""isDir"":false}]",,TX,2025/08/07,,,,20:38,,2,N/A,,,,,,N/A,,,Lateral Launch,https://pioneer.sewerai.com/dashboard/review/fbe0307e-3937-457e-8314-fc88d09c56db?limit=30&offset=0&project=25PV0406+ONE+GAS+&city=el+paso&client_reviewed=false,,
COMPLETE,2025-05-09,,417,,SHERMAN ST,HUTCHINSON ,,,,,,2025/05/09,1800,PW-23R3-HUTCHINSON-SHERMAN AND MADISON ,,,Eric Zerr,Carter Pacheco,24,28,21,28,26,TAP,END/CROSSBORE,CO,12T,GSI,,No,West,225.5,8.2,0,73.2,93.2,225.5,,,,,REFERENCE 6-END 116.0@28,2025/05/08,LETS,2025/05/09,PO & LETS,,Post,SCOTT.LOVELADY@ONEGAS.COM ,1,38.0516,-97.9404,yes,1,2,,TELECOMMUNICATION CROSSBORE,,One Gas,"___json[{""pathname"":""/Collected Media/map_2662324/layer_6728851/mdc_photo_mdc_7edfc8_cdv_photo_001_1746735054087.jpg"",""rid"":38484201,""lid"":""6728851"",""fid"":""727"",""field"":""photo_map"",""title"":""mdc_photo_mdc_7edfc8_cdv_photo_001_1746735054087.jpg"",""ext"":""jpg"",""panorama"":false,""isDir"":false}]",No,0406,COMPLETE,,,,,,N/A,,,TELECOMMUNICATION CROSSBORE,,,2025/05/13,,,Katy Thompson,,,Fail,,A,B,C,D,E,,,,,1,,,Lateral Inspection,"___json[{""pathname"":""/Collected Media/map_2662324/layer_6728851/mdc_photo_mdc_c0ca77_cdv_photo_002_1746735918743.jpg"",""rid"":38484568,""lid"":""6728851"",""fid"":""727"",""field"":""site_photos"",""title"":""mdc_photo_mdc_c0ca77_cdv_photo_002_1746735918743.jpg"",""ext"":""jpg"",""panorama"":false,""isDir"":false},{""pathname"":""/Collected Media/map_2662324/layer_6728851/mdc_photo_mdc_6e06be_cdv_photo_003_1746735918743.jpg"",""rid"":38484569,""lid"":""6728851"",""fid"":""727"",""field"":""site_photos"",""title"":""mdc_photo_mdc_6e06be_cdv_photo_003_1746735918743.jpg"",""ext"":""jpg"",""panorama"":false,""isDir"":false},{""pathname"":""/Collected Media/map_2662324/layer_6728851/mdc_photo_mdc_8321dd_cdv_photo_003_1746811435219.jpg"",""rid"":38495446,""lid"":""6728851"",""fid"":""727"",""field"":""site_photos"",""title"":""mdc_photo_mdc_8321dd_cdv_photo_003_1746811435219.jpg"",""ext"":""jpg"",""panorama"":false,""isDir"":false}]",MH 401 W SHERMAN ST ,KS,2025/05/09,,,West,12:09,,2,Eric Zerr,Eric Zerr,,2025/05/08,2025/05/09,,1800 LETS,1800 PO,,Push camera and lateral Launch,https://pioneer.sewerai.com/dashboard/review/49e35bd4-a15a-4f9c-8afd-b895b68e9510?t=1.897033&limit=30&offset=0&project=25PV0406+ONE+GAS+&client_reviewed=false,,
COMPLETE NO BILL,2025-08-07,,104,,Manor Pl,El Paso,,,,,,2025/08/07,---------------------,Manor Pl El Oaso,,,---------------------,---------------------,0,0.44,,,,End,GMI,,,,,No,,50,,,,,,,,,,,2025/08/07,LETS,2025/08/07,LETS,,Post,Scott.lovelady@Onegas.com ,,31.738,-106.254,yes,1,1,,,,One Gas,"___json[{""pathname"":""/Collected Media/map_2662324/layer_6728851/mdc_photo_mdc_c5abd1_cdv_photo_000_1754618228514.jpg"",""rid"":39650915,""lid"":""6728851"",""fid"":""1115"",""field"":""photo_map"",""title"":""mdc_photo_mdc_c5abd1_cdv_photo_000_1754618228514.jpg"",""ext"":""jpg"",""panorama"":false,""isDir"":false}]",Yes,0723,COMPLETE NO BILL,,,,,,,,PASS-JAB,,,2025/08/27,,,Jay Brown,,,Pass,,,,,,,,,,,,1,,,Lateral Inspection,"___json[{""pathname"":""/Collected Media/map_2662324/layer_6728851/mdc_photo_mdc_264fef_cdv_photo_034_1754664906710.jpg"",""rid"":39658201,""lid"":""6728851"",""fid"":""1115"",""field"":""site_photos"",""title"":""mdc_photo_mdc_264fef_cdv_photo_034_1754664906710.jpg"",""ext"":""jpg"",""panorama"":false,""isDir"":false},{""pathname"":""/Collected Media/map_2662324/layer_6728851/mdc_photo_mdc_88d3da_cdv_photo_035_1754664906710.jpg"",""rid"":39658202,""lid"":""6728851"",""fid"":""1115"",""field"":""site_photos"",""title"":""mdc_photo_mdc_88d3da_cdv_photo_035_1754664906710.jpg"",""ext"":""jpg"",""panorama"":false,""isDir"":false},{""pathname"":""/Collected Media/map_2662324/layer_6728851/mdc_photo_mdc_87b287_cdv_photo_036_1754664906710.jpg"",""rid"":39658203,""lid"":""6728851"",""fid"":""1115"",""field"":""site_photos"",""title"":""mdc_photo_mdc_87b287_cdv_photo_036_1754664906710.jpg"",""ext"":""jpg"",""panorama"":false,""isDir"":false}]",,TX,2025/08/07,,,,19:53,,2,---------------------,,,2025/08/07,,,-----------------,,,Lateral Launch,https://pioneer.sewerai.com/dashboard/review/a729bbad-a0c8-484b-9473-2e9718f5400a?limit=30&offset=0&project=25PV0406+ONE+GAS+&city=el+paso&client_reviewed=false,,
COMPLETE NO BILL,2025-08-07,,148,,Manor pl,El paso,,,,,,2025/08/07,---------------------,Manor Pl El Paso tx ,,,---------------------,---------------------,,,,,,End,,,,,,No,,16,,,,,,,,,,,2025/08/07,PO & LETS,2025/08/07,PO & LETS,,Post,Scott.lovelady@Onegas.com ,1,31.7381,-106.254,yes,1,1,,Got stopped at offset with lat camera. Was able to find co for property ans was able to push out to main,,One Gas,"___json[{""pathname"":""/Collected Media/map_2662324/layer_6728851/mdc_photo_mdc_773e75_cdv_photo_029_1754623111804.jpg"",""rid"":39651312,""lid"":""6728851"",""fid"":""1133"",""field"":""photo_map"",""title"":""mdc_photo_mdc_773e75_cdv_photo_029_1754623111804.jpg"",""ext"":""jpg"",""panorama"":false,""isDir"":false}]",No,0723,COMPLETE NO BILL,WAITING FOR PO VIDEO?,,,Katy Thompson,Fail,,,"VIDEO GOOD, DIDNT MAKE IT TO FOUNDATION",,,2025/08/14,,,Charlton Moren,,,Fail,,,,,,,,,,,,1,,,Lateral Inspection,,,TX,2025/08/07,,,,21:11,,2,N/A,,,,,,N/A,,,Push camera and lateral Launch,,,
PO,2025-09-10,,314,,M ST NW,MIAMI,,,,,,2025/09/10,1700,K ST NW / 3 AVE NW ,,,Carter Pacheco,,0,0,,,,TAP,END/OFFSET,,,,,,North,232.8,7,,,,232.8,,,,,,2025/09/10,LETS,2025/09/10,LETS,,Post,SCOTT.LOVELADY@ONEGAS.COM ,,36.8792,-94.8912,yes,1,1,,"TECH: TINAI MITCHELL
PUSHED TO OFFSET, WILL NEED TO PO TO CLEAR IN FULL, NEW SERVICE RECEIVED",,One Gas,"___json[{""pathname"":""/Collected Media/map_2662324/layer_6728851/mdc_photo_mdc_2abb1b_cdv_photo_006_1757532527136.jpg"",""rid"":40105747,""lid"":""6728851"",""fid"":""1262"",""field"":""photo_map"",""title"":""mdc_photo_mdc_2abb1b_cdv_photo_006_1757532527136.jpg"",""ext"":""jpg"",""panorama"":false,""isDir"":false}]",No,0406,PO,,,,,,,,"VIDEO GOOD, WAITING ON PO VIDEO AS PER NOTES",,,2025/09/18,,,Charlton Moren,,,Fail,,,,,,,,,,,,1,,,Lateral Inspection,,MH 307 L ST NW,OK,2025/09/10,,,,14:23,,2,Carter Pacheco,,,2025/09/10,,,1700 LETS,,,Lateral Launch,https://pioneer.sewerai.com/dashboard/review/fb18cd8c-8a8e-4d29-bf99-d5d6df75a968?t=0&limit=30&offset=0&status=uploaded&client_reviewed=false&issues=false&ordering=-Inspection_Date&project=25PV0406+ONE+GAS+,,
COMPLETE NO BILL,2025-08-08,,7602 MLN,,Alpine Dr jetting,El Paso ,,,1.00 hrs heavy cleaning. 0.50 hrs water fill. 0.50 hrs setup. ,,,,1069,7600 Alpine Dr El Paso,,,Bryan Cary,,,,,,,,,,,,,,,,,,,,,,,,,,,,,,,Post,Scott.lovelady@onegas.com,,31.7602,-106.362,,,,,08/08/25; 1069 truck: jetted 300ft north against flow. Used step cleaning method. 1.00 hrs heavy cleaning. 0.50 hrs water fill. 0.50 hrs setup. ,,One Gas,,N/A,0723,COMPLETE NO BILL,,,,,,,,,,,,,,,,,,,,,,,,,,,300,,,,,Main Inspection,,7602 Alpine Dr ,TX,2025/08/08,,,,,,2,N/A,,,,,,N/A,,,,,,
COMPLETE NO BILL,2025-08-08,,7607,,Kingsmen dr,El paso,,,,,,2025/08/08,---------------------,Kingsmen dr el paso,,,---------------------,---------------------,0,,,,,End,,,,,,No,,52,,,,,,,,,,,2025/08/08,LETS,2025/08/08,LETS,,Post,Scott.lovelady@Onegas.com ,,31.7607,-106.363,yes,1,1,,"Truck5100 Lead - Christian E. Tech - Derek K. 
Lat doesnt cross gas wont be no crossings.",,One Gas,"___json[{""pathname"":""/Collected Media/map_2662324/layer_6728851/mdc_photo_mdc_05a91c_cdv_photo_041_1754666276525.jpg"",""rid"":39658592,""lid"":""6728851"",""fid"":""1139"",""field"":""photo_map"",""title"":""mdc_photo_mdc_05a91c_cdv_photo_041_1754666276525.jpg"",""ext"":""jpg"",""panorama"":false,""isDir"":false}]",No,0723,COMPLETE NO BILL,,,,,,,,FAILED- NO SITE PHOTOS. TEXTED TECH TO UPDATE. 2/10/26 FF,,,2026/02/10,,,Fallon Farmer,,,Fail,,,A,,,,,,,,,1,,,Lateral Inspection,,,TX,2025/08/08,,,,09:15,,2,---------------------,,,2025/08/08,,,-----------------,,,Lateral Launch,https://pioneer.sewerai.com/dashboard/review/efcc4ba1-af72-41e0-a3fb-ab260b5863c2?limit=30&offset=0&client_reviewed=false&surveyed_by=CHRISTIAN+ES,,
COMPLETE,2025-09-08,,224,,K ST NW,MIAMI,,,,2005/12/08,,2025/09/08,1700,K ST NW / 3 AVE NW ,,,Edgar Atwood,,0,0,,,,TAP,END/FD,,,,,,South,103.6,139.6,,,,103.6,,,,,,2025/09/08,LETS,2025/09/08,LETS,,Post,SCOTT.LOVELADY@ONEGAS.COM ,,36.8791,-94.8891,yes,,1,,"TECH: TINAI MITCHELL
PUSHED TO FOUNDATION, LINE IS CLEAR WITH NO CROSSINGS, DOES NOT HAVE GAS NEW SERVICE
NO CONFLICT",,One Gas,"___json[{""pathname"":""/Collected Media/map_2662324/layer_6728851/mdc_photo_mdc_645e12_cdv_photo_002_1757363336439.jpg"",""rid"":40078041,""lid"":""6728851"",""fid"":""1189"",""field"":""photo_map"",""title"":""mdc_photo_mdc_645e12_cdv_photo_002_1757363336439.jpg"",""ext"":""jpg"",""panorama"":false,""isDir"":false}]",Yes,0406,COMPLETE,,,,,,,,NO CROSSINGS OR CONFLICTS. THIS LINE IS CLEAR.,,,2025/09/11,,,Katy Thompson,,,Pass,,,,,,,,,,,,1,,,Lateral Inspection,,MH 229 J ST NW,KS,2025/09/08,,,,15:01,,2,Edgar Atwood,,,2025/09/08,,,1700 LETS,,,Lateral Launch,https://pioneer.sewerai.com/dashboard/review/e3881c71-f3d1-4b62-b072-48b3cc519e7b?t=3.869391&limit=30&offset=0&status=uploaded&issues=false&project=25PV0406+ONE+GAS+&ordering=Inspection_Date&client_reviewed=false,,
COMPLETE,2025-05-08,,405/405,,SHERMAN ST,HUTCHINSON,,,,,,2025/05/08,1800,PW-23R3-HUTCHINSON-SHERMAN AND MADISON,,,Eric Zerr,Tiffanie Gibson,26,25,13,16,13,TAP,END,CO,GSI,CO,,No,West,83.5,17.6,0,3,0,83.5,,,,,"END AT RB WILL NEED TO PO TO GET GSI .
GSI 6.8@16
END 116.0@26",2025/05/08,LETS,2025/05/08,PO & LETS,,Post,SCOTT.LOVELADY@ONEGAS.COM ,1,38.0518,-97.9397,yes,2,2,,ENDED AT RB WILL NEED TO PO TO FINISH GSI CROSSING,,One Gas,"___json[{""pathname"":""/Collected Media/map_2662324/layer_6728851/mdc_photo_mdc_fe82d0_cdv_photo_000_1746721738597.jpg"",""rid"":38482213,""lid"":""6728851"",""fid"":""709"",""field"":""photo_map"",""title"":""mdc_photo_mdc_fe82d0_cdv_photo_000_1746721738597.jpg"",""ext"":""jpg"",""panorama"":false,""isDir"":false}]",No,0406,COMPLETE,,,,,,Fail,,POOR VISUAL 16'- END.,"GSI @ 3' IS CLEAR, CAN'T WATCH REST OF VIDEO. IT ENDS. POSSIBLY CORRUPTER?",,2025/05/13,2025/05/08,,Katy Thompson,Katy Thompson,,Fail,Fail,,A,B,C,D,E,,,,,1,,,Lateral Inspection,,401 W SHERMAN ST,KS,2025/05/08,,,West,11:09,A,2,Eric Zerr,Eric Zerr,,2025/05/08,2025/05/08,,1800 LETS,1800 PO,,Push camera and lateral Launch,https://pioneer.sewerai.com/dashboard/review/17871211-1189-45cb-b4f6-ca198fa03a8f?t=1.607308&limit=30&offset=0&project=25PV0406+ONE+GAS+&client_reviewed=false,https://pipeviewamerica.sharefile.com/d-s020e2cfe6b0e4c61b3a44611c5373c3a,
COMPLETE,2025-05-07,,221,,SW TERRA DR ,TOPEKA ,,,,,,2025/05/07,1800,PW-24R3-TOPEKA-SW SANNEMAN AND TERRA DR-CWO-5/31/25 ,,,Eric Zerr,Carter Pacheco,24,51,,,,CO,END/TAP,,,,,No,,0,45,,,,,,,,,,2025/05/07,PO,2025/05/07,PO,,Post,SCOTT.LOVELADY@ONEGAS.COM ,1,38.9784,-95.685,yes,1,1,,,,One Gas,,N/A,0406,COMPLETE,,,,,Pass,,,,,,2025/09/18,,,Katy Thompson,,,Pass,,,A,B,,,,,,,,,,,Lateral Inspection,,,KS,2025/05/07,,,South,10:51,,2,Eric Zerr,,,2025/05/07,,,1800 PO,,,Push Camera,https://pipeviewamerica.sharefile.com/d-s6c8caa5e9ca54d8f936ae4ab535963c2,,
COMPLETE NO BILL,2025-08-08,,7703,,Mojave Dr,El Paso,,,,,,2025/08/08,4600,Kingman Alpine relo El Paso ,,,Jason Claunch,Kyle Graham ,,,,,,End,GMI Sewer@33” Gas@41”,,,,,,,40.8,16.8,,,,,,,,,,2025/08/08,LETS,2025/08/08,LETS,,Post,One Gas,,31.7607,-106.362,yes,1,1,,"08/07/2025 4600 Knocked but no answer. This will need to be cleared via lets. Could not locate CO in front of property

08/08/2025 4600 found tap in the mainline and ran to foundation. This lateral is clear.",,One Gas,"___json[{""pathname"":""/Collected Media/map_2662324/layer_6728851/mdc_photo_mdc_a602e6_cdv_photo_004_1754667877479.jpg"",""rid"":39659058,""lid"":""6728851"",""fid"":""1092"",""field"":""photo_map"",""title"":""mdc_photo_mdc_a602e6_cdv_photo_004_1754667877479.jpg"",""ext"":""jpg"",""panorama"":false,""isDir"":false}]",N/A,0723,COMPLETE NO BILL,,,,,,,,,,,,,,,,,,,,,,,,,,,,,1,,,Lateral Inspection,"___json[{""pathname"":""/Collected Media/map_2662324/layer_6728851/mdc_photo_mdc_191aff_cdv_photo_008_1754602247363.jpg"",""rid"":39649196,""lid"":""6728851"",""fid"":""1092"",""field"":""site_photos"",""title"":""mdc_photo_mdc_191aff_cdv_photo_008_1754602247363.jpg"",""ext"":""jpg"",""panorama"":false,""isDir"":false},{""pathname"":""/Collected Media/map_2662324/layer_6728851/mdc_photo_mdc_466ad2_cdv_photo_003_1754667647180.jpg"",""rid"":39659002,""lid"":""6728851"",""fid"":""1092"",""field"":""site_photos"",""title"":""mdc_photo_mdc_466ad2_cdv_photo_003_1754667647180.jpg"",""ext"":""jpg"",""panorama"":false,""isDir"":false},{""pathname"":""/Collected Media/map_2662324/layer_6728851/mdc_photo_mdc_8bad54_cdv_photo_1754667597_1754667647180.jpg"",""rid"":39659003,""lid"":""6728851"",""fid"":""1092"",""field"":""site_photos"",""title"":""mdc_photo_mdc_8bad54_cdv_photo_1754667597_1754667647180.jpg"",""ext"":""jpg"",""panorama"":false,""isDir"":false}]",7707 Mojave Dr MH ML W,TX,2025/08/08,,,,09:37,,2,Jason Claunch,,,2025/08/08,,,-----------------,,,CCTV,,,
COMPLETE NO BILL,2025-08-08,,7603,,Kingsmans dr,El paso,,,,,,2025/08/08,---------------------,Kingsmans dr el paso,,,---------------------,---------------------,0,,,,,End,,,,,,N/A,,16,,,,,,,,,,,2025/08/08,LETS,2025/08/08,LETS,,Post,Scott.lovelady@Onegas.com ,,31.7612,-106.362,yes,1,1,,Lat caps off at 16 ft,,One Gas,"___json[{""pathname"":""/Collected Media/map_2662324/layer_6728851/mdc_photo_mdc_86cd6d_cdv_photo_018_1754676371432.jpg"",""rid"":39661253,""lid"":""6728851"",""fid"":""1152"",""field"":""photo_map"",""title"":""mdc_photo_mdc_86cd6d_cdv_photo_018_1754676371432.jpg"",""ext"":""jpg"",""panorama"":false,""isDir"":false}]",Yes,0723,COMPLETE NO BILL,,,,,,,,PASSED 2/10/26 FF,,,2026/02/10,,,Fallon Farmer,,,Pass,,,A,,,,,,,,,1,,,Lateral Inspection,"___json[{""pathname"":""/Collected Media/map_2662324/layer_6728851/mdc_photo_mdc_c5f580_cdv_photo_016_1754676371432.jpg"",""rid"":39661251,""lid"":""6728851"",""fid"":""1152"",""field"":""site_photos"",""title"":""mdc_photo_mdc_c5f580_cdv_photo_016_1754676371432.jpg"",""ext"":""jpg"",""panorama"":false,""isDir"":false},{""pathname"":""/Collected Media/map_2662324/layer_6728851/mdc_photo_mdc_321e61_cdv_photo_017_1754676371432.jpg"",""rid"":39661252,""lid"":""6728851"",""fid"":""1152"",""field"":""site_photos"",""title"":""mdc_photo_mdc_321e61_cdv_photo_017_1754676371432.jpg"",""ext"":""jpg"",""panorama"":false,""isDir"":false}]",,TX,2025/08/08,,,,12:00,,2,---------------------,,,2025/08/08,,,-----------------,,,Lateral Launch,https://pioneer.sewerai.com/dashboard/review/afafbfb1-3f01-4298-85fa-9f04354dc3e9?limit=30&offset=0&client_reviewed=false&surveyed_by=CHRISTIAN+ES,,
COMPLETE NO BILL,2025-08-08,,7603.2,,Kings mans dr,El paso,,,,,,2025/08/08,---------------------,Kingsmans dr,,,---------------------,---------------------,0,,,,,End,,,,,,No,,52,,,,,,,,,,,2025/08/08,LETS,2025/08/08,LETS,,Post,Scott.lovelady@Onegas.com ,,31.7612,-106.362,yes,1,1,,Made it to foundation there will not be any crossings in video,,One Gas,"___json[{""pathname"":""/Collected Media/map_2662324/layer_6728851/mdc_photo_mdc_0d4444_cdv_photo_022_1754676992908.jpg"",""rid"":39661374,""lid"":""6728851"",""fid"":""1157"",""field"":""photo_map"",""title"":""mdc_photo_mdc_0d4444_cdv_photo_022_1754676992908.jpg"",""ext"":""jpg"",""panorama"":false,""isDir"":false}]",Yes,0723,COMPLETE NO BILL,,,,,,,,LINE RUNS AWAY FROM GAS,,,2025/12/10,,,Katy Thompson,,,Pass,,,A,,,,,,,,,1,,,Lateral Inspection,,,TX,2025/08/08,,,,12:11,,2,---------------------,,,2025/08/08,,,-----------------,,,Lateral Launch,https://pioneer.sewerai.com/dashboard/review/74354b33-932d-42ce-b5ee-db0322202b06?t=0&limit=30&offset=0&status=uploaded&client_reviewed=false&issues=false&ordering=-Inspection_Date&project=25PV0406+ONE+GAS+,,
COMPLETE NO BILL,2025-08-08,,7707,,Mojave Dr,El Paso,,,,,,2025/08/08,4600,Kingman Alpine relo El Paso,,,Jason Claunch,Kyle Graham ,,,,,,End of main,3T,3T,3T,,,,,94.3,91.4,42.6,5.8,,,,,,,,2025/08/08,LETS,2025/08/08,LETS,,Post,One Gas,,31.7606,-106.362,yes,1,1,,"08/08/2025 4600 ran to capped EOM, this section of main is complete and clear.",,One Gas,"___json[{""pathname"":""/Collected Media/map_2662324/layer_6728851/mdc_photo_mdc_4efeaa_cdv_photo_000_1754668334355.jpg"",""rid"":39659270,""lid"":""6728851"",""fid"":""1140"",""field"":""photo_map"",""title"":""mdc_photo_mdc_4efeaa_cdv_photo_000_1754668334355.jpg"",""ext"":""jpg"",""panorama"":false,""isDir"":false}]",N/A,0405,COMPLETE NO BILL,,,,,,,,,,,,,,,,,,,,,,,,,,,,94.3,,,94.3,Main Inspection,"___json[{""pathname"":""/Collected Media/map_2662324/layer_6728851/mdc_photo_mdc_287f12_cdv_photo_005_1754668169352.jpg"",""rid"":39659233,""lid"":""6728851"",""fid"":""1140"",""field"":""site_photos"",""title"":""mdc_photo_mdc_287f12_cdv_photo_005_1754668169352.jpg"",""ext"":""jpg"",""panorama"":false,""isDir"":false},{""pathname"":""/Collected Media/map_2662324/layer_6728851/mdc_photo_mdc_e4436a_cdv_photo_006_1754668169352.jpg"",""rid"":39659234,""lid"":""6728851"",""fid"":""1140"",""field"":""site_photos"",""title"":""mdc_photo_mdc_e4436a_cdv_photo_006_1754668169352.jpg"",""ext"":""jpg"",""panorama"":false,""isDir"":false}]",7707 Mojave Dr MH ML W,TX,2025/08/08,,,West,09:45,MH ML W,2,N/A,,,,,,N/A,,,CCTV,,,
COMPLETE NO BILL,2025-08-08,,7707 MLW,,Mojave Dr jetting ,El Paso,,,1.00 hrs heavy cleaning. 0.50 hrs water fill. 0.50 hrs setup. ,,,,1069,7600 Alpine Dr El Paso,,,Bryan Cary,,,,,,,,,,,,,,,,,,,,,,,,,,,,,,,Post,Scott.lovelady@onegas.com,,31.7602,-106.362,,,,,08/08/25; 1069 truck: jetted 92 ft west against flow. Used step cleaning. 1.00 hrs heavy cleaning. 0.50 hrs water fill. 0.50 hrs setup. ,,One Gas,,N/A,0723,COMPLETE NO BILL,,,,,,,,,,,,,,,,,,,,,,,,,,,92,,,,,Main Inspection,,7707 Mojave Dr ,TX,2025/08/08,,,,,,2,N/A,,,,,,N/A,,,,,,
COMPLETE,2025-06-04,,9301 ,,MOODY PARK DR,OVERLAND PARK ,,,,,,2025/06/04,1700,SOUTHDALE/95 AND NEIMAN ,,,Edgar Atwood,Tiffanie Gibson,0,0,,,,TAP,END,,,,,,South,279,55.5,,,,279,,,,TO SOUTH,,2025/06/04,LETS,2025/06/04,LETS,,Post,SCOTT.LOVELADY@ONEGAS.COM ,,38.9594,-94.7011,yes,1,1,,,,One Gas,,Yes,0403,COMPLETE,,,,,,,,"RAN TO FOUNDATION, LINE IS CLEAR OF GAS",,,2025/09/10,,,Katy Thompson,,,Pass,,,A,,,,,,,,,1,,,Lateral Inspection,,MH 9247 MOODY PARK DR ,KS,2025/06/04,,,,16:07,,2,Edgar Atwood,,,2025/06/04,,,1700 LETS,,,Lateral Launch,,,
LETS,2025-08-07,,7700,,Kingman Dr,El Paso,,,,,,2025/08/08,---------------------,Kingman Alpine relo El Paso ,,,---------------------,---------------------,0,0.38,,,,End,GMI,,,,,No,,49,30,,,,,,,,,,2025/08/08,LETS,2025/08/08,LETS,,Post,One Gas,,31.7606,-106.363,yes,1,1,,"08/07/2025 4600 gate is locked, cannot knock on door. Will need to clear via mainline",,One Gas,"___json[{""pathname"":""/Collected Media/map_2662324/layer_6728851/mdc_photo_mdc_62452b_cdv_photo_003_1754671486498.jpg"",""rid"":39660001,""lid"":""6728851"",""fid"":""1094"",""field"":""photo_map"",""title"":""mdc_photo_mdc_62452b_cdv_photo_003_1754671486498.jpg"",""ext"":""jpg"",""panorama"":false,""isDir"":false}]",Yes,0723,LETS,,,,,,,,,,,2025/12/10,,,Katy Thompson,,,Pass,,,A,B,,,,,,,,1,,,Lateral Inspection,"___json[{""pathname"":""/Collected Media/map_2662324/layer_6728851/mdc_photo_mdc_ddfe66_cdv_photo_001_1754671486498.jpg"",""rid"":39659998,""lid"":""6728851"",""fid"":""1094"",""field"":""site_photos"",""title"":""mdc_photo_mdc_ddfe66_cdv_photo_001_1754671486498.jpg"",""ext"":""jpg"",""panorama"":false,""isDir"":false},{""pathname"":""/Collected Media/map_2662324/layer_6728851/mdc_photo_mdc_2a6fa3_cdv_photo_000_1754671486498.jpg"",""rid"":39659999,""lid"":""6728851"",""fid"":""1094"",""field"":""site_photos"",""title"":""mdc_photo_mdc_2a6fa3_cdv_photo_000_1754671486498.jpg"",""ext"":""jpg"",""panorama"":false,""isDir"":false},{""pathname"":""/Collected Media/map_2662324/layer_6728851/mdc_photo_mdc_bf35c5_cdv_photo_002_1754671486498.jpg"",""rid"":39660000,""lid"":""6728851"",""fid"":""1094"",""field"":""site_photos"",""title"":""mdc_photo_mdc_bf35c5_cdv_photo_002_1754671486498.jpg"",""ext"":""jpg"",""panorama"":false,""isDir"":false}]",,TX,2025/08/07,,,,10:41,,2,---------------------,,,2025/08/08,,,-----------------,,,Lateral Launch,https://pioneer.sewerai.com/dashboard/review/a8bcc382-8995-4da7-ad16-efe8859affe2?t=1.158883&limit=30&offset=0&status=uploaded&client_reviewed=false&issues=false&ordering=-Inspection_Date&project=25PV0406+ONE+GAS+,,
COMPLETE NO BILL,2025-08-08,,7705,,Mojave Dr,El Paso,,,,,,2025/08/08,4600,Kingman Alpine relo El Paso ,,,Jason Claunch,Kyle Graham ,,,,,,End,GMI Sewer@56” Gas@36”,,,,,,North,53.5,37.5,,,,,,,,,,2025/08/08,LETS,2025/08/08,LETS,,Post,One Gas,,31.7607,-106.362,yes,1,1,,"08/07/2025 4600 knocked multiple times and recieved no answer, will try and clear through lets
08/08/2025 4600 found tap in ML, this is clear.",,One Gas,"___json[{""pathname"":""/Collected Media/map_2662324/layer_6728851/mdc_photo_mdc_d1a10d_cdv_photo_002_1754666741660.jpg"",""rid"":39658763,""lid"":""6728851"",""fid"":""1091"",""field"":""photo_map"",""title"":""mdc_photo_mdc_d1a10d_cdv_photo_002_1754666741660.jpg"",""ext"":""jpg"",""panorama"":false,""isDir"":false}]",N/A,0723,COMPLETE NO BILL,,,,,,,,,,,,,,,,,,,,,,,,,,,,,1,,,Lateral Inspection,"___json[{""pathname"":""/Collected Media/map_2662324/layer_6728851/mdc_photo_mdc_8d1a04_cdv_photo_007_1754602101750.jpg"",""rid"":39649088,""lid"":""6728851"",""fid"":""1091"",""field"":""site_photos"",""title"":""mdc_photo_mdc_8d1a04_cdv_photo_007_1754602101750.jpg"",""ext"":""jpg"",""panorama"":false,""isDir"":false},{""pathname"":""/Collected Media/map_2662324/layer_6728851/mdc_photo_mdc_a0e88d_cdv_photo_000_1754666633187.jpg"",""rid"":39658717,""lid"":""6728851"",""fid"":""1091"",""field"":""site_photos"",""title"":""mdc_photo_mdc_a0e88d_cdv_photo_000_1754666633187.jpg"",""ext"":""jpg"",""panorama"":false,""isDir"":false},{""pathname"":""/Collected Media/map_2662324/layer_6728851/mdc_photo_mdc_d3010a_cdv_photo_001_1754666633187.jpg"",""rid"":39658718,""lid"":""6728851"",""fid"":""1091"",""field"":""site_photos"",""title"":""mdc_photo_mdc_d3010a_cdv_photo_001_1754666633187.jpg"",""ext"":""jpg"",""panorama"":false,""isDir"":false}]",7707 Mojave Dr MH ML W,TX,2025/08/08,,,,09:22,,2,Jason Claunch,,,2025/08/08,,,-----------------,,,CCTV,,,
COMPLETE NO BILL,2025-08-08,,7604,, Kingsmans dr,El paso,,,,,,2025/08/08,---------------------,Kingsmans dr el paso,,,---------------------,---------------------,0,0.34,,,,End,GMI,,,,,No,,57,33,,,,,,,,,,2025/08/08,LETS,2025/08/08,LETS,,Post,Scott.lovelady@Onegas.com ,,31.7612,-106.362,yes,1,1,,Truck5100 Lead - Christian E. Tech - Derek K. ,,One Gas,"___json[{""pathname"":""/Collected Media/map_2662324/layer_6728851/mdc_photo_mdc_765169_cdv_photo_012_1754675989591.jpg"",""rid"":39661168,""lid"":""6728851"",""fid"":""1151"",""field"":""photo_map"",""title"":""mdc_photo_mdc_765169_cdv_photo_012_1754675989591.jpg"",""ext"":""jpg"",""panorama"":false,""isDir"":false}]",Yes,0723,COMPLETE NO BILL,,,,,,,,GMI IS CLEAR,,,2025/12/10,,,Katy Thompson,,,Pass,,,A,B,,,,,,,,1,,,Lateral Inspection,"___json[{""pathname"":""/Collected Media/map_2662324/layer_6728851/mdc_photo_mdc_8702cc_cdv_photo_013_1754675989591.jpg"",""rid"":39661165,""lid"":""6728851"",""fid"":""1151"",""field"":""site_photos"",""title"":""mdc_photo_mdc_8702cc_cdv_photo_013_1754675989591.jpg"",""ext"":""jpg"",""panorama"":false,""isDir"":false},{""pathname"":""/Collected Media/map_2662324/layer_6728851/mdc_photo_mdc_411317_cdv_photo_014_1754675989591.jpg"",""rid"":39661166,""lid"":""6728851"",""fid"":""1151"",""field"":""site_photos"",""title"":""mdc_photo_mdc_411317_cdv_photo_014_1754675989591.jpg"",""ext"":""jpg"",""panorama"":false,""isDir"":false},{""pathname"":""/Collected Media/map_2662324/layer_6728851/mdc_photo_mdc_4df87c_cdv_photo_015_1754675989591.jpg"",""rid"":39661167,""lid"":""6728851"",""fid"":""1151"",""field"":""site_photos"",""title"":""mdc_photo_mdc_4df87c_cdv_photo_015_1754675989591.jpg"",""ext"":""jpg"",""panorama"":false,""isDir"":false}]",,TX,2025/08/08,,,,11:39,,2,---------------------,,,,,,N/A,,,Lateral Launch,https://pioneer.sewerai.com/dashboard/review/34a3e344-f86e-41bd-9c15-33c41841b7b5?t=2.583253&limit=30&offset=0&status=uploaded&client_reviewed=false&issues=false&ordering=-Inspection_Date&project=25PV0406+ONE+GAS+,,
COMPLETE NO BILL,2025-08-08,,7605 ,,Kingmans dr,El paso,,,,,,2025/08/08,---------------------,Kimgsmens dr,,,---------------------,---------------------,0,0,,,,End ,9T,,,,,No,,55,31,,,,,,,,,,2025/08/08,LETS,2025/08/08,LETS,,Post,Scott.lovelady@Onegas.com ,,31.7614,-106.363,yes,1,1,,"Truck5100 Lead - Christian E. Tech - Derek K. 
End - 55
No GMI crossings in video
31 9T",,One Gas,"___json[{""pathname"":""/Collected Media/map_2662324/layer_6728851/mdc_photo_mdc_c6ece1_cdv_photo_011_1754673559766.jpg"",""rid"":39660479,""lid"":""6728851"",""fid"":""1150"",""field"":""photo_map"",""title"":""mdc_photo_mdc_c6ece1_cdv_photo_011_1754673559766.jpg"",""ext"":""jpg"",""panorama"":false,""isDir"":false}]",Yes,0723,COMPLETE NO BILL,,,,,,,,,,,2025/12/10,,,Katy Thompson,,,Pass,,,A,B,,,,,,,,1,,,Lateral Inspection,,,TX,2025/08/08,,,,11:13,,2,---------------------,,,2025/08/08,,,-----------------,,,Lateral Launch,https://pioneer.sewerai.com/dashboard/review/95db408c-e5e0-4528-aa1f-47acf4ea8180?t=1.162428&limit=30&offset=0&status=uploaded&client_reviewed=false&issues=false&ordering=-Inspection_Date&project=25PV0406+ONE+GAS+,,
COMPLETE,2025-09-10,,315,,K ST NW,MIAMI ,,,,,,2025/09/10,2400,K ST NW/3 AVE NW ,,,James Atwood,Michael Parrish,0,0,,,,TAP,END,,,,,,North,192.2,74.6,,,,192.2,,,,,,2025/09/10,LETS,2025/09/10,LETS,,Post,SCOTT.LOVELADY@ONEGAS.COM ,,36.8791,-94.8902,yes,1,1,,NO GAS / CLEAR,,One Gas,"___json[{""pathname"":""/Collected Media/map_2662324/layer_6728851/mdc_photo_mdc_ca85f6_cdv_photo_006_1757519453244.jpg"",""rid"":40103124,""lid"":""6728851"",""fid"":""1238"",""field"":""photo_map"",""title"":""mdc_photo_mdc_ca85f6_cdv_photo_006_1757519453244.jpg"",""ext"":""jpg"",""panorama"":false,""isDir"":false}]",Yes,0406,COMPLETE,,,,,,,,VISUAL IS POOR BUT COMPLETE TO FOUNDATION/NO GAS/CLEAR,,,2025/10/01,,,Katy Thompson,,,Pass,,,A,B,,,,,,,,1,,,Lateral Inspection,,MH 1118 3RD AVE NW ,OK,2025/09/10,,,,10:42,,2,James Atwood,,,2025/09/10,,,2400 LETS,,,Lateral Launch,https://pioneer.sewerai.com/dashboard/review/f9700fd2-1cb0-4c95-b10d-e70da4e07b3a?t=1.759925&limit=30&offset=0&status=uploaded&client_reviewed=false&issues=false&project=25PV0406+ONE+GAS+&ordering=Inspection_Date,,
COMPLETE NO BILL,2025-08-08,,7614,,Alpine Dr,El Paso,,,,,,2025/08/08,4600,Kingman Alpine relo El Paso ,,,Jason Claunch,Kyle Graham ,,,,,,End,,,,,,,,77,,,,,17.6,,,,,,2025/08/08,PO,2025/08/08,PO,,Post,One Gas,1,31.7598,-106.362,yes,1,1,,"08/07/2025 4600: knocked multiple times but got no answer, will try and clear via Lets
08/08/2025 4600 pushed from CO in rear of property. Lateral runs underneath foundation, zeroed out at edge of foundation on front of property and pushed to main. This lateral is clear.",,One Gas,"___json[{""pathname"":""/Collected Media/map_2662324/layer_6728851/mdc_photo_mdc_5e1f39_cdv_photo_008_1754676848604.jpg"",""rid"":39661334,""lid"":""6728851"",""fid"":""1090"",""field"":""photo_map"",""title"":""mdc_photo_mdc_5e1f39_cdv_photo_008_1754676848604.jpg"",""ext"":""jpg"",""panorama"":false,""isDir"":false}]",Yes,0723,COMPLETE NO BILL,,,,,,,,PASS-JAB,,,2025/08/29,,,Jay Brown,,,Pass,,,,,,,,,,,,1,,,Lateral Inspection,"___json[{""pathname"":""/Collected Media/map_2662324/layer_6728851/mdc_photo_mdc_538a61_cdv_photo_006_1754601625335.jpg"",""rid"":39648945,""lid"":""6728851"",""fid"":""1090"",""field"":""site_photos"",""title"":""mdc_photo_mdc_538a61_cdv_photo_006_1754601625335.jpg"",""ext"":""jpg"",""panorama"":false,""isDir"":false},{""pathname"":""/Collected Media/map_2662324/layer_6728851/mdc_photo_mdc_61578c_cdv_photo_003_1754676342340.jpg"",""rid"":39661242,""lid"":""6728851"",""fid"":""1090"",""field"":""site_photos"",""title"":""mdc_photo_mdc_61578c_cdv_photo_003_1754676342340.jpg"",""ext"":""jpg"",""panorama"":false,""isDir"":false}]",7707 Mojave Dr MH ML SW ,TX,2025/08/08,,,,12:03,,2,Kyle Graham ,,,2025/08/08,,,-----------------,,,Push Camera,https://pipeviewamerica.sharefile.com/home/shared/fo8a4ff2-56b9-4372-8774-61b7e99b9944,,
COMPLETE NO BILL,2025-08-08,,7707,,Mojave Dr,El Paso,,,,,,2025/08/08,4600,Kingman Alpine relo El Paso ,,,Jason Claunch,Kyle Graham ,,,,,,End/damage,9T,3T,9T,,,,,91.8,67.8,57.2,17.6,,,,,,,,2025/08/08,LETS,2025/08/08,LETS,,Post,One Gas,,31.7598,-106.362,yes,1,1,,"08/08/2025 4600 ran into warp in pipe 10’ before GSI, this section is clear but will need to go from opposite end for the rest of the ML.",,One Gas,"___json[{""pathname"":""/Collected Media/map_2662324/layer_6728851/mdc_photo_mdc_c12e22_cdv_photo_009_1754676886011.jpg"",""rid"":39661339,""lid"":""6728851"",""fid"":""1155"",""field"":""photo_map"",""title"":""mdc_photo_mdc_c12e22_cdv_photo_009_1754676886011.jpg"",""ext"":""jpg"",""panorama"":false,""isDir"":false}]",N/A,0723,COMPLETE NO BILL,,,,,,,,,,,,,,,,,,,,,,,,,,,,91.8,,,91.8,Main Inspection,"___json[{""pathname"":""/Collected Media/map_2662324/layer_6728851/mdc_photo_mdc_b902ff_cdv_photo_004_1754676657758.jpg"",""rid"":39661307,""lid"":""6728851"",""fid"":""1155"",""field"":""site_photos"",""title"":""mdc_photo_mdc_b902ff_cdv_photo_004_1754676657758.jpg"",""ext"":""jpg"",""panorama"":false,""isDir"":false},{""pathname"":""/Collected Media/map_2662324/layer_6728851/mdc_photo_mdc_9899c7_cdv_photo_005_1754676657758.jpg"",""rid"":39661308,""lid"":""6728851"",""fid"":""1155"",""field"":""site_photos"",""title"":""mdc_photo_mdc_9899c7_cdv_photo_005_1754676657758.jpg"",""ext"":""jpg"",""panorama"":false,""isDir"":false},{""pathname"":""/Collected Media/map_2662324/layer_6728851/mdc_photo_mdc_4ef9f3_cdv_photo_006_1754676657758.jpg"",""rid"":39661309,""lid"":""6728851"",""fid"":""1155"",""field"":""site_photos"",""title"":""mdc_photo_mdc_4ef9f3_cdv_photo_006_1754676657758.jpg"",""ext"":""jpg"",""panorama"":false,""isDir"":false},{""pathname"":""/Collected Media/map_2662324/layer_6728851/mdc_photo_mdc_11d611_cdv_photo_007_1754676657758.jpg"",""rid"":39661310,""lid"":""6728851"",""fid"":""1155"",""field"":""site_photos"",""title"":""mdc_photo_mdc_11d611_cdv_photo_007_1754676657758.jpg"",""ext"":""jpg"",""panorama"":false,""isDir"":false}]",7707 Mojave Dr MH ML SW,TX,2025/08/08,,,,12:07,MH ML SW,2,N/A,,,,,,N/A,,,CCTV,,,
COMPLETE,2025-05-05,,232,,SW TERRA DR ,TOPEKA ,,,,,,2025/05/05,1800,PW-24R3-TOPEKA-SW SANNEMAN AND TERRA DR-CWO-5/31/25 ,,,Eric Zerr,Carter Pacheco,56,29,29,29,0,TAP,END/UNKNOWN BLOCKAGE,END,GMI,CO,,No,East,6.1,43.7,27,21.6,0,6.1,,,,,,2025/05/05,PO & LETS,2025/05/05,PO & LETS,,Post,SCOTT.LOVELADY@ONEGAS.COM,1,38.9784,-95.6862,yes,2,2,,,,One Gas,"___json[{""pathname"":""/Collected Media/map_2662324/layer_6728851/mdc_photo_mdc_3ca798_cdv_photo_003_1746462741649.jpg"",""rid"":38439410,""lid"":""6728851"",""fid"":""542"",""field"":""photo_map"",""title"":""mdc_photo_mdc_3ca798_cdv_photo_003_1746462741649.jpg"",""ext"":""jpg"",""panorama"":false,""isDir"":false}]",Yes,0406,COMPLETE,,,,,,,,VIDEO IS CLEAR UNTIL END AT UNKOWN CROSSBORE ,"VIDEO FROM UNKNOWN CROSSBORE TO CO, GMI IS CLEAR",,2025/05/08,2025/09/18,,Katy Thompson,Katy Thompson,,Pass,Pass,,A,B,C,D,E,,,,,1,,,Lateral Inspection,"___json[{""pathname"":""/Collected Media/map_2662324/layer_6728851/mdc_photo_mdc_b70b58_cdv_photo_001_1746458873189.jpg"",""rid"":38438835,""lid"":""6728851"",""fid"":""542"",""field"":""site_photos"",""title"":""mdc_photo_mdc_b70b58_cdv_photo_001_1746458873189.jpg"",""ext"":""jpg"",""panorama"":false,""isDir"":false},{""pathname"":""/Collected Media/map_2662324/layer_6728851/mdc_photo_mdc_b0c055_cdv_photo_1746458822_1746458873189.jpg"",""rid"":38438836,""lid"":""6728851"",""fid"":""542"",""field"":""site_photos"",""title"":""mdc_photo_mdc_b0c055_cdv_photo_1746458822_1746458873189.jpg"",""ext"":""jpg"",""panorama"":false,""isDir"":false},{""pathname"":""/Collected Media/map_2662324/layer_6728851/mdc_photo_mdc_61dd12_cdv_photo_000_1746460775947.jpg"",""rid"":38439129,""lid"":""6728851"",""fid"":""542"",""field"":""site_photos"",""title"":""mdc_photo_mdc_61dd12_cdv_photo_000_1746460775947.jpg"",""ext"":""jpg"",""panorama"":false,""isDir"":false}]",MH 232 SW TERRA DR ,KS,2025/05/05,,,South,10:05,,2,Eric Zerr,Benjamin Bonnell,,2025/05/05,2025/05/05,,1800 LETS,1800 PO,,Lateral Launch,https://pioneer.sewerai.com/dashboard/review/1332baca-605c-4239-b8c0-106fc5e889ae?t=2&limit=30&offset=0&project=25PV0406+ONE+GAS+&client_reviewed=false&street_address=SW+TERRA+DR,https://pipeviewamerica.sharefile.com/d-sbe2d1be22abd4ae88ad8dcf6aee31cb2,
COMPLETE NO BILL,2025-08-08,,7602,,Alpine Dr,El Paso,,,,,,2025/08/08,4600,Kingman Alpine relo El Paso ,,,Jason Claunch,Kyle Graham ,,,,,,End,,,,,,No,,42.5,,,,,0.2,,,,,,2025/08/08,LETS,2025/08/08,LETS,,Post,One Gas,,31.7598,-106.362,yes,1,1,,"08/07/2025 4600 cannot locate any clean outs on property, homeowner doesn’t know where they are. We need lets to verify.
08/08/2025 4600 found tap in mainline ran to foundation. This property is clear.",,One Gas,"___json[{""pathname"":""/Collected Media/map_2662324/layer_6728851/mdc_photo_mdc_4af373_cdv_photo_010_1754677265457.jpg"",""rid"":39661435,""lid"":""6728851"",""fid"":""1117"",""field"":""photo_map"",""title"":""mdc_photo_mdc_4af373_cdv_photo_010_1754677265457.jpg"",""ext"":""jpg"",""panorama"":false,""isDir"":false}]",N/A,0723,COMPLETE NO BILL,,,,,,,,,,,,,,,,,,,,,,,,,,,,,1,,,Lateral Inspection,"___json[{""pathname"":""/Collected Media/map_2662324/layer_6728851/mdc_photo_mdc_9f15e8_cdv_photo_040_1754618547672.jpg"",""rid"":39650934,""lid"":""6728851"",""fid"":""1117"",""field"":""site_photos"",""title"":""mdc_photo_mdc_9f15e8_cdv_photo_040_1754618547672.jpg"",""ext"":""jpg"",""panorama"":false,""isDir"":false},{""pathname"":""/Collected Media/map_2662324/layer_6728851/mdc_photo_mdc_794f5e_cdv_photo_1754677124_1754677160401.jpg"",""rid"":39661418,""lid"":""6728851"",""fid"":""1117"",""field"":""site_photos"",""title"":""mdc_photo_mdc_794f5e_cdv_photo_1754677124_1754677160401.jpg"",""ext"":""jpg"",""panorama"":false,""isDir"":false}]",7602 Alpine Dr MH ML E,TX,2025/08/08,,,,12:15,,2,Jason Claunch,,,2025/08/08,,,-----------------,,,CCTV,,,
COMPLETE NO BILL,2025-08-08,,7602,,Alpine DR,El Paso,,,,,,2025/08/08,4600,Kingman Alpine relo El Paso ,,,Jason Claunch,Kyle Graham ,,,,,,End,9T,3T,,,,,,107.6,44.6,42.4,,,,,,,,,2025/08/08,LETS,2025/08/08,LETS,,Post,One Gas,,35.0699,-101.918,yes,1,1,,08/08/2025 4600 ran from MH to edge corner edge of block this section of main is clear,,One Gas,"___json[{""pathname"":""/Collected Media/map_2662324/layer_6728851/mdc_photo_mdc_ae4de5_cdv_photo_015_1754915218460.jpg"",""rid"":39683317,""lid"":""6728851"",""fid"":""1160"",""field"":""photo_map"",""title"":""mdc_photo_mdc_ae4de5_cdv_photo_015_1754915218460.jpg"",""ext"":""jpg"",""panorama"":false,""isDir"":false}]",N/A,0723,COMPLETE NO BILL,,,,,,,,,,,,,,,,,,,,,,,,,,,,107.6,,,107.6,Main Inspection,"___json[{""pathname"":""/Collected Media/map_2662324/layer_6728851/mdc_photo_mdc_e28129_cdv_photo_006_1754914972653.jpg"",""rid"":39683298,""lid"":""6728851"",""fid"":""1160"",""field"":""site_photos"",""title"":""mdc_photo_mdc_e28129_cdv_photo_006_1754914972653.jpg"",""ext"":""jpg"",""panorama"":false,""isDir"":false},{""pathname"":""/Collected Media/map_2662324/layer_6728851/mdc_photo_mdc_8c2f57_cdv_photo_007_1754914972653.jpg"",""rid"":39683299,""lid"":""6728851"",""fid"":""1160"",""field"":""site_photos"",""title"":""mdc_photo_mdc_8c2f57_cdv_photo_007_1754914972653.jpg"",""ext"":""jpg"",""panorama"":false,""isDir"":false}]",7602,TX,2025/08/08,,,,06:33,MH ML W,2,N/A,,,,,,N/A,,,CCTV,,,
COMPLETE NO BILL,2025-08-07,,7612,,Alpine Dr,El Paso,,,,,,2025/08/07,4600,Kingman Alpine relo El Paso ,,,Jason Claunch,Kyle Graham ,,,,,,End,,,,,,,,43,,,,,,,,,,,2025/08/07,PO,2025/08/07,PO,,Post,One Gas,1,31.7598,-106.362,yes,1,1,,"08/07/2025 4600 pushed to ML, this lateral will not cross gas. This is clear",,One Gas,"___json[{""pathname"":""/Collected Media/map_2662324/layer_6728851/mdc_photo_mdc_e82163_cdv_photo_017_1754605375076.jpg"",""rid"":39649651,""lid"":""6728851"",""fid"":""1085"",""field"":""photo_map"",""title"":""mdc_photo_mdc_e82163_cdv_photo_017_1754605375076.jpg"",""ext"":""jpg"",""panorama"":false,""isDir"":false}]",Yes,0723,COMPLETE NO BILL,,,,,,,,PASS-JAB,,,2025/08/29,,,Jay Brown,,,Pass,,,,,,,,,,,,,,,Lateral Inspection,"___json[{""pathname"":""/Collected Media/map_2662324/layer_6728851/mdc_photo_mdc_50f3af_cdv_photo_001_1754598450321.jpg"",""rid"":39648425,""lid"":""6728851"",""fid"":""1085"",""field"":""site_photos"",""title"":""mdc_photo_mdc_50f3af_cdv_photo_001_1754598450321.jpg"",""ext"":""jpg"",""panorama"":false,""isDir"":false}]",,TX,2025/08/07,,,,14:23,,2,Jason Claunch,,,2025/08/07,,,-----------------,,,Push Camera,https://pipeviewamerica.sharefile.com/home/shared/fod7db67-4411-4c59-be70-2f697837d752,,
COMPLETE,2025-05-05,,228 ,,SW TERRA DR,TOPEKA,,,,,,2025/05/05,1800,PW-24R3-TOPEKA-SW SANNEMAN AND TERRA DR-CWO-5/31/25,,,Benjamin Bonnell,Robert Gudgel,0,30,33,0,,C/O,GSI,GMI,END,,,,,0,6,62.7,119,,,,,,,,2025/05/05,PO,2025/05/05,PO,,Post,SCOTT.LOVELADY@ONEGAS.COM,1,38.9764,-95.6822,yes,1,1,,,,One Gas,"___json[{""pathname"":""/Collected Media/map_2662324/layer_6728851/mdc_photo_mdc_709236_cdv_photo_000_1746472704769.jpg"",""rid"":38441076,""lid"":""6728851"",""fid"":""565"",""field"":""photo_map"",""title"":""mdc_photo_mdc_709236_cdv_photo_000_1746472704769.jpg"",""ext"":""jpg"",""panorama"":false,""isDir"":false}]",Yes,0406,COMPLETE,,,,,,,,,,,2025/09/18,,,Katy Thompson,,,Pass,,,A,B,C,,,,,,,,,,Lateral Inspection,"___json[{""pathname"":""/Collected Media/map_2662324/layer_6728851/mdc_photo_mdc_559621_cdv_photo_000_1746472208000.jpg"",""rid"":38441003,""lid"":""6728851"",""fid"":""565"",""field"":""site_photos"",""title"":""mdc_photo_mdc_559621_cdv_photo_000_1746472208000.jpg"",""ext"":""jpg"",""panorama"":false,""isDir"":false},{""pathname"":""/Collected Media/map_2662324/layer_6728851/mdc_photo_mdc_5ba839_cdv_photo_001_1746472208000.jpg"",""rid"":38441004,""lid"":""6728851"",""fid"":""565"",""field"":""site_photos"",""title"":""mdc_photo_mdc_5ba839_cdv_photo_001_1746472208000.jpg"",""ext"":""jpg"",""panorama"":false,""isDir"":false},{""pathname"":""/Collected Media/map_2662324/layer_6728851/mdc_photo_mdc_99632b_cdv_photo_002_1746472208000.jpg"",""rid"":38441005,""lid"":""6728851"",""fid"":""565"",""field"":""site_photos"",""title"":""mdc_photo_mdc_99632b_cdv_photo_002_1746472208000.jpg"",""ext"":""jpg"",""panorama"":false,""isDir"":false}]",,KS,2025/05/05,,,,13:54,,2,Benjamin Bonnell,,,2025/05/05,,,1800 PO,,,Push Camera,https://pipeviewamerica.sharefile.com/d-s2adeebc3fdb147b7a752dc4d7738bcfc,,
COMPLETE NO BILL,2025-08-08,,7603,,Alpine Dr,El Paso,,,,,,2025/08/08,4600,Kingman Alpine relo El Paso ,,,Jason Claunch,Kyle Graham ,,,,,,End,,,,,,,East,43.9,,,,,2.1,,,,,,2025/08/08,LETS,2025/08/08,LETS,,Post,One Gas,,31.7598,-106.362,yes,1,1,,"08/07/2025 4600 knocked and got permission, could not find a CO, will need lets to clear
08/08/2025 4600 ran lateral to foundation, no crossing, this is clear.",,One Gas,"___json[{""pathname"":""/Collected Media/map_2662324/layer_6728851/mdc_photo_mdc_684101_cdv_photo_014_1754677453623.jpg"",""rid"":39661489,""lid"":""6728851"",""fid"":""1107"",""field"":""photo_map"",""title"":""mdc_photo_mdc_684101_cdv_photo_014_1754677453623.jpg"",""ext"":""jpg"",""panorama"":false,""isDir"":false}]",N/A,0723,COMPLETE NO BILL,,,,,,,,,,,,,,,,,,,,,,,,,,,,,1,,,Lateral Inspection,"___json[{""pathname"":""/Collected Media/map_2662324/layer_6728851/mdc_photo_mdc_2e7dd3_cdv_photo_1754610017_1754610023878.jpg"",""rid"":39650344,""lid"":""6728851"",""fid"":""1107"",""field"":""site_photos"",""title"":""mdc_photo_mdc_2e7dd3_cdv_photo_1754610017_1754610023878.jpg"",""ext"":""jpg"",""panorama"":false,""isDir"":false},{""pathname"":""/Collected Media/map_2662324/layer_6728851/mdc_photo_mdc_21fad9_cdv_photo_011_1754677391332.jpg"",""rid"":39661469,""lid"":""6728851"",""fid"":""1107"",""field"":""site_photos"",""title"":""mdc_photo_mdc_21fad9_cdv_photo_011_1754677391332.jpg"",""ext"":""jpg"",""panorama"":false,""isDir"":false},{""pathname"":""/Collected Media/map_2662324/layer_6728851/mdc_photo_mdc_3dbc47_cdv_photo_012_1754677391332.jpg"",""rid"":39661470,""lid"":""6728851"",""fid"":""1107"",""field"":""site_photos"",""title"":""mdc_photo_mdc_3dbc47_cdv_photo_012_1754677391332.jpg"",""ext"":""jpg"",""panorama"":false,""isDir"":false},{""pathname"":""/Collected Media/map_2662324/layer_6728851/mdc_photo_mdc_515b4a_cdv_photo_013_1754677391332.jpg"",""rid"":39661471,""lid"":""6728851"",""fid"":""1107"",""field"":""site_photos"",""title"":""mdc_photo_mdc_515b4a_cdv_photo_013_1754677391332.jpg"",""ext"":""jpg"",""panorama"":false,""isDir"":false}]",7602 Alpine Dr MH ML E ,TX,2025/08/08,,,,12:21,,2,Jason Claunch,,,2025/08/08,,,-----------------,,,CCTV,,,
COMPLETE,2025-09-09,,MH 320 W SOUTH AVE,,SOUTH AVE,VINITA ,,,,,,2025/09/09,2400,K AND 3 ST NW ,,,James Atwood,Michael Parrish,0,160,,,,MH,END/GMI,,,,,,,0,164.7,,,,,,,,,,2025/09/09,LETS,2025/09/09,LETS,,Post,SCOTT.LOVELADY@ONEGAS.COM ,,36.6343,-95.1609,yes,1,1,,,,One Gas,"___json[{""pathname"":""/Collected Media/map_2662324/layer_6728851/mdc_photo_mdc_6656b2_cdv_photo_004_1757441984867.jpg"",""rid"":40090763,""lid"":""6728851"",""fid"":""1200"",""field"":""photo_map"",""title"":""mdc_photo_mdc_6656b2_cdv_photo_004_1757441984867.jpg"",""ext"":""jpg"",""panorama"":false,""isDir"":false}]",Yes,0406,COMPLETE,,,,,,,,LOTS OF WATER AND DEBRIS IN PIPE. GMI IS CLEAR.,,,2025/09/11,,,Katy Thompson,,,Pass,,,A,B,,,,,,,164.7,,,164.7,Main Inspection,"___json[{""pathname"":""/Collected Media/map_2662324/layer_6728851/mdc_photo_mdc_94cd86_cdv_photo_003_1757436776961.jpg"",""rid"":40089751,""lid"":""6728851"",""fid"":""1200"",""field"":""site_photos"",""title"":""mdc_photo_mdc_94cd86_cdv_photo_003_1757436776961.jpg"",""ext"":""jpg"",""panorama"":false,""isDir"":false}]",,OK,2025/09/09,,,East,11:17,ML EAST,2,James Atwood,,,2025/09/09,,,2400 LETS,,,CCTV,https://pioneer.sewerai.com/dashboard/review/44c73f40-6569-493a-84ac-4dad383dbcc1?t=1.13567&limit=30&offset=0&status=uploaded&issues=false&project=25PV0406+ONE+GAS+&ordering=Inspection_Date&client_reviewed=false&surveyed_by=JAMES,,
PO,2025-08-08,,7608,,Alpine Dr,El Paso,,,,,,,4600,Kingman Alpine relo El Paso ,,,Jason Claunch,Kyle Graham ,,,,,,,,,,,,,,,,,,,,,,,,,,,,,,Post,One Gas,,31.7597,-106.363,,,,08/07/2025 4600 cannot,"08/07/2025 4600 cannot locate CO in front of property, no answer. Vent stacks are way too tall to try and push. This will need lets to clear
08/08/2025 4600 found extended tap in mainline could not get let’s camera into lateral to clear it. Will need PO to clear.",,One Gas,,N/A,0723,PO,,,,,,,,,,,,,,,,,,,,,,,,,,,,,,,,Lateral Inspection,"___json[{""pathname"":""/Collected Media/map_2662324/layer_6728851/mdc_photo_mdc_bf1244_cdv_photo_021_1754606099872.jpg"",""rid"":39649733,""lid"":""6728851"",""fid"":""1102"",""field"":""site_photos"",""title"":""mdc_photo_mdc_bf1244_cdv_photo_021_1754606099872.jpg"",""ext"":""jpg"",""panorama"":false,""isDir"":false},{""pathname"":""/Collected Media/map_2662324/layer_6728851/mdc_photo_mdc_534c43_cdv_photo_004_1754681564393.jpg"",""rid"":39662333,""lid"":""6728851"",""fid"":""1102"",""field"":""site_photos"",""title"":""mdc_photo_mdc_534c43_cdv_photo_004_1754681564393.jpg"",""ext"":""jpg"",""panorama"":false,""isDir"":false}]",,TX,2025/08/08,,,,,,2,N/A,,,,,,N/A,,,,,,
ROD,2025-08-08,,7604,,Alpine Dr,El Paso,,,,,,,4600,Kingman Alpine relo El Paso ,,,Jason Claunch,Kyle Graham ,,,,,,End/roots,,,,,,,,13.4,,,,,,,,,,,,,,,,Post,One Gas,,31.7598,-106.362,yes,1,1,,"08/07/2025 4600 knocked but did not get an answer, no CO visible in front of property, camera on front door
08/08/2025 4600 lateral is full of roots and debris cannot make it through the foundation of house. Sidewalk was pulled open to install bore going across the road. Gas was bored 20 feet to the west of this lateral will not cross or conflict. Placing under rod until further instructions given.",,One Gas,"___json[{""pathname"":""/Collected Media/map_2662324/layer_6728851/mdc_photo_mdc_212926_cdv_photo_000_1754678074794.jpg"",""rid"":39661597,""lid"":""6728851"",""fid"":""1104"",""field"":""photo_map"",""title"":""mdc_photo_mdc_212926_cdv_photo_000_1754678074794.jpg"",""ext"":""jpg"",""panorama"":false,""isDir"":false}]",N/A,0723,ROD,,,,,,,,,,,,,,,,,,,,,,,,,,,,,1,,,Lateral Inspection,"___json[{""pathname"":""/Collected Media/map_2662324/layer_6728851/mdc_photo_mdc_6492c9_cdv_photo_027_1754606720525.jpg"",""rid"":39649777,""lid"":""6728851"",""fid"":""1104"",""field"":""site_photos"",""title"":""mdc_photo_mdc_6492c9_cdv_photo_027_1754606720525.jpg"",""ext"":""jpg"",""panorama"":false,""isDir"":false},{""pathname"":""/Collected Media/map_2662324/layer_6728851/mdc_photo_mdc_9fb066_cdv_photo_1754677839_1754677977869.jpg"",""rid"":39661583,""lid"":""6728851"",""fid"":""1104"",""field"":""site_photos"",""title"":""mdc_photo_mdc_9fb066_cdv_photo_1754677839_1754677977869.jpg"",""ext"":""jpg"",""panorama"":false,""isDir"":false},{""pathname"":""/Collected Media/map_2662324/layer_6728851/mdc_photo_mdc_7302a4_cdv_photo_1754677845_1754677977869.jpg"",""rid"":39661584,""lid"":""6728851"",""fid"":""1104"",""field"":""site_photos"",""title"":""mdc_photo_mdc_7302a4_cdv_photo_1754677845_1754677977869.jpg"",""ext"":""jpg"",""panorama"":false,""isDir"":false},{""pathname"":""/Collected Media/map_2662324/layer_6728851/mdc_photo_mdc_753627_cdv_photo_1754677866_1754677977869.jpg"",""rid"":39661585,""lid"":""6728851"",""fid"":""1104"",""field"":""site_photos"",""title"":""mdc_photo_mdc_753627_cdv_photo_1754677866_1754677977869.jpg"",""ext"":""jpg"",""panorama"":false,""isDir"":false}]",7602 Alpine Dr MH ML E ,TX,2025/08/08,,,,,,2,Jason Claunch,,,2025/08/08,,,--------------,,,,,,
COMPLETE NO BILL,2025-08-08,,7602,,Alpine Dr,El Paso,,,,,,2025/08/08,4600,Kingman Alpine relo El Paso ,,,Jason Claunch,Kyle Graham ,,,,,,End,9T,3T,3T,9T,,,,278.6,241,238.8,194.8,190.8,,,,,,,2025/08/08,LETS,2025/08/08,LETS,,Post,One Gas,,31.7597,-106.362,yes,1,1,,"08/08/2025 4600 ran as far as possible, stopped by extended tap, letsed out to meet end point of opposite side. This section is clear. All GSI are clear as they are potholed at approximately 4’, Sewer at 7-9’ throughout.

6. 130.4 9T
7. 119.9 3T
8. 65.5 9T
9. 54.9 3T
10. 2.1 9T
11. 0.3 3T",,One Gas,"___json[{""pathname"":""/Collected Media/map_2662324/layer_6728851/mdc_photo_mdc_57a72f_cdv_photo_016_1754915256932.jpg"",""rid"":39683318,""lid"":""6728851"",""fid"":""1159"",""field"":""photo_map"",""title"":""mdc_photo_mdc_57a72f_cdv_photo_016_1754915256932.jpg"",""ext"":""jpg"",""panorama"":false,""isDir"":false}]",N/A,0723,COMPLETE NO BILL,,,,,,,,,,,,,,,,,,,,,,,,,,,,278.6,,,278.6,Lateral Inspection,"___json[{""pathname"":""/Collected Media/map_2662324/layer_6728851/mdc_photo_mdc_e2d609_cdv_photo_008_1754914974568.jpg"",""rid"":39683300,""lid"":""6728851"",""fid"":""1159"",""field"":""site_photos"",""title"":""mdc_photo_mdc_e2d609_cdv_photo_008_1754914974568.jpg"",""ext"":""jpg"",""panorama"":false,""isDir"":false},{""pathname"":""/Collected Media/map_2662324/layer_6728851/mdc_photo_mdc_ef2714_cdv_photo_009_1754914974568.jpg"",""rid"":39683301,""lid"":""6728851"",""fid"":""1159"",""field"":""site_photos"",""title"":""mdc_photo_mdc_ef2714_cdv_photo_009_1754914974568.jpg"",""ext"":""jpg"",""panorama"":false,""isDir"":false},{""pathname"":""/Collected Media/map_2662324/layer_6728851/mdc_photo_mdc_cc878d_cdv_photo_010_1754914974568.jpg"",""rid"":39683302,""lid"":""6728851"",""fid"":""1159"",""field"":""site_photos"",""title"":""mdc_photo_mdc_cc878d_cdv_photo_010_1754914974568.jpg"",""ext"":""jpg"",""panorama"":false,""isDir"":false},{""pathname"":""/Collected Media/map_2662324/layer_6728851/mdc_photo_mdc_8556be_cdv_photo_011_1754914974568.jpg"",""rid"":39683303,""lid"":""6728851"",""fid"":""1159"",""field"":""site_photos"",""title"":""mdc_photo_mdc_8556be_cdv_photo_011_1754914974568.jpg"",""ext"":""jpg"",""panorama"":false,""isDir"":false},{""pathname"":""/Collected Media/map_2662324/layer_6728851/mdc_photo_mdc_5b9221_cdv_photo_012_1754914974568.jpg"",""rid"":39683304,""lid"":""6728851"",""fid"":""1159"",""field"":""site_photos"",""title"":""mdc_photo_mdc_5b9221_cdv_photo_012_1754914974568.jpg"",""ext"":""jpg"",""panorama"":false,""isDir"":false},{""pathname"":""/Collected Media/map_2662324/layer_6728851/mdc_photo_mdc_cac0bd_cdv_photo_013_1754914974568.jpg"",""rid"":39683305,""lid"":""6728851"",""fid"":""1159"",""field"":""site_photos"",""title"":""mdc_photo_mdc_cac0bd_cdv_photo_013_1754914974568.jpg"",""ext"":""jpg"",""panorama"":false,""isDir"":false},{""pathname"":""/Collected Media/map_2662324/layer_6728851/mdc_photo_mdc_fdb58c_cdv_photo_014_1754914974568.jpg"",""rid"":39683306,""lid"":""6728851"",""fid"":""1159"",""field"":""site_photos"",""title"":""mdc_photo_mdc_fdb58c_cdv_photo_014_1754914974568.jpg"",""ext"":""jpg"",""panorama"":false,""isDir"":false}]",7602 Alpine Dr MH ML E ,TX,2025/08/08,,,,13:37,MH ML E,2,Jason Claunch,,,2025/08/08,,,-----------------,,,CCTV,,,
COMPLETE,2025-05-05,,223,,SW TERRA DR ,TOPEKA ,,,,,,2025/05/05,1800,PW-24R3-TOPEKA-SW SANNEMAN AND TERRA DR-CWO-5/31/25 ,,,Eric Zerr,Carter Pacheco,58,0,0,,,MH 225 SW TERRA DR ,12T,END,,,,No,South,0,72.3,81.2,,,0,,,,,,2025/05/05,PO,2025/05/05,PO,,Post,SCOTT.LOVELADY@ONEGAS.COM,1,38.9783,-95.6854,yes,1,1,,,,One Gas,"___json[{""pathname"":""/Collected Media/map_2662324/layer_6728851/mdc_photo_mdc_58f5d4_cdv_photo_000_1758282849770.jpg"",""rid"":40218832,""lid"":""6728851"",""fid"":""568"",""field"":""photo_map"",""title"":""mdc_photo_mdc_58f5d4_cdv_photo_000_1758282849770.jpg"",""ext"":""jpg"",""panorama"":false,""isDir"":false}]",Yes,0406,COMPLETE,,,,,,,,"MAP ADDED.

NEED MAP VIDEO IS CLEAR, NO CROSSINGS.",,,2025/09/19,,,Katy Thompson,,,Pass,,,A,B,C,,,,,,,,,,Lateral Inspection,,MH 225 SW TERRA DR ,KS,2025/05/05,,,,15:09,,2,Eric Zerr,,,2025/05/05,,,1800 PO,,,Push Camera,https://pipeviewamerica.sharefile.com/d-sf48148094ac34a6a862c90b4df1aa17f,,
COMPLETE NO BILL,2025-08-08,,7605,,Alpine Dr,El Paso,,,,,,2025/08/08,4600,Kingman Alpine relo El Paso ,,,Jason Claunch,Kyle Graham ,,,,,,End,,,,,,,,32.3,,,,,,,,,,,2025/08/08,LETS,2025/08/08,LETS,,Post,One Gas,,31.7597,-106.362,yes,1,1,,"08/07/2025 4600 investigated around property and could not locate any cleanout to push from. Homeowner does not know where their cleanouts are located. Vent stack is way too tall for us to push from. We need let’s to verify.

08/08/2025 4600 found tap in ML and ran to foundation. This lateral is clear.",,One Gas,"___json[{""pathname"":""/Collected Media/map_2662324/layer_6728851/mdc_photo_mdc_343d2a_cdv_photo_002_1754678543481.jpg"",""rid"":39661675,""lid"":""6728851"",""fid"":""1116"",""field"":""photo_map"",""title"":""mdc_photo_mdc_343d2a_cdv_photo_002_1754678543481.jpg"",""ext"":""jpg"",""panorama"":false,""isDir"":false}]",N/A,0723,COMPLETE NO BILL,,,,,,,,,,,,,,,,,,,,,,,,,,,,,1,,,Lateral Inspection,"___json[{""pathname"":""/Collected Media/map_2662324/layer_6728851/mdc_photo_mdc_1513de_cdv_photo_039_1754618272375.jpg"",""rid"":39650921,""lid"":""6728851"",""fid"":""1116"",""field"":""site_photos"",""title"":""mdc_photo_mdc_1513de_cdv_photo_039_1754618272375.jpg"",""ext"":""jpg"",""panorama"":false,""isDir"":false},{""pathname"":""/Collected Media/map_2662324/layer_6728851/mdc_photo_mdc_ae8f8e_cdv_photo_1754678522_1754678525184.jpg"",""rid"":39661673,""lid"":""6728851"",""fid"":""1116"",""field"":""site_photos"",""title"":""mdc_photo_mdc_ae8f8e_cdv_photo_1754678522_1754678525184.jpg"",""ext"":""jpg"",""panorama"":false,""isDir"":false}]",7602 Alpine Dr MH ML E ,TX,2025/08/08,,,,12:35,,2,Jason Claunch,,,2025/08/08,,,-----------------,,,CCTV,,,
COMPLETE NO BILL,2025-08-06,,7705,,Veracruz Ave,El Paso,,,,,,2025/08/06,4600,Acapulco El Paso,,,Jason Claunch,Kyle Graham ,,,,,,End,GMI Sewer@47” Gas@28”,,,,,,,31.6,22.5,,,,,,,,,,2025/08/06,LETS,2025/08/06,LETS,,Post,One Gas,1,31.747,-106.358,yes,2,2,,"08/06/2025 4600 found tap in mainline and ran to foundation of property, GMI and lateral are both clear. Hit bad offset and pushed CO to end of Lets camera video. Cannot mark due to car in driveway. Gas service is parallel and will not cross.

PO push End@30’",,One Gas,"___json[{""pathname"":""/Collected Media/map_2662324/layer_6728851/mdc_photo_mdc_8f5f4e_cdv_photo_009_1754506162111.jpg"",""rid"":39629532,""lid"":""6728851"",""fid"":""1030"",""field"":""photo_map"",""title"":""mdc_photo_mdc_8f5f4e_cdv_photo_009_1754506162111.jpg"",""ext"":""jpg"",""panorama"":false,""isDir"":false}]",No,0723,COMPLETE NO BILL,,,,,,,,NEED LETS VIDEO,,,2025/08/13,,,Jay Brown,,,Fail,,,,,,,,,,,,1,,,Lateral Inspection,"___json[{""pathname"":""/Collected Media/map_2662324/layer_6728851/mdc_photo_mdc_a8f652_cdv_photo_1754495311_1754495993976.jpg"",""rid"":39626723,""lid"":""6728851"",""fid"":""1030"",""field"":""site_photos"",""title"":""mdc_photo_mdc_a8f652_cdv_photo_1754495311_1754495993976.jpg"",""ext"":""jpg"",""panorama"":false,""isDir"":false},{""pathname"":""/Collected Media/map_2662324/layer_6728851/mdc_photo_mdc_fd08db_cdv_photo_1754495316_1754495993976.jpg"",""rid"":39626724,""lid"":""6728851"",""fid"":""1030"",""field"":""site_photos"",""title"":""mdc_photo_mdc_fd08db_cdv_photo_1754495316_1754495993976.jpg"",""ext"":""jpg"",""panorama"":false,""isDir"":false},{""pathname"":""/Collected Media/map_2662324/layer_6728851/mdc_photo_mdc_6a0961_cdv_photo_1754495324_1754495993976.jpg"",""rid"":39626725,""lid"":""6728851"",""fid"":""1030"",""field"":""site_photos"",""title"":""mdc_photo_mdc_6a0961_cdv_photo_1754495324_1754495993976.jpg"",""ext"":""jpg"",""panorama"":false,""isDir"":false},{""pathname"":""/Collected Media/map_2662324/layer_6728851/mdc_photo_mdc_7a6bef_cdv_photo_1754495331_1754495993976.jpg"",""rid"":39626726,""lid"":""6728851"",""fid"":""1030"",""field"":""site_photos"",""title"":""mdc_photo_mdc_7a6bef_cdv_photo_1754495331_1754495993976.jpg"",""ext"":""jpg"",""panorama"":false,""isDir"":false},{""pathname"":""/Collected Media/map_2662324/layer_6728851/mdc_photo_mdc_5edaf0_cdv_photo_1754498026_1754498269980.jpg"",""rid"":39627316,""lid"":""6728851"",""fid"":""1030"",""field"":""site_photos"",""title"":""mdc_photo_mdc_5edaf0_cdv_photo_1754498026_1754498269980.jpg"",""ext"":""jpg"",""panorama"":false,""isDir"":false}]",7701 Veracruz Ave MH ML E,TX,2025/08/06,,,,09:49,,2,Jason Claunch,Kyle Graham ,,2025/08/06,2025/08/06,,-----------------,---------------------,,CCTV,https://pipeviewamerica.sharefile.com/home/shared/fo77380b-f405-41ce-b67e-9fdb2c08874e,,
COMPLETE NO BILL,2025-08-08,,7601,,Alpine Dr,El Paso,,,,,,2025/08/08,4600,Kingman Alpine relo El Paso ,,,Jason Claunch,Kyle Graham ,,,,,,End,,,,,,,,69,,,,,,,,,,,2025/08/08,PO,2025/08/08,PO,,Post,One Gas,1,34.9586,-101.862,yes,1,1,,"08/07/2025 4600 gates were locked when we approached house will return tomorrow to try to push or clear through lets

08/08/2025 4600 pushed from CO to ML, this lateral is clear.",,One Gas,,Yes,0723,COMPLETE NO BILL,,,,,,,,PASS-JAB,,,2025/08/29,,,Jay Brown,,,Pass,,,,,,,,,,,,,,,Lateral Inspection,"___json[{""pathname"":""/Collected Media/map_2662324/layer_6728851/mdc_photo_mdc_ee4637_cdv_photo_041_1754618779955.jpg"",""rid"":39650954,""lid"":""6728851"",""fid"":""1119"",""field"":""site_photos"",""title"":""mdc_photo_mdc_ee4637_cdv_photo_041_1754618779955.jpg"",""ext"":""jpg"",""panorama"":false,""isDir"":false},{""pathname"":""/Collected Media/map_2662324/layer_6728851/mdc_photo_mdc_cb65b6_cdv_photo_1754683404_1754684120883.jpg"",""rid"":39662735,""lid"":""6728851"",""fid"":""1119"",""field"":""site_photos"",""title"":""mdc_photo_mdc_cb65b6_cdv_photo_1754683404_1754684120883.jpg"",""ext"":""jpg"",""panorama"":false,""isDir"":false}]",,TX,2025/08/08,,,,14:14,,2,Kyle Graham ,,,2025/08/08,,,-----------------,,,Push Camera,https://pipeviewamerica.sharefile.com/home/shared/foff0e7d-d0fd-4c6e-b04f-d2293e654883,,
COMPLETE NO BILL,2025-08-08,,7602,,Kingman DR,El Paso,,,,,,2025/08/08,---------------------,Kingman DR,,,---------------------,---------------------,0,0.24,,,,End,GMI,,,,,No,,59,,,,,,,,,,,2025/08/08,LETS,2025/08/08,LETS,,Post,El paso ,,31.7612,-106.362,yes,1,1,,"Truck5100 Lead - Christian E. Tech - Derek K. 
End @ 59
GMI @ @ 0.34",,One Gas,"___json[{""pathname"":""/Collected Media/map_2662324/layer_6728851/mdc_photo_mdc_98856c_cdv_photo_026_1754678829817.jpg"",""rid"":39661726,""lid"":""6728851"",""fid"":""1158"",""field"":""photo_map"",""title"":""mdc_photo_mdc_98856c_cdv_photo_026_1754678829817.jpg"",""ext"":""jpg"",""panorama"":false,""isDir"":false}]",Yes,0723,COMPLETE NO BILL,,,,,,,,GMI IS CLEAR,,,2025/12/10,,,Katy Thompson,,,Pass,,,A,,,,,,,,,1,,,Lateral Inspection,"___json[{""pathname"":""/Collected Media/map_2662324/layer_6728851/mdc_photo_mdc_632fa8_cdv_photo_023_1754678829817.jpg"",""rid"":39661723,""lid"":""6728851"",""fid"":""1158"",""field"":""site_photos"",""title"":""mdc_photo_mdc_632fa8_cdv_photo_023_1754678829817.jpg"",""ext"":""jpg"",""panorama"":false,""isDir"":false},{""pathname"":""/Collected Media/map_2662324/layer_6728851/mdc_photo_mdc_1a92e5_cdv_photo_024_1754678829817.jpg"",""rid"":39661724,""lid"":""6728851"",""fid"":""1158"",""field"":""site_photos"",""title"":""mdc_photo_mdc_1a92e5_cdv_photo_024_1754678829817.jpg"",""ext"":""jpg"",""panorama"":false,""isDir"":false},{""pathname"":""/Collected Media/map_2662324/layer_6728851/mdc_photo_mdc_addbc1_cdv_photo_025_1754678829817.jpg"",""rid"":39661725,""lid"":""6728851"",""fid"":""1158"",""field"":""site_photos"",""title"":""mdc_photo_mdc_addbc1_cdv_photo_025_1754678829817.jpg"",""ext"":""jpg"",""panorama"":false,""isDir"":false}]",,TX,2025/08/08,,,,12:17,,2,N/A,,,2025/08/08,,,N/A,,,Lateral Launch,https://pioneer.sewerai.com/dashboard/review/472c3ce7-7256-4ca5-977a-24cf513d4d35?t=0&limit=30&offset=0&status=uploaded&client_reviewed=false&issues=false&ordering=-Inspection_Date&project=25PV0406+ONE+GAS+,,
COMPLETE,2025-09-08,,MH 310 W EXCELSIOR AVE ,,W EXCELSIOR AVE,VINITA ,,,,,,2025/09/08,2400,K & 3 STNW ,,,James Atwood,Michael Parrish,0,47,0,,,TAP,GMI,END,,,,,,0,56.4,100,,,,,,,TO ML SOUTH,,2025/09/08,LETS,2025/09/08,LETS,,Post,SCOTT.LOVELADY@ONEGAS.COM ,,36.6325,-95.1618,yes,1,1,,NO CONFLICT,,One Gas,"___json[{""pathname"":""/Collected Media/map_2662324/layer_6728851/mdc_photo_mdc_75486d_cdv_photo_000_1757364905316.jpg"",""rid"":40078173,""lid"":""6728851"",""fid"":""1182"",""field"":""photo_map"",""title"":""mdc_photo_mdc_75486d_cdv_photo_000_1757364905316.jpg"",""ext"":""jpg"",""panorama"":false,""isDir"":false}]",Yes,0406,COMPLETE,,,,,,,,,,,2025/09/11,,,Katy Thompson,,,Pass,,,A,B,C,,,,,,100,,,100,Main Inspection,"___json[{""pathname"":""/Collected Media/map_2662324/layer_6728851/mdc_photo_mdc_6e08f1_cdv_photo_005_1757364441905.jpg"",""rid"":40078133,""lid"":""6728851"",""fid"":""1182"",""field"":""site_photos"",""title"":""mdc_photo_mdc_6e08f1_cdv_photo_005_1757364441905.jpg"",""ext"":""jpg"",""panorama"":false,""isDir"":false}]",MH 310 W EXCELSIOR AVE ,OK,2025/09/08,,,West,15:44,TO ML SOUTH,2,James Atwood,,,2025/09/08,,,2400 LETS,,,CCTV,https://pioneer.sewerai.com/dashboard/review/2576e567-833a-4d6b-b5c7-489761ba7a85?t=0.937381&limit=30&offset=0&status=uploaded&issues=false&project=25PV0406+ONE+GAS+&ordering=Inspection_Date&client_reviewed=false,,
COMPLETE NO BILL,2025-08-07,,144,,Manor pl,El paso,,,1 rod,,,2025/08/07,---------------------,Manor Pl El Paso tx ,,,---------------------,---------------------,0,0.45,,,,End,GMI,,,,,No,,53,28,,,,,,,,,,2025/08/07,LETS,2025/08/07,LETS,,Post,Scott.lovelady@Onegas.com ,,31.7381,-106.254,yes,1,1,,,,One Gas,"___json[{""pathname"":""/Collected Media/map_2662324/layer_6728851/mdc_photo_mdc_e9d6b9_cdv_photo_028_1754622568548.jpg"",""rid"":39651214,""lid"":""6728851"",""fid"":""1132"",""field"":""photo_map"",""title"":""mdc_photo_mdc_e9d6b9_cdv_photo_028_1754622568548.jpg"",""ext"":""jpg"",""panorama"":false,""isDir"":false}]",Yes,0723,COMPLETE NO BILL,,,,,,,,,,,2025/08/14,,,Charlton Moren,,,Pass,,,A,B,,,,,,,,1,,,Lateral Inspection,,,TX,2025/08/07,,,,21:06,,2,---------------------,,,2025/08/07,,,-----------------,,,Lateral Launch,,,
COMPLETE NO BILL,2025-08-07,,141,,Manor pl,El paso,,,,,,2025/08/07,---------------------,Manor pl,,,---------------------,---------------------,0,,,,,End,,,,,,No,,46,,,,,,,,,,,2025/08/07,LETS,2025/08/07,LETS,,Post,Scott.lovelady@Onegas.com ,,31.7381,-106.254,yes,1,1,,"Truck5100 Lead - Christian E. Tech - Derek K. 
 ",,One Gas,"___json[{""pathname"":""/Collected Media/map_2662324/layer_6728851/mdc_photo_mdc_c86b0f_cdv_photo_027_1754622346810.jpg"",""rid"":39651207,""lid"":""6728851"",""fid"":""1131"",""field"":""photo_map"",""title"":""mdc_photo_mdc_c86b0f_cdv_photo_027_1754622346810.jpg"",""ext"":""jpg"",""panorama"":false,""isDir"":false}]",Yes,0723,COMPLETE NO BILL,,,,,Pass,,,,,,2025/08/14,,,Charlton Moren,,,,,,A,,,,,,,,,1,,,Lateral Inspection,,,TX,2025/08/07,,,,21:04,,2,---------------------,,,2025/08/07,,,-----------------,,,Lateral Launch,,,
COMPLETE,2025-05-06,,342,,SW LINDENWOOD AVE ,TOPEKA ,,,,,,2025/05/06,1800,PW-24R2-TOPEKA-2ND AND ORCHARD ,,,Eric Zerr,Carter Pacheco,115,88,,,,TAP,END,,,,,No,South,358.6,48.6,,,,358.6,,,,,,2025/05/06,LETS,2025/05/06,LETS,,Post,SCOTT.LOVELADY@ONEGAS.COM ,,39.0615,-95.7003,yes,1,1,,,,One Gas,"___json[{""pathname"":""/Collected Media/map_2662324/layer_6728851/mdc_photo_mdc_e66478_cdv_photo_001_1758296875314.jpg"",""rid"":40224639,""lid"":""6728851"",""fid"":""609"",""field"":""photo_map"",""title"":""mdc_photo_mdc_e66478_cdv_photo_001_1758296875314.jpg"",""ext"":""jpg"",""panorama"":false,""isDir"":false}]",Yes,0406,COMPLETE,,,,,,,,,,,2025/05/07,,,Katy Thompson,,,Pass,,,A,B,,,,,,,,1,,,Lateral Inspection,,MH 320 SW LINDENWOOD AVE  ,KS,2025/05/06,,,South,13:16,,2,Eric Zerr,,,2025/05/06,,,1800 LETS,,,Lateral Launch,https://pioneer.sewerai.com/dashboard/review/b71d8f23-52ed-460a-afcb-2a8535480b54?t=2.03188&limit=30&offset=0&project=25PV0406+ONE+GAS+&ordering=Lateral_Segment_Reference&surveyed_by=ERIC+ZERR&client_reviewed=false,,
COMPLETE NO BILL,2025-08-06,,7721,,Veracruze Ave,El Paso,,,,,,2025/08/06,4600,Acapulco El Paso ,,,Jason Claunch,Kyle Graham ,,,,,,End,GMI Sewer@41” Gas@27”,,,,,,,115,93,,,,,,,,,,2025/08/06,PO,2025/08/06,PO,,Post,One Gas,1,31.7473,-106.358,yes,1,1,,"08/06/2025 4600 pushed from CO to ML, this is clear at GMI.",,One Gas,"___json[{""pathname"":""/Collected Media/map_2662324/layer_6728851/mdc_photo_mdc_c5695e_cdv_photo_001_1754504275624.jpg"",""rid"":39629004,""lid"":""6728851"",""fid"":""1039"",""field"":""photo_map"",""title"":""mdc_photo_mdc_c5695e_cdv_photo_001_1754504275624.jpg"",""ext"":""jpg"",""panorama"":false,""isDir"":false}]",Yes,0723,COMPLETE NO BILL,,,,,,,,,,,2025/08/14,,,Jay Brown,,,Pass,,,,,,,,,,,,,,,Lateral Inspection,"___json[{""pathname"":""/Collected Media/map_2662324/layer_6728851/mdc_photo_mdc_ab119b_cdv_photo_002_1754504673556.jpg"",""rid"":39629170,""lid"":""6728851"",""fid"":""1039"",""field"":""site_photos"",""title"":""mdc_photo_mdc_ab119b_cdv_photo_002_1754504673556.jpg"",""ext"":""jpg"",""panorama"":false,""isDir"":false},{""pathname"":""/Collected Media/map_2662324/layer_6728851/mdc_photo_mdc_4be1d8_cdv_photo_003_1754504673556.jpg"",""rid"":39629171,""lid"":""6728851"",""fid"":""1039"",""field"":""site_photos"",""title"":""mdc_photo_mdc_4be1d8_cdv_photo_003_1754504673556.jpg"",""ext"":""jpg"",""panorama"":false,""isDir"":false},{""pathname"":""/Collected Media/map_2662324/layer_6728851/mdc_photo_mdc_58b9bc_cdv_photo_004_1754504673556.jpg"",""rid"":39629172,""lid"":""6728851"",""fid"":""1039"",""field"":""site_photos"",""title"":""mdc_photo_mdc_58b9bc_cdv_photo_004_1754504673556.jpg"",""ext"":""jpg"",""panorama"":false,""isDir"":false}]",,TX,2025/08/06,,,,12:06,,2,N/A,,,,,,N/A,,,Push Camera,https://pipeviewamerica.sharefile.com/home/shared/fo369197-de1b-4be1-8701-a360d40bb961,,
COMPLETE NO BILL,2025-08-06,,7720,,Veracruz Ave,El Paso,,,,,,2025/08/06,4600,Acapulco El Paso ,,,Jason Claunch,Kyle Graham ,,,,,,End,,,,,,,,100,,,,,,,,,,,2025/08/06,PO,2025/08/06,PO,,Post,One Gas,1,31.7473,-106.358,yes,1,1,,,,One Gas,"___json[{""pathname"":""/Collected Media/map_2662324/layer_6728851/mdc_photo_mdc_f187cf_cdv_photo_006_1754504715851.jpg"",""rid"":39629179,""lid"":""6728851"",""fid"":""1040"",""field"":""photo_map"",""title"":""mdc_photo_mdc_f187cf_cdv_photo_006_1754504715851.jpg"",""ext"":""jpg"",""panorama"":false,""isDir"":false}]",Yes,0723,COMPLETE NO BILL,,,,,,,,,,,2025/08/14,,,Jay Brown,,,Pass,,,,,,,,,,,,,,,Lateral Inspection,"___json[{""pathname"":""/Collected Media/map_2662324/layer_6728851/mdc_photo_mdc_f51d27_cdv_photo_005_1754504696427.jpg"",""rid"":39629177,""lid"":""6728851"",""fid"":""1040"",""field"":""site_photos"",""title"":""mdc_photo_mdc_f51d27_cdv_photo_005_1754504696427.jpg"",""ext"":""jpg"",""panorama"":false,""isDir"":false}]",,TX,2025/08/06,,,,12:12,,2,Kyle Graham ,,,2025/08/06,,,-----------------,,,Push Camera,https://pipeviewamerica.sharefile.com/home/shared/fo5392ed-35b0-4fc4-addf-075ef246ae1d,,
COMPLETE,2025-05-06,,MH 320 SW LINDENWOOD AVE ,,SW LINDENWOOD AVE ,TOPEKA ,,,,,,2025/05/06,1800,PW-24R2-TOPEKA-2ND AND ORCHARD ,,,Eric Zerr,Carter Pacheco,115,124,,,,MH 320 SW LINDENWOOD AVE ,MH 342 SW LINDENWOOD AVE ,,,,,No,,0,400,,,,,,,,MH 342 SW LINDENWOOD AVE ,,2025/05/06,LETS,2025/05/06,LETS,,Post,SCOTT.LOVELADY@ONEGAS.COM ,,39.0615,-95.7003,yes,1,1,,,,One Gas,"___json[{""pathname"":""/Collected Media/map_2662324/layer_6728851/mdc_photo_mdc_2aa6cd_cdv_photo_002_1758296931897.jpg"",""rid"":40224653,""lid"":""6728851"",""fid"":""589"",""field"":""photo_map"",""title"":""mdc_photo_mdc_2aa6cd_cdv_photo_002_1758296931897.jpg"",""ext"":""jpg"",""panorama"":false,""isDir"":false}]",Yes,0406,COMPLETE,,,,,,,,,,,2025/05/14,,,Katy Thompson,,,Pass,,,A,B,,,,,,,400,1,,400,Main Inspection,,MH 320 SW LINDENWOOD AVE ,KS,2025/05/06,,,South,13:32,TO MH 342 SW LINDENWOOD AVE ,2,Eric Zerr,,,2025/05/06,,,1800 LETS,,,Lateral Launch,https://pioneer.sewerai.com/dashboard/review/710de22f-9e74-4613-a051-c5361a77213d?t=1.398097&limit=30&offset=0&project=25PV0406+ONE+GAS+&ordering=Lateral_Segment_Reference&surveyed_by=ERIC+ZERR&client_reviewed=false,,
COMPLETE,2025-09-08,,310,,W EXCELSIOR AVE,VINITA ,,,,,,2025/09/08,2400,K & 3 STNW ,,,James Atwood,Michael Parrish,0,0,,,,TAP,END,,,,,,North,60.3,32.9,,,,60.3,,,,,,2025/09/08,LETS,2025/09/08,LETS,,Post,SCOTT.LOVELADY@ONEGAS.COM ,,36.6325,-95.1619,yes,1,1,,NO CONFLICT,,One Gas,"___json[{""pathname"":""/Collected Media/map_2662324/layer_6728851/mdc_photo_mdc_a61497_cdv_photo_000_1757352782319.jpg"",""rid"":40076023,""lid"":""6728851"",""fid"":""1170"",""field"":""photo_map"",""title"":""mdc_photo_mdc_a61497_cdv_photo_000_1757352782319.jpg"",""ext"":""jpg"",""panorama"":false,""isDir"":false}]",Yes,0406,COMPLETE,,,,,,,,THERE ARE NO CROSSINGS,,,2025/09/10,,,Katy Thompson,,,Pass,,,A,B,,,,,,,,1,,,Lateral Inspection,,MH 310 W EXCELSIOR AVE ,OK,2025/09/08,,,West,12:21,,2,James Atwood,,,2025/09/08,,,2400 LETS,,,Lateral Launch,https://pioneer.sewerai.com/dashboard/review/77fd0298-7ed9-4bfa-bcca-8c3a395749d6?t=0.593175&limit=30&offset=0&status=uploaded&issues=false&project=25PV0406+ONE+GAS+&ordering=Inspection_Date&client_reviewed=false,,
COMPLETE,2025-05-06,,320,,SW LINDENWOOD AVE ,TOPEKA ,,,,,,2025/05/06,1800,PW-24R2-TOPEKA-2ND AND ORCHARD ,,,Eric Zerr,Carter Pacheco,118,83,,,,TAP,END/CAP,,,,,No,South,5.8,25.4,,,,5.8,,,,,,2025/05/06,LETS,2025/05/06,LETS,,Post,SCOTT.LOVELADY@ONEGAS.COM ,,39.0614,-95.7002,yes,1,1,,,,One Gas,"___json[{""pathname"":""/Collected Media/map_2662324/layer_6728851/mdc_photo_mdc_27917f_cdv_photo_004_1758297136824.jpg"",""rid"":40224679,""lid"":""6728851"",""fid"":""591"",""field"":""photo_map"",""title"":""mdc_photo_mdc_27917f_cdv_photo_004_1758297136824.jpg"",""ext"":""jpg"",""panorama"":false,""isDir"":false}]",Yes,0406,COMPLETE,,,,,,,,,,,2025/05/08,,,Katy Thompson,,,Pass,,,A,B,,,,,,,,1,,,Lateral Inspection,,MH 320 SW LINDENWOOD AVE ,KS,2025/05/06,,,South,08:41,A,2,Eric Zerr,,,2025/05/06,,,1800 LETS,,,Lateral Launch,https://pioneer.sewerai.com/dashboard/review/40a36502-8111-47f8-9078-ff43dce1ce6b?t=0.927721&limit=30&offset=0&project=25PV0406+ONE+GAS+&ordering=Inspection_Date&client_reviewed=false,,
COMPLETE,2025-05-09,,418,,AVENUE A,HUTCHINSON ,,,,,,2025/05/09,1800,PW-23R3-HUTCHINSON-SHERMAN AND MADISON ,,,Eric Zerr,Tiffanie Gibson,29,26,25,,,TAP,GMI,END,,,,,West,48.3,6,75.2,,,48.3,,,,,,2025/05/09,LETS,2025/05/09,LETS,,Post,SCOTT.LOVELADY@ONEGAS.COM ,,38.0516,-97.9405,yes,1,1,,,,One Gas,"___json[{""pathname"":""/Collected Media/map_2662324/layer_6728851/mdc_photo_mdc_0f630a_cdv_photo_004_1746803676125.jpg"",""rid"":38493266,""lid"":""6728851"",""fid"":""749"",""field"":""photo_map"",""title"":""mdc_photo_mdc_0f630a_cdv_photo_004_1746803676125.jpg"",""ext"":""jpg"",""panorama"":false,""isDir"":false}]",No,0406,COMPLETE,"RERUN NO CLEAR VISUAL @ GMI, NOT SURE WHERE GMI IS ON PULLBACK, CAN'T SEE CLEARLY 3' BEFORE AND AFTER GMI",,,Katy Thompson,Fail,,,"DEBRIS ON CAMERA, NO CLEAR VISUAL @ GMI",,,2025/05/13,,,Katy Thompson,,,Fail,,,A,B,C,,,2025/12/31,Yes,,,1,,,Lateral Inspection,"___json[{""pathname"":""/Collected Media/map_2662324/layer_6728851/mdc_photo_mdc_6aa4db_cdv_photo_003_1746803676125.jpg"",""rid"":38493265,""lid"":""6728851"",""fid"":""749"",""field"":""site_photos"",""title"":""mdc_photo_mdc_6aa4db_cdv_photo_003_1746803676125.jpg"",""ext"":""jpg"",""panorama"":false,""isDir"":false}]",MH 414 AVENUE A,KS,2025/05/09,,,West,09:58,,2,Eric Zerr,,,2025/05/09,,,1800 LETS,,,Lateral Launch,https://pioneer.sewerai.com/dashboard/review/e2564486-d888-4547-907d-24de40185209?t=1.113903&limit=30&offset=0&project=25PV0406+ONE+GAS+&client_reviewed=false,,
COMPLETE,2025-05-07,,526,,THURSTON ST,MANHATTAN,,,,,,2025/05/07,2400,BERTRAND / N 6 ST ,,,Edgar Atwood,Robert Gudgel,0,80,0,0,0,TAP,GMI,12T,12T,END,,,South,117.4,2.3,52.9,53.5,90.1,,,,,,,2025/05/07,LETS,2025/05/07,LETS,,Post,SCOTT.LOVELADY@ONEGAS.COM,,39.1904,-96.5648,yes,1,1,,,,One Gas,"___json[{""pathname"":""/Collected Media/map_2662324/layer_6728851/mdc_photo_mdc_6ba2f4_cdv_photo_000_1746638282005.jpg"",""rid"":38469142,""lid"":""6728851"",""fid"":""649"",""field"":""photo_map"",""title"":""mdc_photo_mdc_6ba2f4_cdv_photo_000_1746638282005.jpg"",""ext"":""jpg"",""panorama"":false,""isDir"":false}]",Yes,0406,COMPLETE,GMI IS CLEAR,,,Katy Thompson,Pass,,,"26'- 52', CLEAR UNTIL 34'- 25' ON PULLBACK ",,,2025/05/07,,,Katy Thompson,,,Pass,,,A,B,C,D,,,,,,1,,,Lateral Inspection,"___json[{""pathname"":""/Collected Media/map_2662324/layer_6728851/mdc_photo_mdc_b2da68_cdv_photo_001_1746638282004.jpg"",""rid"":38469140,""lid"":""6728851"",""fid"":""649"",""field"":""site_photos"",""title"":""mdc_photo_mdc_b2da68_cdv_photo_001_1746638282004.jpg"",""ext"":""jpg"",""panorama"":false,""isDir"":false},{""pathname"":""/Collected Media/map_2662324/layer_6728851/mdc_photo_mdc_f0589f_cdv_photo_002_1746638282005.jpg"",""rid"":38469141,""lid"":""6728851"",""fid"":""649"",""field"":""site_photos"",""title"":""mdc_photo_mdc_f0589f_cdv_photo_002_1746638282005.jpg"",""ext"":""jpg"",""panorama"":false,""isDir"":false}]",MH 1100 N 6TH ST ,KS,2025/05/07,,,West,12:06,,2,Edgar Atwood,,,2025/05/07,,,2400 LETS,,,Lateral Launch,https://pioneer.sewerai.com/dashboard/review/c5b36b23-343e-481d-a572-66751508d9e9?t=0&limit=30&offset=0&project=25PV0406+ONE+GAS+&client_reviewed=false,,
COMPLETE,2025-05-09,,430,,AVENUE A,HUTCHINSON ,,,,,,2025/05/09,1800,PW-23R3-HUTCHINSON-SHERMAN AND MADISON ,,,Eric Zerr,Carter Pacheco,30,21,23,,,TAP,GMI,END,,,,No,West,219.22,2.8,89.2,,,,,,,,,2025/05/09,LETS,2025/05/09,LETS,,Post,SCOTT.LOVELADY@ONEGAS.COM ,,38.0514,-97.9412,yes,1,1,,,,One Gas,"___json[{""pathname"":""/Collected Media/map_2662324/layer_6728851/mdc_photo_mdc_c17a9d_cdv_photo_003_1746817068930.jpg"",""rid"":38496670,""lid"":""6728851"",""fid"":""766"",""field"":""photo_map"",""title"":""mdc_photo_mdc_c17a9d_cdv_photo_003_1746817068930.jpg"",""ext"":""jpg"",""panorama"":false,""isDir"":false}]",Yes,0406,COMPLETE,"CLEAR ON PULLBACK, GMI IS CLEAR",,,Katy Thompson,Pass,,,"POOR VISUAL @ GMI, DEBRIS ON CAMERA,  53'- 49', CLEAR ON PULLBACK, BUT COUNTER NOT WORKING @ GMI",,,2025/05/14,,,Katy Thompson,,,Pass,,,A,B,C,,,,,,,1,,,Lateral Inspection,"___json[{""pathname"":""/Collected Media/map_2662324/layer_6728851/mdc_photo_mdc_8e4326_cdv_photo_002_1746816870124.jpg"",""rid"":38496646,""lid"":""6728851"",""fid"":""766"",""field"":""site_photos"",""title"":""mdc_photo_mdc_8e4326_cdv_photo_002_1746816870124.jpg"",""ext"":""jpg"",""panorama"":false,""isDir"":false}]",MH 414 W AVENUE A ,KS,2025/05/09,,,West,13:23,,2,Eric Zerr,,,2025/05/09,,,1800 LETS,,,Lateral Launch,https://pioneer.sewerai.com/dashboard/review/6ab9baa9-e719-4798-abb4-ed21992329ba?t=0&limit=30&offset=0&project=25PV0406+ONE+GAS+&ordering=Lateral_Segment_Reference&surveyed_by=ERIC+ZERR&client_reviewed=false,,
COMPLETE,2025-05-07,,519,,BERTRAND ST,MANHATTAN,,,,,,2025/05/07,2400,BERTRAND / N 6 ST ,,,Edgar Atwood,Tiffanie Gibson,0,75,0,,,TAP,GSI,END,,,,No,,241.3,63.9,97.5,,,241.3,,,,,,2025/05/07,ML,2025/05/07,LETS,,Post,SCOTT.LOVELADY@ONEGAS.COM ,,39.1905,-96.5648,yes,1,1,,,,One Gas,"___json[{""pathname"":""/Collected Media/map_2662324/layer_6728851/mdc_photo_mdc_4293b9_cdv_photo_010_1746648901431.jpg"",""rid"":38471971,""lid"":""6728851"",""fid"":""672"",""field"":""photo_map"",""title"":""mdc_photo_mdc_4293b9_cdv_photo_010_1746648901431.jpg"",""ext"":""jpg"",""panorama"":false,""isDir"":false}]",Yes,0406,COMPLETE,GMI IS CLEAR ON PULLBACK WITHIN 10 OF THE PUSH MEASUREMENT OF 63.9',,,Katy Thompson,Pass,,,"NO VISUAL ON PUSH, NO VISUAL UNTIL 89' ON PULLBACK, 56'- 49', 27'-18', CAMERA UNDER WATER",,,2025/05/16,,,Katy Thompson,,,Pass,,,A,B,,,,,,,,1,,,Lateral Inspection,"___json[{""pathname"":""/Collected Media/map_2662324/layer_6728851/mdc_photo_mdc_64f10f_cdv_photo_011_1746648998755.jpg"",""rid"":38471989,""lid"":""6728851"",""fid"":""672"",""field"":""site_photos"",""title"":""mdc_photo_mdc_64f10f_cdv_photo_011_1746648998755.jpg"",""ext"":""jpg"",""panorama"":false,""isDir"":false},{""pathname"":""/Collected Media/map_2662324/layer_6728851/mdc_photo_mdc_f42082_cdv_photo_012_1746648998755.jpg"",""rid"":38471990,""lid"":""6728851"",""fid"":""672"",""field"":""site_photos"",""title"":""mdc_photo_mdc_f42082_cdv_photo_012_1746648998755.jpg"",""ext"":""jpg"",""panorama"":false,""isDir"":false},{""pathname"":""/Collected Media/map_2662324/layer_6728851/mdc_photo_mdc_dc30a5_cdv_photo_013_1746648998755.jpg"",""rid"":38471991,""lid"":""6728851"",""fid"":""672"",""field"":""site_photos"",""title"":""mdc_photo_mdc_dc30a5_cdv_photo_013_1746648998755.jpg"",""ext"":""jpg"",""panorama"":false,""isDir"":false},{""pathname"":""/Collected Media/map_2662324/layer_6728851/mdc_photo_mdc_6472b6_cdv_photo_014_1746648998755.jpg"",""rid"":38471992,""lid"":""6728851"",""fid"":""672"",""field"":""site_photos"",""title"":""mdc_photo_mdc_6472b6_cdv_photo_014_1746648998755.jpg"",""ext"":""jpg"",""panorama"":false,""isDir"":false},{""pathname"":""/Collected Media/map_2662324/layer_6728851/mdc_photo_mdc_94222f_cdv_photo_015_1746648998755.jpg"",""rid"":38471993,""lid"":""6728851"",""fid"":""672"",""field"":""site_photos"",""title"":""mdc_photo_mdc_94222f_cdv_photo_015_1746648998755.jpg"",""ext"":""jpg"",""panorama"":false,""isDir"":false},{""pathname"":""/Collected Media/map_2662324/layer_6728851/mdc_photo_mdc_58b055_cdv_photo_016_1746648998755.jpg"",""rid"":38471994,""lid"":""6728851"",""fid"":""672"",""field"":""site_photos"",""title"":""mdc_photo_mdc_58b055_cdv_photo_016_1746648998755.jpg"",""ext"":""jpg"",""panorama"":false,""isDir"":false}]",MH 1100 N 6TH ST,KS,2025/05/07,,,,15:03,,2,Edgar Atwood,,,2025/05/07,,,2400 LETS,,,Lateral Launch,https://pioneer.sewerai.com/dashboard/review/5b83d308-7a40-4787-b82f-6f4c41d077e9?t=2.137702&limit=30&offset=0&project=25PV0406+ONE+GAS+&client_reviewed=false,,
COMPLETE,2025-05-09,,10,,MONROE ST,HUTCHINSON ,,,,,,2025/05/09,1800,PW-23R3-HUTCHINSON-SHERMAN AND MADISON,,,Eric Zerr,Carter Pacheco,28,24,,,,TAP,END,,,,,No,West,191.1,6.6,,,,191.1,,,,,,2025/05/09,LETS,2025/05/09,LETS,,Post,SCOTT.LOVELADY@ONEGAS.COM ,,38.0516,-97.9404,yes,1,1,,,,One Gas,"___json[{""pathname"":""/Collected Media/map_2662324/layer_6728851/mdc_photo_mdc_fe1368_cdv_photo_002_1759244681041.jpg"",""rid"":40362860,""lid"":""6728851"",""fid"":""761"",""field"":""photo_map"",""title"":""mdc_photo_mdc_fe1368_cdv_photo_002_1759244681041.jpg"",""ext"":""jpg"",""panorama"":false,""isDir"":false}]",Yes,0406,COMPLETE,"UPDATE: MAP HAS BEEN ADDED 09/30/25 QA KT

NEEDS MAP
NO GAS CROSSINGS NO CONFLICT",,,Katy Thompson,Pass,,,"NO VISUAL, END INSPECTION @ DIRT BLOCKAGE",,,2025/05/14,,,Katy Thompson,,,Pass,,,A,B,,,,,,,,1,,,Lateral Inspection,,MH 414 W AVENUE A ,KS,2025/05/09,,,South,13:08,,2,Eric Zerr,,,2025/05/09,,,1800 LETS,,,Lateral Launch,https://pioneer.sewerai.com/dashboard/review/57727983-a134-495c-bbe6-f84d3cb71ef8?t=0&limit=30&offset=0&project=25PV0406+ONE+GAS+&ordering=Lateral_Segment_Reference&surveyed_by=ERIC+ZERR&client_reviewed=false,,
COMPLETE,2025-05-08,,406,,SHERMAN ST,HUTCHINSON ,,,,,,2025/05/08,2400,PW-23R3-HUTCHINSON-SHERMAN AND MADISON ,,,Edgar Atwood,Michael Parrish,0,2.5,0,,,TAP,GMI,END,,,,,West,107.6,8.5,69.4,,,107.6,,,,,,2025/05/08,LETS,2025/05/08,LETS,,Post,SCOTT.LOVELADY@ONEGAS.COM ,,38.0524,-97.939,yes,1,1,,,,One Gas,"___json[{""pathname"":""/Collected Media/map_2662324/layer_6728851/mdc_photo_mdc_59504a_cdv_photo_000_1746718113019.jpg"",""rid"":38481198,""lid"":""6728851"",""fid"":""703"",""field"":""photo_map"",""title"":""mdc_photo_mdc_59504a_cdv_photo_000_1746718113019.jpg"",""ext"":""jpg"",""panorama"":false,""isDir"":false}]",Yes,0406,COMPLETE,"PER TECH - GMI IS @ 27"" AND SEWER IS CLEAR OF THAT @ 40""+",,,Katy Thompson,Pass,,,"POOR VISUAL 8.5'- 25' ON PUSH, 15'- 10' ON PULLBACK",,,2025/05/16,,,Katy Thompson,,,Pass,,,A,B,,,,,,,,1,,,Lateral Inspection,,MH 400 W SHERMAN ST ,KS,2025/05/08,,,West,10:19,,2,Edgar Atwood,,,2025/05/08,,,2400 LETS,,,Lateral Launch,https://pioneer.sewerai.com/dashboard/review/4114ad2a-a5a0-44a8-9a3c-3d4457f4f80b?t=12.59737&limit=30&offset=0&project=25PV0406+ONE+GAS+&client_reviewed=false,,
COMPLETE,2025-06-04,,720 ,,6TH ST,OSWEGO ,,,,,,2025/06/04,2400,6 AND MERCHANT,,,James Atwood,Michael Parrish,0,34,0,,,TAP,GMI,12T/END,,,,,North,304,9.3,112.3,,,304,,,,,,2025/06/04,LETS,2025/06/04,LETS,,Post,SCOTT.LOVELADY@ONEGAS.COM ,,37.1637,-95.1081,yes,1,1,,CLEAR,,One Gas,"___json[{""pathname"":""/Collected Media/map_2662324/layer_6728851/mdc_photo_mdc_99441e_cdv_photo_010_1749053013259.jpg"",""rid"":38779463,""lid"":""6728851"",""fid"":""825"",""field"":""photo_map"",""title"":""mdc_photo_mdc_99441e_cdv_photo_010_1749053013259.jpg"",""ext"":""jpg"",""panorama"":false,""isDir"":false}]",Yes,0403,COMPLETE,GMI IS CLEAR,,,Katy Thompson,Pass,,,"POOR VISUAL, DEBRIS ON CAMERA",,,2025/06/17,,,Katy Thompson,,,Pass,,,A,B,C,,,,,,,1,,,Lateral Inspection,"___json[{""pathname"":""/Collected Media/map_2662324/layer_6728851/mdc_photo_mdc_2e4a93_cdv_photo_009_1749052662621.jpg"",""rid"":38779280,""lid"":""6728851"",""fid"":""825"",""field"":""site_photos"",""title"":""mdc_photo_mdc_2e4a93_cdv_photo_009_1749052662621.jpg"",""ext"":""jpg"",""panorama"":false,""isDir"":false}]",MH 635 MERCHANT ST ,KS,2025/06/04,,,,10:53,A,2,James Atwood,,,2025/06/04,,,2400 LETS,,,Lateral Launch,https://pioneer.sewerai.com/dashboard/review/9d0c5600-f83b-4bf7-ba5e-d1833d0d6930?t=0&limit=30&offset=0&project=24PV0408+MESA+COUNTY-GATEWAY&city=OSWEGO&client_reviewed=false,,
COMPLETE NO BILL,2025-08-07,,108,,Manor Pl,El paso,,,,,,2025/08/07,---------------------,Manor Pl El Paso,,,---------------------,---------------------,0,0.54,,,,End,GMI,,,,,No,,58,26,,,,,,,,,,2025/08/07,LETS,2025/08/07,LETS,,Post,Scott.lovelady@Onegas.com ,,31.7381,-106.254,yes,1,1,,"08/07/2025 Truck5100 
Lead - Christian E. Tech - Derek K.

End @ 58
GMI @ 26 @ 0.54

Property is clear",,One Gas,"___json[{""pathname"":""/Collected Media/map_2662324/layer_6728851/mdc_photo_mdc_e5cb07_cdv_photo_003_1754618567779.jpg"",""rid"":39650939,""lid"":""6728851"",""fid"":""1118"",""field"":""photo_map"",""title"":""mdc_photo_mdc_e5cb07_cdv_photo_003_1754618567779.jpg"",""ext"":""jpg"",""panorama"":false,""isDir"":false}]",Yes,0723,COMPLETE NO BILL,GMI IS CLEAR 6' BEFORE AND AFTER,,,Katy Thompson,Pass,,,"FAIL-JAB, FIRST HALF OF VIDEO HAS POOR VISUAL",,,2025/08/27,,,Jay Brown,,,Pass,,,A,B,,,,,,,,1,,,Lateral Inspection,"___json[{""pathname"":""/Collected Media/map_2662324/layer_6728851/mdc_photo_mdc_d7a8cb_cdv_photo_001_1754618567779.jpg"",""rid"":39650937,""lid"":""6728851"",""fid"":""1118"",""field"":""site_photos"",""title"":""mdc_photo_mdc_d7a8cb_cdv_photo_001_1754618567779.jpg"",""ext"":""jpg"",""panorama"":false,""isDir"":false},{""pathname"":""/Collected Media/map_2662324/layer_6728851/mdc_photo_mdc_94ce0f_cdv_photo_002_1754618567779.jpg"",""rid"":39650938,""lid"":""6728851"",""fid"":""1118"",""field"":""site_photos"",""title"":""mdc_photo_mdc_94ce0f_cdv_photo_002_1754618567779.jpg"",""ext"":""jpg"",""panorama"":false,""isDir"":false}]",,TX,2025/08/07,,,,19:58,,2,---------------------,,,2025/08/07,,,-----------------,,,Lateral Launch,https://pioneer.sewerai.com/dashboard/review/d1c011fe-ef43-4878-a761-c8bd654ac1ea?limit=30&offset=0&project=25PV0406+ONE+GAS+&city=el+paso&client_reviewed=false,,
COMPLETE,2025-05-09,,2032,,2ND ST,WICHITA ,,,,,,2025/05/09,2400,WICHITA-3RD AND ST CLAIR ,,,Edgar Atwood,Michael Parrish,0,46,0,0,,TAP,GMI,12T,END,,,,North,9.4,2.2,79.3,159.1,,9.4,,,,,,2025/05/09,LETS,2025/05/09,LETS,,Post,SCOTT.LOVELADY@ONEGAS.COM ,,37.6878,-97.3654,yes,1,1,,BELIEVE THIS LINE RUNS TO THE BUILDING IN THE BACK OF THE HOUSE OF 2032 W 2ND ST,,One Gas,"___json[{""pathname"":""/Collected Media/map_2662324/layer_6728851/mdc_photo_mdc_a62a5d_cdv_photo_001_1746810993761.jpg"",""rid"":38495111,""lid"":""6728851"",""fid"":""757"",""field"":""photo_map"",""title"":""mdc_photo_mdc_a62a5d_cdv_photo_001_1746810993761.jpg"",""ext"":""jpg"",""panorama"":false,""isDir"":false}]",Yes,0406,COMPLETE,GMI IS CLEAR.,,,Katy Thompson,Pass,,,"POOR VISUAL DUE TO DEBRIS 80'- 98', 150'- 159', ON PULLBACK CAMERA IS UNDER WATER 157' -151', THE REST IS CLEAR",,,2025/05/16,,,Katy Thompson,,,Pass,,,A,B,C,,,,,,,1,,,Lateral Inspection,"___json[{""pathname"":""/Collected Media/map_2662324/layer_6728851/mdc_photo_mdc_2660f7_cdv_photo_000_1746810742181.jpg"",""rid"":38495082,""lid"":""6728851"",""fid"":""757"",""field"":""site_photos"",""title"":""mdc_photo_mdc_2660f7_cdv_photo_000_1746810742181.jpg"",""ext"":""jpg"",""panorama"":false,""isDir"":false}]",MH 2026 W 2ND ST,KS,2025/05/09,,,West,12:06,A,2,Edgar Atwood,,,2025/05/09,,,2400 LETS,,,Lateral Launch,https://pioneer.sewerai.com/dashboard/review/2c4c3e0b-2fdb-4c0e-b2e3-b17e3992ee1c?t=1.548024&limit=30&offset=0&client_reviewed=false&project=25PV0406+ONE+GAS+,,
COMPLETE,2025-05-09,,330,,ATHENIAN AVE,WICHITA ,,,,,,2025/05/09,2400,WICHITA-3RD AND ST CLAIR ,,,Edgar Atwood,Michael Parrish,0,0,,,,TAP,END,,,,,,North,123.5,39.4,,,,123.5,,,,,,2025/05/09,LETS,2025/05/09,LETS,,Post,SCOTT.LOVELADY@ONEGAS.COM ,,37.6884,-97.3666,yes,1,1,,HAD REALLY BAD ROOTS AT THE TAP,,One Gas,"___json[{""pathname"":""/Collected Media/map_2662324/layer_6728851/mdc_photo_mdc_750e0c_cdv_photo_001_1746800947116.jpg"",""rid"":38492755,""lid"":""6728851"",""fid"":""747"",""field"":""photo_map"",""title"":""mdc_photo_mdc_750e0c_cdv_photo_001_1746800947116.jpg"",""ext"":""jpg"",""panorama"":false,""isDir"":false}]",Yes,0406,COMPLETE,THERE ARE NO GAS CROSSINGS THIS LINE IS CLEAR,,,Katy Thompson,Pass,,,"POOR VISUAL, DEBRIS ON CAMERA 3'-11', 32'-END, NOT CLEAR ON PULLBACK",,,2025/05/16,,,Katy Thompson,,,Pass,,,A,,,,,,,,,1,,,Lateral Inspection,"___json[{""pathname"":""/Collected Media/map_2662324/layer_6728851/mdc_photo_mdc_662e00_cdv_photo_000_1746800726245.jpg"",""rid"":38492708,""lid"":""6728851"",""fid"":""747"",""field"":""site_photos"",""title"":""mdc_photo_mdc_662e00_cdv_photo_000_1746800726245.jpg"",""ext"":""jpg"",""panorama"":false,""isDir"":false}]",MH 320 N ATHENIAN AVE ,KS,2025/05/09,,,North,09:22,,2,Edgar Atwood,,,2025/05/09,,,2400 LETS,,,Lateral Launch,https://pioneer.sewerai.com/dashboard/review/1c62610a-4c93-454d-8a71-93da3d24806a?t=5.014329&limit=30&offset=0&client_reviewed=false&project=25PV0406+ONE+GAS+,,
COMPLETE,2025-09-10,,311,,L ST NW,MIAMI,,,,,,2025/09/10,1700,K ST NW / 3 AVE NW ,,,Carter Pacheco,,0,54,0,,,TAP,GMI,END/OFFSET,,,,,North,259.9,11.5,114.7,,,259.9,,,,,,2025/09/10,LETS,2025/09/10,LETS,,Post,SCOTT.LOVELADY@ONEGAS.COM ,,36.8791,-94.8912,yes,1,1,,"TECH: TINAI MITCHELL
PUSHED TO OFFSET, LINE IS CLEAR, NEW GAS SERVICE RECEIVED, NO CONFLICT WITH GAS",,One Gas,"___json[{""pathname"":""/Collected Media/map_2662324/layer_6728851/mdc_photo_mdc_c1b486_cdv_photo_008_1757534684182.jpg"",""rid"":40106076,""lid"":""6728851"",""fid"":""1269"",""field"":""photo_map"",""title"":""mdc_photo_mdc_c1b486_cdv_photo_008_1757534684182.jpg"",""ext"":""jpg"",""panorama"":false,""isDir"":false}]",Yes,0406,COMPLETE,,,,,,,,"CLEAR VISUAL ON PULLBACK, GMI IS CLEAR.",,,2025/09/29,,,Katy Thompson,,,Pass,,,,,,,,,,,,1,,,Lateral Inspection,"___json[{""pathname"":""/Collected Media/map_2662324/layer_6728851/mdc_photo_mdc_a9fe54_cdv_photo_007_1757534684182.jpg"",""rid"":40106075,""lid"":""6728851"",""fid"":""1269"",""field"":""site_photos"",""title"":""mdc_photo_mdc_a9fe54_cdv_photo_007_1757534684182.jpg"",""ext"":""jpg"",""panorama"":false,""isDir"":false}]",MH 307 L ST NW,OK,2025/09/10,,,,14:55,,2,Carter Pacheco,,,2025/09/10,,,1700 LETS,,,Lateral Launch,https://pioneer.sewerai.com/dashboard/review/bb429238-4b78-4363-8b90-eec53897690f?t=0&limit=30&offset=30&city=MIAMI&inspection_datetime__gte=2025-09-10T00%3A00%3A00-05%3A00&inspection_datetime__lte=2025-09-11T23%3A59%3A59-05%3A00,,
COMPLETE,2025-09-10,,1118,,3RD AVE NW,MIAMI ,,,,,,2025/09/10,2400,K ST NW/3 AVE NW ,,,James Atwood,Michael Parrish,0,55,0,0,,TAP,GMI,12T,END,,,,North,53.6,6,18.6,27.6,,53.6,,,,,NO GAS SERVICE,2025/09/10,LETS,2025/09/10,LETS,,Post,SCOTT.LOVELADY@ONEGAS.COM ,,36.8791,-94.8902,yes,1,1,,,,One Gas,"___json[{""pathname"":""/Collected Media/map_2662324/layer_6728851/mdc_photo_mdc_8a12eb_cdv_photo_002_1757516466922.jpg"",""rid"":40102481,""lid"":""6728851"",""fid"":""1232"",""field"":""photo_map"",""title"":""mdc_photo_mdc_8a12eb_cdv_photo_002_1757516466922.jpg"",""ext"":""jpg"",""panorama"":false,""isDir"":false}]",Yes,0406,COMPLETE,,,,,,,,,,,2025/09/29,,,Katy Thompson,,,Pass,,,A,B,C,D,,,,,,1,,,Lateral Inspection,"___json[{""pathname"":""/Collected Media/map_2662324/layer_6728851/mdc_photo_mdc_a80d0e_cdv_photo_000_1757515927506.jpg"",""rid"":40102395,""lid"":""6728851"",""fid"":""1232"",""field"":""site_photos"",""title"":""mdc_photo_mdc_a80d0e_cdv_photo_000_1757515927506.jpg"",""ext"":""jpg"",""panorama"":false,""isDir"":false}]",MH 1118 3RD AVE NW  ,OK,2025/09/10,,,,09:48,,2,James Atwood,,,2025/09/10,,,2400 LETS,,,Lateral Launch,https://pioneer.sewerai.com/dashboard/review/a5146551-07ee-4cb2-97bd-a39c523a2a04?t=4.396821&limit=30&offset=0&city=MIAMI&inspection_datetime__gte=2025-09-10T00%3A00%3A00-05%3A00&inspection_datetime__lte=2025-09-11T23%3A59%3A59-05%3A00,,
COMPLETE,2025-09-10,,1118 ,,3RD AVE NW,MIAMI ,,,,,,2025/09/10,2400,K ST NW/3 AVE NW ,,,James Atwood,Michael Parrish,0,62,0,,,TAP,GMI,END,,,,,North,75.5,6.6,71.5,,,75.5,,,,,,2025/09/10,LETS,2025/09/10,LETS,,Post,SCOTT.LOVELADY@ONEGAS.COM ,,36.8791,-94.8901,yes,1,1,,NO GAS SERVICE ,,One Gas,"___json[{""pathname"":""/Collected Media/map_2662324/layer_6728851/mdc_photo_mdc_7673dc_cdv_photo_004_1757517098759.jpg"",""rid"":40102674,""lid"":""6728851"",""fid"":""1236"",""field"":""photo_map"",""title"":""mdc_photo_mdc_7673dc_cdv_photo_004_1757517098759.jpg"",""ext"":""jpg"",""panorama"":false,""isDir"":false}]",Yes,0406,COMPLETE,,,,,,,,VISUAL GETS PRETTY BLURRY BUT THE GMI IS CLEAR AND THERE ARE NO OTHER CROSSINGS. ,,,2025/09/29,,,Katy Thompson,,,Pass,,,A,B,C,,,,,,,1,,,Lateral Inspection,"___json[{""pathname"":""/Collected Media/map_2662324/layer_6728851/mdc_photo_mdc_a80248_cdv_photo_003_1757516864891.jpg"",""rid"":40102640,""lid"":""6728851"",""fid"":""1236"",""field"":""site_photos"",""title"":""mdc_photo_mdc_a80248_cdv_photo_003_1757516864891.jpg"",""ext"":""jpg"",""panorama"":false,""isDir"":false}]",MH 1118 3RD AVE NW ,OK,2025/09/10,,,,10:03,A,2,James Atwood,,,2025/09/10,,,2400 LETS,,,Lateral Launch,https://pioneer.sewerai.com/dashboard/review/194faecb-86f5-462e-b7b7-4011faa33cfa?t=1.816558&limit=30&offset=30&city=MIAMI&inspection_datetime__gte=2025-09-10T00%3A00%3A00-05%3A00&inspection_datetime__lte=2025-09-11T23%3A59%3A59-05%3A00,,
COMPLETE,2025-06-04,,9251,,MOODY PARK DR,OVERLAND PARK ,,,,,,2025/06/04,1800,SOUTHDALE / 95 AND NEIMAN ,,,Benjamin Bonnell,Tiffanie Gibson,0,38,0,,,TAP,GMI,END,,,,,South,52.3,8.1,48.5,,,52.3,,,,TO SOUTH,,2025/06/04,LETS,2025/06/04,LETS,,Post,SCOTT.LOVELADY@ONEGAS.COM ,,38.9602,-94.701,yes,1,1,,VIDEO 1 IS CAI AND CREW LEAD,,One Gas,,Yes,0403,COMPLETE,"GMI IS CLEAR, EDITED VIDEO TO NOTE GMI AND DEPTH.",,,Katy Thompson,Pass,,,"VIDEO IS CLEAR BUT NO GMI NOTED. STOPS @ GMI BUT DOESN'T NOTE IT. VIDEO STATES: RAN TO FOUNDATION, LINE CLEAR OF GAS",,,2025/09/10,,,Katy Thompson,,,Pass,,,A,B,C,,,,,,,1,,,Lateral Inspection,"___json[{""pathname"":""/Collected Media/map_2662324/layer_6728851/mdc_photo_mdc_1dad0d_cdv_photo_002_1749067191895.jpg"",""rid"":38782725,""lid"":""6728851"",""fid"":""849"",""field"":""site_photos"",""title"":""mdc_photo_mdc_1dad0d_cdv_photo_002_1749067191895.jpg"",""ext"":""jpg"",""panorama"":false,""isDir"":false}]",MH 9427 MOODY PARK DR,KS,2025/06/04,,,,14:55,,2,N/A,,,2025/06/04,,,1800 LETS,,,Lateral Launch,https://pioneer.sewerai.com/dashboard/review/6ad1bedb-65fa-4397-bd3e-da79ce9f6bea?t=4.322293&limit=30&offset=0&status=uploaded&client_reviewed=false&issues=false&project=25PV0406+ONE+GAS+&ordering=Inspection_Date,,
COMPLETE,2025-05-09,,MH 320 N ATHENIAN AVE ,,ATHENIAN AVE,WICHITA ,,,,,,2025/05/09,2400,WICHITA-3RD AND ST CLAIR ,,,Edgar Atwood,Michael Parrish,0,0,,,,MH 320 N ATHENIAN AVE ,MH 330 N ATHENIAN AVE,,,,,,,0,139,,,,,,,,MH 330 N ATHENIAN AVE,,2025/05/09,LETS,2025/05/09,LETS,,Post,SCOTT.LOVELADY@ONEGAS.COM ,,37.6884,-97.3667,yes,1,1,,,,One Gas,"___json[{""pathname"":""/Collected Media/map_2662324/layer_6728851/mdc_photo_mdc_7b8de7_cdv_photo_000_1746802083251.jpg"",""rid"":38492940,""lid"":""6728851"",""fid"":""739"",""field"":""photo_map"",""title"":""mdc_photo_mdc_7b8de7_cdv_photo_000_1746802083251.jpg"",""ext"":""jpg"",""panorama"":false,""isDir"":false}]",Yes,0406,COMPLETE,"GSI'S ARE CLEAR, THIS LINE IS CLEAR ",,,Katy Thompson,Pass,,,"VISUAL IS CLEAR UP TO 123', THEN THE LAST 15' IS BLOCKED BY DEBRIS. THERE ARE 2 GSI'S NOT NOTED IN NOTES OR VIDEOS",,,2025/05/16,,,Katy Thompson,,,Pass,,,A,,,,,,,,139,,,139,Main Inspection,,MH 320 N ATHENIAN AVE ,KS,2025/05/09,,,North,08:39,MH 330 N ATHENIAN AVE,2,Edgar Atwood,,,2025/05/09,,,2400 LETS,,,CCTV,https://pioneer.sewerai.com/dashboard/review/b3f1408b-3cfd-4d32-9e06-7189dd0766de?t=0.82529&limit=30&offset=0&project=25PV0406+ONE+GAS+&street_address=ATHENIAN,,
COMPLETE,2025-05-08,,410,,SHERMAN ST,HUTCHINSON ,,,,,,2025/05/08,2400,PW-23R3-HUTCHINSON-SHERMAN AND MADISON ,,,Edgar Atwood,Michael Parrish,0,28,30,0,,TAP,GMI,GSI,END,,,,West,145.6,3.9,74,98.1,,145.6,,,,,,2025/05/08,LETS,2025/05/08,LETS,,Post,SCOTT.LOVELADY@ONEGAS.COM ,,38.0528,-97.9392,yes,1,1,,,,One Gas,"___json[{""pathname"":""/Collected Media/map_2662324/layer_6728851/mdc_photo_mdc_286611_cdv_photo_000_1759244333341.jpg"",""rid"":40362675,""lid"":""6728851"",""fid"":""707"",""field"":""photo_map"",""title"":""mdc_photo_mdc_286611_cdv_photo_000_1759244333341.jpg"",""ext"":""jpg"",""panorama"":false,""isDir"":false}]",Yes,0406,COMPLETE,,,,,,,,,,,2025/05/16,,,Katy Thompson,,,Pass,,,A,B,C,,,,,,,1,,,Lateral Inspection,"___json[{""pathname"":""/Collected Media/map_2662324/layer_6728851/mdc_photo_mdc_e686fa_cdv_photo_000_1746720270085.jpg"",""rid"":38481931,""lid"":""6728851"",""fid"":""707"",""field"":""site_photos"",""title"":""mdc_photo_mdc_e686fa_cdv_photo_000_1746720270085.jpg"",""ext"":""jpg"",""panorama"":false,""isDir"":false},{""pathname"":""/Collected Media/map_2662324/layer_6728851/mdc_photo_mdc_2ae403_cdv_photo_001_1746720270085.jpg"",""rid"":38481932,""lid"":""6728851"",""fid"":""707"",""field"":""site_photos"",""title"":""mdc_photo_mdc_2ae403_cdv_photo_001_1746720270085.jpg"",""ext"":""jpg"",""panorama"":false,""isDir"":false}]",MH 400 W SHERMAN ST ,KS,2025/05/08,,,West,10:59,,2,Edgar Atwood,,,2025/05/08,,,2400 LETS,,,Lateral Launch,https://pioneer.sewerai.com/dashboard/review/f1c51e9b-b45c-4a18-92b6-e6ab6157a8ec?t=2.189514&limit=30&offset=0&project=25PV0406+ONE+GAS+&client_reviewed=false,,
COMPLETE,2025-06-03,,210,,QUINCY ST,COMMERCE,,,,,,2025/06/03,2400,5TH AND RIVER,,,James Atwood,Michael Parrish,0,72,0,,,TAP,GMI,END,,,,,South,216.2,3.1,14.4,,,216.2,,,,,,2025/06/03,LETS,2025/06/03,LETS,,Post,SCOTT.LOVELADY@ONEGAS.COM ,,36.9363,-94.8747,yes,1,1,,,,One Gas,"___json[{""pathname"":""/Collected Media/map_2662324/layer_6728851/mdc_photo_mdc_ef3e2d_cdv_photo_001_1748962708931.jpg"",""rid"":38760269,""lid"":""6728851"",""fid"":""803"",""field"":""photo_map"",""title"":""mdc_photo_mdc_ef3e2d_cdv_photo_001_1748962708931.jpg"",""ext"":""jpg"",""panorama"":false,""isDir"":false}]",Yes,0406,COMPLETE,"UPDATE: ABANDONED LINE. GAS @ 38"" SEWER @ 72"" THIS LINE IS CLEAR. QA KT",,,Katy Thompson,Pass,,,"POOR VISUAL, 10'- 14.4', NOT VERY CLEAR ON PULLBACK (06/03/2025 KT)",,,2025/06/03,,,Katy Thompson,,,Pass,,,A,B,,,,,,,,1,,,Lateral Inspection,"___json[{""pathname"":""/Collected Media/map_2662324/layer_6728851/mdc_photo_mdc_98409e_cdv_photo_000_1748962517083.jpg"",""rid"":38760128,""lid"":""6728851"",""fid"":""803"",""field"":""site_photos"",""title"":""mdc_photo_mdc_98409e_cdv_photo_000_1748962517083.jpg"",""ext"":""jpg"",""panorama"":false,""isDir"":false}]",MH 302 N QUINCY ST ,OK,2025/06/03,,,North,09:52,C,2,James Atwood,,,2025/06/03,,,2400 LETS,,,Lateral Launch,https://pioneer.sewerai.com/dashboard/review/00acd85e-4c0d-486c-a4a9-006b9cb7db21?t=2.435737&limit=30&offset=0&project=24PV0408+MESA+COUNTY-GATEWAY&client_reviewed=false,,
COMPLETE NO BILL,2025-08-04,,806 MH ML S,,W 15th St ,Monahans,,,,,,2025/08/04,---------------------,15TH ST Monaghan ,,,---------------------,---------------------,0,0,0,0,0,End,Capped lat,9T,Capped lat,Capped lat,,No,,460,407,360,267,208,,,,,,,2025/08/04,LETS,2025/08/04,LETS,,Post,Z,,31.5795,-102.893,yes,1,1,,"08/04/25; 1069 truck: Performed jetting using Step Method. Jetted 450ft south against flow. 1.00 hrs mobilization. 0.50 hrs setup. 0.50 hrs water fill. 1.00 hrs heavy cleaning. 


08/04/2025 Truck5100 Christian E- Derek K 
Dropped into MH and was able to run 460 clearing this section of main. No crossing in this video/ main. This section heading south will be cleared.

143 9T
109 cpped lat
50 capped lat 
41 9T",,One Gas,"___json[{""pathname"":""/Collected Media/map_2662324/layer_6728851/mdc_photo_mdc_fa1a93_cdv_photo_014_1754401491879.jpg"",""rid"":39607749,""lid"":""6728851"",""fid"":""965"",""field"":""photo_map"",""title"":""mdc_photo_mdc_fa1a93_cdv_photo_014_1754401491879.jpg"",""ext"":""jpg"",""panorama"":false,""isDir"":false}]",Yes,0723,COMPLETE NO BILL,,,,,,,,,,,2025/10/01,,,Katy Thompson,,,Pass,,,A,B,C,D,E,,,450,460,,,460,Main Inspection,"___json[{""pathname"":""/Collected Media/map_2662324/layer_6728851/mdc_photo_mdc_c6beb0_cdv_photo_015_1754401491879.jpg"",""rid"":39607738,""lid"":""6728851"",""fid"":""965"",""field"":""site_photos"",""title"":""mdc_photo_mdc_c6beb0_cdv_photo_015_1754401491879.jpg"",""ext"":""jpg"",""panorama"":false,""isDir"":false},{""pathname"":""/Collected Media/map_2662324/layer_6728851/mdc_photo_mdc_8f369d_cdv_photo_016_1754401491879.jpg"",""rid"":39607739,""lid"":""6728851"",""fid"":""965"",""field"":""site_photos"",""title"":""mdc_photo_mdc_8f369d_cdv_photo_016_1754401491879.jpg"",""ext"":""jpg"",""panorama"":false,""isDir"":false},{""pathname"":""/Collected Media/map_2662324/layer_6728851/mdc_photo_mdc_7f1a3c_cdv_photo_017_1754401491879.jpg"",""rid"":39607740,""lid"":""6728851"",""fid"":""965"",""field"":""site_photos"",""title"":""mdc_photo_mdc_7f1a3c_cdv_photo_017_1754401491879.jpg"",""ext"":""jpg"",""panorama"":false,""isDir"":false},{""pathname"":""/Collected Media/map_2662324/layer_6728851/mdc_photo_mdc_5b64ae_cdv_photo_018_1754401491879.jpg"",""rid"":39607741,""lid"":""6728851"",""fid"":""965"",""field"":""site_photos"",""title"":""mdc_photo_mdc_5b64ae_cdv_photo_018_1754401491879.jpg"",""ext"":""jpg"",""panorama"":false,""isDir"":false},{""pathname"":""/Collected Media/map_2662324/layer_6728851/mdc_photo_mdc_91146f_cdv_photo_019_1754401491879.jpg"",""rid"":39607742,""lid"":""6728851"",""fid"":""965"",""field"":""site_photos"",""title"":""mdc_photo_mdc_91146f_cdv_photo_019_1754401491879.jpg"",""ext"":""jpg"",""panorama"":false,""isDir"":false},{""pathname"":""/Collected Media/map_2662324/layer_6728851/mdc_photo_mdc_b898a7_cdv_photo_020_1754401491879.jpg"",""rid"":39607743,""lid"":""6728851"",""fid"":""965"",""field"":""site_photos"",""title"":""mdc_photo_mdc_b898a7_cdv_photo_020_1754401491879.jpg"",""ext"":""jpg"",""panorama"":false,""isDir"":false},{""pathname"":""/Collected Media/map_2662324/layer_6728851/mdc_photo_mdc_4e351f_cdv_photo_021_1754401491879.jpg"",""rid"":39607744,""lid"":""6728851"",""fid"":""965"",""field"":""site_photos"",""title"":""mdc_photo_mdc_4e351f_cdv_photo_021_1754401491879.jpg"",""ext"":""jpg"",""panorama"":false,""isDir"":false},{""pathname"":""/Collected Media/map_2662324/layer_6728851/mdc_photo_mdc_618f08_cdv_photo_022_1754401491879.jpg"",""rid"":39607745,""lid"":""6728851"",""fid"":""965"",""field"":""site_photos"",""title"":""mdc_photo_mdc_618f08_cdv_photo_022_1754401491879.jpg"",""ext"":""jpg"",""panorama"":false,""isDir"":false},{""pathname"":""/Collected Media/map_2662324/layer_6728851/mdc_photo_mdc_9d7244_cdv_photo_023_1754401491879.jpg"",""rid"":39607746,""lid"":""6728851"",""fid"":""965"",""field"":""site_photos"",""title"":""mdc_photo_mdc_9d7244_cdv_photo_023_1754401491879.jpg"",""ext"":""jpg"",""panorama"":false,""isDir"":false},{""pathname"":""/Collected Media/map_2662324/layer_6728851/mdc_photo_mdc_0c2347_cdv_photo_024_1754401491879.jpg"",""rid"":39607747,""lid"":""6728851"",""fid"":""965"",""field"":""site_photos"",""title"":""mdc_photo_mdc_0c2347_cdv_photo_024_1754401491879.jpg"",""ext"":""jpg"",""panorama"":false,""isDir"":false},{""pathname"":""/Collected Media/map_2662324/layer_6728851/mdc_photo_mdc_809384_cdv_photo_025_1754401491879.jpg"",""rid"":39607748,""lid"":""6728851"",""fid"":""965"",""field"":""site_photos"",""title"":""mdc_photo_mdc_809384_cdv_photo_025_1754401491879.jpg"",""ext"":""jpg"",""panorama"":false,""isDir"":false}]",806 W 15th St MHMLS,TX,2025/08/04,,,,16:26,,2,---------------------,,,2025/08/04,,,-----------------,,,Lateral Launch,https://pioneer.sewerai.com/dashboard/review/ae51a27d-65f9-41ef-a6b9-54bc2f1f90f1?t=6.382564&limit=30&offset=30&status=uploaded&client_reviewed=false&issues=false&ordering=-Inspection_Date&project=25PV0406+ONE+GAS+,,
COMPLETE NO BILL,2025-08-05,,503 MH ML E,,15th St,Monahans ,,,,,,2025/08/05,---------------------,15TH ST Monaghan ,,,---------------------,---------------------,,,,,,END/MH,,,,,,No,,105,,,,,,,,,,,2025/08/05,LETS,2025/08/05,LETS,,Post,Z,,31.5792,-102.893,yes,1,1,,"08/05/2025 
Truck5100
Lead - Christian E. Tech - Derek K.
Made it to Second MH water level is to high and line reduces to 8’ this section of main is clear. Gas runs parallel with sewer.",,One Gas,"___json[{""pathname"":""/Collected Media/map_2662324/layer_6728851/mdc_photo_mdc_e00997_cdv_photo_041_1754415419802.jpg"",""rid"":39611423,""lid"":""6728851"",""fid"":""1002"",""field"":""photo_map"",""title"":""mdc_photo_mdc_e00997_cdv_photo_041_1754415419802.jpg"",""ext"":""jpg"",""panorama"":false,""isDir"":false}]",No,0723,COMPLETE NO BILL,,,,,,,,MAIN IS UNDER WATER. NO VISUAL. PER TECH NOTES Gas runs parallel with sewer,,,2025/10/01,,,Katy Thompson,,,Fail,,,A,,,,,,,,105,,,105,Main Inspection,"___json[{""pathname"":""/Collected Media/map_2662324/layer_6728851/mdc_photo_mdc_159b2e_cdv_photo_039_1754415419802.jpg"",""rid"":39611421,""lid"":""6728851"",""fid"":""1002"",""field"":""site_photos"",""title"":""mdc_photo_mdc_159b2e_cdv_photo_039_1754415419802.jpg"",""ext"":""jpg"",""panorama"":false,""isDir"":false},{""pathname"":""/Collected Media/map_2662324/layer_6728851/mdc_photo_mdc_05b8f1_cdv_photo_040_1754415419802.jpg"",""rid"":39611422,""lid"":""6728851"",""fid"":""1002"",""field"":""site_photos"",""title"":""mdc_photo_mdc_05b8f1_cdv_photo_040_1754415419802.jpg"",""ext"":""jpg"",""panorama"":false,""isDir"":false}]",,TX,2025/08/05,,,,12:31,,2,---------------------,,,2025/08/05,,,-----------------,,,Lateral Launch,https://pioneer.sewerai.com/dashboard/review/f9e93fe3-4f49-4daa-8322-9b50ddb091f6?t=2.141631&limit=30&offset=0&status=uploaded&client_reviewed=false&issues=false&project=25PV0406+ONE+GAS+,,
COMPLETE NO BILL,2025-08-04,,1503 A,,S Helen St,Monahans ,,,,,,2025/08/04,---------------------,15TH ST Monahan ,,,---------------------,---------------------,0,0.4,,,,End ,GMI,,,,,No,,40,35,,,,,,,,,,2025/08/04,PO,2025/08/04,PO,,Post,Z,1,31.578,-102.897,yes,1,1,,"08/04/2025 
Christian E- Derek K
Truck5100 
",,One Gas,,N/A,0723,COMPLETE NO BILL,,,,,,,,,,,,,,,,,,,,A,B,,,,,,,,,,,Lateral Inspection,"___json[{""pathname"":""/Collected Media/map_2662324/layer_6728851/mdc_photo_mdc_badd85_cdv_photo_022_1754327418685.jpg"",""rid"":39594303,""lid"":""6728851"",""fid"":""963"",""field"":""site_photos"",""title"":""mdc_photo_mdc_badd85_cdv_photo_022_1754327418685.jpg"",""ext"":""jpg"",""panorama"":false,""isDir"":false},{""pathname"":""/Collected Media/map_2662324/layer_6728851/mdc_photo_mdc_1d970d_cdv_photo_023_1754327418685.jpg"",""rid"":39594304,""lid"":""6728851"",""fid"":""963"",""field"":""site_photos"",""title"":""mdc_photo_mdc_1d970d_cdv_photo_023_1754327418685.jpg"",""ext"":""jpg"",""panorama"":false,""isDir"":false},{""pathname"":""/Collected Media/map_2662324/layer_6728851/mdc_photo_mdc_9142d9_cdv_photo_024_1754327418685.jpg"",""rid"":39594305,""lid"":""6728851"",""fid"":""963"",""field"":""site_photos"",""title"":""mdc_photo_mdc_9142d9_cdv_photo_024_1754327418685.jpg"",""ext"":""jpg"",""panorama"":false,""isDir"":false},{""pathname"":""/Collected Media/map_2662324/layer_6728851/mdc_photo_mdc_ab6abc_cdv_photo_025_1754327418685.jpg"",""rid"":39594306,""lid"":""6728851"",""fid"":""963"",""field"":""site_photos"",""title"":""mdc_photo_mdc_ab6abc_cdv_photo_025_1754327418685.jpg"",""ext"":""jpg"",""panorama"":false,""isDir"":false}]",,TX,2025/08/04,,,,12:07,,2,N/A,,,,,,N/A,,,Push Camera,,,
COMPLETE NO BILL,2025-08-06,,7709 ,,Acapulco Ave,El paso ,,,,,,2025/08/06,---------------------,Acapulco Ave El Paso tx ,,,---------------------,---------------------,0,,,,,End,,,,,,No,,50,,,,,152,,,,,,2025/08/06,LETS,2025/08/06,LETS,,Post,Scott.lovelady@Onegas.com ,,31.7479,-106.358,yes,1,1,,"08/06/2025 Lead - Truck5100 
Lead - Christian E. Tech - Derek K. 
MH-LAT 152
End @ 50",,One Gas,"___json[{""pathname"":""/Collected Media/map_2662324/layer_6728851/mdc_photo_mdc_6305e9_cdv_photo_008_1754494989367.jpg"",""rid"":39626500,""lid"":""6728851"",""fid"":""1029"",""field"":""photo_map"",""title"":""mdc_photo_mdc_6305e9_cdv_photo_008_1754494989367.jpg"",""ext"":""jpg"",""panorama"":false,""isDir"":false}]",Yes,0723,COMPLETE NO BILL,,,,,,,,,,,2025/10/01,,,Katy Thompson,,,Pass,,,A,,,,,,,,,1,,,Lateral Inspection,"___json[{""pathname"":""/Collected Media/map_2662324/layer_6728851/mdc_photo_mdc_778225_cdv_photo_009_1754494989367.jpg"",""rid"":39626499,""lid"":""6728851"",""fid"":""1029"",""field"":""site_photos"",""title"":""mdc_photo_mdc_778225_cdv_photo_009_1754494989367.jpg"",""ext"":""jpg"",""panorama"":false,""isDir"":false}]",,TX,2025/08/06,,,,09:38,,2,N/A,,,,,,N/A,,,Lateral Launch,https://pioneer.sewerai.com/dashboard/review/b27dfcc5-acb2-4581-943b-8a72794a81fd?t=2&limit=30&offset=0&status=uploaded&client_reviewed=false&issues=false&project=25PV0406+ONE+GAS+,,
COMPLETE NO BILL,2025-08-06,,7717,,Acapulco Ave,El paso,,,,,,2025/08/06,---------------------,Acapulco Ave El Paso tx ,,,---------------------,---------------------,0,,,,,End,,,,,,No,,64,,,,,265.7,,,,,,2025/08/06,LETS,2025/08/06,LETS,,Post,Scott.lovelady@Onegas.com ,,31.748,-106.358,yes,1,1,,"08/06/2025 Truck5100 
Lead - Christian E. Tech - Derek K. 

Made it property fence line. Property is gated off.
End @",,One Gas,"___json[{""pathname"":""/Collected Media/map_2662324/layer_6728851/mdc_photo_mdc_3bcb37_cdv_photo_019_1754520014846.jpg"",""rid"":39632360,""lid"":""6728851"",""fid"":""1054"",""field"":""photo_map"",""title"":""mdc_photo_mdc_3bcb37_cdv_photo_019_1754520014846.jpg"",""ext"":""jpg"",""panorama"":false,""isDir"":false}]",Yes,0723,COMPLETE NO BILL,,,,,,,,,,,2025/10/01,,,Katy Thompson,,,Pass,,,A,,,,,,,,,1,,,Lateral Inspection,"___json[{""pathname"":""/Collected Media/map_2662324/layer_6728851/mdc_photo_mdc_830426_cdv_photo_020_1754520014846.jpg"",""rid"":39632359,""lid"":""6728851"",""fid"":""1054"",""field"":""site_photos"",""title"":""mdc_photo_mdc_830426_cdv_photo_020_1754520014846.jpg"",""ext"":""jpg"",""panorama"":false,""isDir"":false}]",,TX,2025/08/06,,,,15:40,,2,N/A,,,,,,N/A,,,Lateral Launch,https://pioneer.sewerai.com/dashboard/review/41352b95-34e3-4b63-920f-0e2a93619276?t=2.964048&limit=30&offset=0&status=uploaded&client_reviewed=false&issues=false&project=25PV0406+ONE+GAS+,,
COMPLETE NO BILL,2025-08-06,,7713,,Acapulco Ave,El paso ,,,,,,2025/08/06,---------------------,Acapulco Ave El Paso tx ,,,---------------------,---------------------,,,,,,End,,,,,,No,,58,,,,,247.5,,,,,,2025/08/06,LETS,2025/08/06,LETS,,Post,Scott.lovelady@Onegas.com ,,31.7481,-106.358,yes,1,1,,"08/06/2025 Truck5100 
Lead - Christian E. Tech - Derek K.

Made to the gate of their property couldnt go any further due to the house being gated",,One Gas,"___json[{""pathname"":""/Collected Media/map_2662324/layer_6728851/mdc_photo_mdc_ad381e_cdv_photo_012_1754513710727.jpg"",""rid"":39631181,""lid"":""6728851"",""fid"":""1051"",""field"":""photo_map"",""title"":""mdc_photo_mdc_ad381e_cdv_photo_012_1754513710727.jpg"",""ext"":""jpg"",""panorama"":false,""isDir"":false}]",Yes,0723,COMPLETE NO BILL,,,,,,,,,,,2025/10/01,,,Katy Thompson,,,Pass,,,A,,,,,,,,,1,,,Lateral Inspection,"___json[{""pathname"":""/Collected Media/map_2662324/layer_6728851/mdc_photo_mdc_8652cf_cdv_photo_008_1754513710727.jpg"",""rid"":39631177,""lid"":""6728851"",""fid"":""1051"",""field"":""site_photos"",""title"":""mdc_photo_mdc_8652cf_cdv_photo_008_1754513710727.jpg"",""ext"":""jpg"",""panorama"":false,""isDir"":false},{""pathname"":""/Collected Media/map_2662324/layer_6728851/mdc_photo_mdc_a21f92_cdv_photo_009_1754513710727.jpg"",""rid"":39631178,""lid"":""6728851"",""fid"":""1051"",""field"":""site_photos"",""title"":""mdc_photo_mdc_a21f92_cdv_photo_009_1754513710727.jpg"",""ext"":""jpg"",""panorama"":false,""isDir"":false},{""pathname"":""/Collected Media/map_2662324/layer_6728851/mdc_photo_mdc_1808da_cdv_photo_010_1754513710727.jpg"",""rid"":39631179,""lid"":""6728851"",""fid"":""1051"",""field"":""site_photos"",""title"":""mdc_photo_mdc_1808da_cdv_photo_010_1754513710727.jpg"",""ext"":""jpg"",""panorama"":false,""isDir"":false},{""pathname"":""/Collected Media/map_2662324/layer_6728851/mdc_photo_mdc_56a319_cdv_photo_011_1754513710727.jpg"",""rid"":39631180,""lid"":""6728851"",""fid"":""1051"",""field"":""site_photos"",""title"":""mdc_photo_mdc_56a319_cdv_photo_011_1754513710727.jpg"",""ext"":""jpg"",""panorama"":false,""isDir"":false}]",,TX,2025/08/06,,,,14:46,,2,---------------------,,,2025/08/06,,,-----------------,,,Lateral Launch,https://pioneer.sewerai.com/dashboard/review/be03c747-771f-4042-aab1-3d7404933397?t=3.754932&limit=30&offset=0&status=uploaded&client_reviewed=false&issues=false&project=25PV0406+ONE+GAS+,,
COMPLETE NO BILL,2025-08-06,,7721,,Acapulco Ave,El paso,,,,,,2025/08/06,---------------------,Acapulco Ave El Paso tx ,,,---------------------,---------------------,0,,,,,End,,,,,,No,,50,,,,,,,,,,,2025/08/06,LETS,2025/08/06,LETS,,Post,Scott.lovelady@Onegas.com ,,31.7481,-106.358,yes,1,1,,"08/06/2025 Lead - Christian E. Tech - Derek K. 
Truck5100 

End @ 50",,One Gas,"___json[{""pathname"":""/Collected Media/map_2662324/layer_6728851/mdc_photo_mdc_a13c99_cdv_photo_029_1754520536288.jpg"",""rid"":39632445,""lid"":""6728851"",""fid"":""1056"",""field"":""photo_map"",""title"":""mdc_photo_mdc_a13c99_cdv_photo_029_1754520536288.jpg"",""ext"":""jpg"",""panorama"":false,""isDir"":false}]",Yes,0723,COMPLETE NO BILL,,,,,,,,,,,2025/10/01,,,Katy Thompson,,,Pass,,,A,,,,,,,,,1,,,Lateral Inspection,"___json[{""pathname"":""/Collected Media/map_2662324/layer_6728851/mdc_photo_mdc_a09136_cdv_photo_027_1754520536288.jpg"",""rid"":39632443,""lid"":""6728851"",""fid"":""1056"",""field"":""site_photos"",""title"":""mdc_photo_mdc_a09136_cdv_photo_027_1754520536288.jpg"",""ext"":""jpg"",""panorama"":false,""isDir"":false},{""pathname"":""/Collected Media/map_2662324/layer_6728851/mdc_photo_mdc_375817_cdv_photo_028_1754520536288.jpg"",""rid"":39632444,""lid"":""6728851"",""fid"":""1056"",""field"":""site_photos"",""title"":""mdc_photo_mdc_375817_cdv_photo_028_1754520536288.jpg"",""ext"":""jpg"",""panorama"":false,""isDir"":false}]",,TX,2025/08/06,,,,16:45,,2,---------------------,,,2025/08/06,,,-----------------,,,Lateral Launch,https://pioneer.sewerai.com/dashboard/review/45c08b2a-cc81-4eea-9fec-c6983a69d41f?t=2.379631&limit=30&offset=0&status=uploaded&client_reviewed=false&issues=false&project=25PV0406+ONE+GAS+,,
COMPLETE,2025-09-08,,306,,EXCELSIOR,VINITA ,,,,,,2025/09/08,2400,K AND 3 ST NW ,,,James Atwood,Michael Parrish,0,42,0,,,TAP,GSI,END/12T,,,,,North,30.4,13.3,86.6,,,30.4,,,,,,2025/09/08,,2025/09/08,LETS,,Post,SCOTT.LOVELADY@ONEGAS.COM ,,36.6325,-95.1619,yes,1,1,,ABANDONED ,,One Gas,"___json[{""pathname"":""/Collected Media/map_2662324/layer_6728851/mdc_photo_mdc_7016be_cdv_photo_000_1757348523392.jpg"",""rid"":40074972,""lid"":""6728851"",""fid"":""1162"",""field"":""photo_map"",""title"":""mdc_photo_mdc_7016be_cdv_photo_000_1757348523392.jpg"",""ext"":""jpg"",""panorama"":false,""isDir"":false}]",Yes,0406,COMPLETE,,,,,,,,LINE IS FILLED WITH LOTS OF ROOTS AND DEBRIS. GSI IS CLEAR,,,2025/10/01,,,Katy Thompson,,,Pass,,,A,B,C,,,,,,,1,,,Lateral Inspection,"___json[{""pathname"":""/Collected Media/map_2662324/layer_6728851/mdc_photo_mdc_0f096d_cdv_photo_000_1757345522518.jpg"",""rid"":40074223,""lid"":""6728851"",""fid"":""1162"",""field"":""site_photos"",""title"":""mdc_photo_mdc_0f096d_cdv_photo_000_1757345522518.jpg"",""ext"":""jpg"",""panorama"":false,""isDir"":false}]",MH 310 W EXCELSIOR AVE ,OK,2025/09/08,,,West,10:27,,2,James Atwood,,,2025/09/08,,,2400 LETS,,,Lateral Launch,https://pioneer.sewerai.com/dashboard/review/dac60d5d-7a46-43e3-8761-b2f670c511b3?t=0&limit=30&offset=0&status=uploaded&client_reviewed=false&issues=false&project=25PV0406+ONE+GAS+,,
COMPLETE,2025-09-08,,440 ,,SMITH ST,VINITA ,,,,,,2025/09/08,2400,K AND 3 ST NW ,,,James Atwood,Michael Parrish,0,0,0,,,TAP,12T,END,,,,,North,57.7,58,71.9,,,57.7,,,,,,2025/09/08,LETS,2025/09/08,LETS,,Post,SCOTT.LOVELADY@ONEGAS.COM ,,36.6326,-95.1618,yes,1,1,,NO CROSSINGS NO CONFLICT,,One Gas,"___json[{""pathname"":""/Collected Media/map_2662324/layer_6728851/mdc_photo_mdc_eb0f11_cdv_photo_000_1757351168542.jpg"",""rid"":40075595,""lid"":""6728851"",""fid"":""1167"",""field"":""photo_map"",""title"":""mdc_photo_mdc_eb0f11_cdv_photo_000_1757351168542.jpg"",""ext"":""jpg"",""panorama"":false,""isDir"":false}]",Yes,0406,COMPLETE,,,,,,,,VISUAL IS CLEAR ON PULLBACK,,,2025/10/01,,,Katy Thompson,,,Pass,,,A,B,,,,,,,,1,,,Lateral Inspection,"___json[{""pathname"":""/Collected Media/map_2662324/layer_6728851/mdc_photo_mdc_06c1c4_cdv_photo_1757350321_1757350457595.jpg"",""rid"":40075428,""lid"":""6728851"",""fid"":""1167"",""field"":""site_photos"",""title"":""mdc_photo_mdc_06c1c4_cdv_photo_1757350321_1757350457595.jpg"",""ext"":""jpg"",""panorama"":false,""isDir"":false}]",MH 310 W EXCELSIOR AVE ,OK,2025/09/08,,,South,11:49,,2,James Atwood,,,2025/09/08,,,2400 LETS,,,Lateral Launch,https://pioneer.sewerai.com/dashboard/review/8664f080-d42c-490a-9a8a-b5c6d033dcd2?t=1.471669&limit=30&offset=0&status=uploaded&client_reviewed=false&issues=false&project=25PV0406+ONE+GAS+,,
COMPLETE,2025-09-10,,MH 1119 3RD AVE NW,,,MIAMI,,,,,,2025/09/10,1700,K ST NW / 3 AVE NW ,,,Carter Pacheco,,0,0,,,,START,END,,,,,,,0,31.5,,,,,,,,,,2025/09/10,ML,2025/09/10,ML,,Post,SCOTT.LOVELADY@ONEGAS.COM ,,36.8789,-94.8902,yes,1,1,,"TECH: TINAI MITCHELL
UNABLE TO CLEAR MAIN IN FULL DUE TO THICK SLUDGE, WILL NEED TO BE JETTED TO SOUTH",,One Gas,"___json[{""pathname"":""/Collected Media/map_2662324/layer_6728851/mdc_photo_mdc_281e6e_cdv_photo_011_1757516463647.jpg"",""rid"":40102480,""lid"":""6728851"",""fid"":""1228"",""field"":""photo_map"",""title"":""mdc_photo_mdc_281e6e_cdv_photo_011_1757516463647.jpg"",""ext"":""jpg"",""panorama"":false,""isDir"":false}]",Yes,0406,COMPLETE,"10/08/25
UPDATE: 2ND VIDEO IS CLEARER. THIS PORTION OF PIPE IS CLEAR. 
 LINK TO 2ND VIDEO:
https://pioneer.sewerai.com/dashboard/review/06b1e9d0-bd2d-4c04-be4a-46bbed092c89?t=1.294239&limit=30&offset=0&status=uploaded&client_reviewed=false&issues=false&ordering=-Inspection_Date&project=25PV0406+ONE+GAS+",,,Katy Thompson,Pass,,,VIDEO CLEAR BUT TRACTOR CAN'T PROCEED DUE TO THICK SLUDGE. LINE WILL NEED JETTED TO FINISH.,,,2025/10/01,,,Katy Thompson,,,Pass,,,,,,,,,,,31.5,,,31.5,Main Inspection,,MH 1119 3RD AVE NW,OK,2025/09/10,,,,09:55,SOUTH,2,Carter Pacheco,,,2025/09/10,,,1700 LETS,,,CCTV,https://pioneer.sewerai.com/dashboard/review/9804b045-c78f-49c5-bad7-3bd5414c2fa2?t=0&limit=30&offset=0&status=uploaded&client_reviewed=false&issues=false&project=25PV0406+ONE+GAS+&ordering=Inspection_Date,,
COMPLETE,2025-09-10,,315,,K ST NW,MIAMI ,,,,,,2025/09/10,2400,K ST NW/3 AVE NW ,,,James Atwood,Michael Parrish,0,0,,,,TAP,END,,,,,,North,213.9,49.3,,,,213.9,,,,,,2025/09/10,LETS,2025/09/10,LETS,,Post,SCOTT.LOVELADY@ONEGAS.COM ,,36.8792,-94.8902,yes,1,1,,NO GAS / CLEAR,,One Gas,"___json[{""pathname"":""/Collected Media/map_2662324/layer_6728851/mdc_photo_mdc_862146_cdv_photo_000_1757520508669.jpg"",""rid"":40103335,""lid"":""6728851"",""fid"":""1241"",""field"":""photo_map"",""title"":""mdc_photo_mdc_862146_cdv_photo_000_1757520508669.jpg"",""ext"":""jpg"",""panorama"":false,""isDir"":false}]",Yes,0406,COMPLETE,,,,,,,,NO GAS CROSSINGS THIS LINE IS CLEAR. VISUAL IS POOR,,,2025/10/01,,,Katy Thompson,,,Pass,,,A,B,,,,,,,,1,,,Lateral Inspection,,MH 1118 3RD AVE NW ,OK,2025/09/10,,,,10:58,A ,2,James Atwood,,,2025/09/10,,,2400 LETS,,,Lateral Launch,https://pioneer.sewerai.com/dashboard/review/8b10a963-f5f6-41f7-82e0-0535ba440ce3?t=1.341864&limit=30&offset=0&status=uploaded&client_reviewed=false&issues=false&project=25PV0406+ONE+GAS+&ordering=Inspection_Date,,
COMPLETE,2025-09-10,,307,,L ST NW,MIAMI,,,,,,2025/09/10,1700,K ST NW / 3 AVE NW ,,,Carter Pacheco,,0,14,0,,,TAP,GMI,END/CAP,,,,,North,31.5,17,26.5,,,31.5,,,,,,2025/09/10,LETS,2025/09/10,LETS,,Post,SCOTT.LOVELADY@ONEGAS.COM ,,36.8791,-94.8913,yes,1,1,,"TECH: TINAI MITCHELL
PUSHED TO CAP, ABANDONED LINE, LINE IS CLEAR",,One Gas,"___json[{""pathname"":""/Collected Media/map_2662324/layer_6728851/mdc_photo_mdc_36a3bb_cdv_photo_001_1757522695197.jpg"",""rid"":40103875,""lid"":""6728851"",""fid"":""1246"",""field"":""photo_map"",""title"":""mdc_photo_mdc_36a3bb_cdv_photo_001_1757522695197.jpg"",""ext"":""jpg"",""panorama"":false,""isDir"":false}]",Yes,0406,COMPLETE,,,,,,,,"GMI IS CLEAR, ABANDONED LINE, LINE IS CLEAR",,,2025/10/01,,,Katy Thompson,,,Pass,,,,,,,,,,,,1,,,Lateral Inspection,"___json[{""pathname"":""/Collected Media/map_2662324/layer_6728851/mdc_photo_mdc_37c606_cdv_photo_000_1757522433569.jpg"",""rid"":40103842,""lid"":""6728851"",""fid"":""1246"",""field"":""site_photos"",""title"":""mdc_photo_mdc_37c606_cdv_photo_000_1757522433569.jpg"",""ext"":""jpg"",""panorama"":false,""isDir"":false}]",MH 307 K ST NW,OK,2025/09/10,,,,11:36,,2,Carter Pacheco,,,2025/09/10,,,1700 LETS,,,Lateral Launch,https://pioneer.sewerai.com/dashboard/review/1e442ba2-ef00-4de9-92c0-0fd71c0e8a6b?t=3.229544&limit=30&offset=0&status=uploaded&client_reviewed=false&issues=false&project=25PV0406+ONE+GAS+&ordering=Inspection_Date,,
COMPLETE,2025-09-10,,910,,3RD AVE NW,MIAMI ,,,,,,2025/09/10,2400,K ST NW/3 AVE NW ,,,James Atwood,Michael Parrish,0,22,0,0,0,TAP,GMI,9T,12T,END,,,North,55.4,8.3,11.2,28.1,40.7,55.4,,,,,,2025/09/10,LETS,2025/09/10,LETS,,Post,SCOTT.LOVELADY@ONEGAS.COM ,,36.8792,-94.888,yes,1,1,,NO GAS 9T IS PARTY LINE FOR 904 3RD AVE NW / 904 3RD AVE HAS NO GAS ,,One Gas,"___json[{""pathname"":""/Collected Media/map_2662324/layer_6728851/mdc_photo_mdc_7213ae_cdv_photo_003_1757527497977.jpg"",""rid"":40104868,""lid"":""6728851"",""fid"":""1251"",""field"":""photo_map"",""title"":""mdc_photo_mdc_7213ae_cdv_photo_003_1757527497977.jpg"",""ext"":""jpg"",""panorama"":false,""isDir"":false}]",Yes,0406,COMPLETE,,,,,,,,GMI IS CLEAR ON PULL BACK,,,2025/10/01,,,Katy Thompson,,,Pass,,,A,B,C,D,E,,,,,1,,,Lateral Inspection,"___json[{""pathname"":""/Collected Media/map_2662324/layer_6728851/mdc_photo_mdc_9d76b0_cdv_photo_002_1757527121642.jpg"",""rid"":40104815,""lid"":""6728851"",""fid"":""1251"",""field"":""site_photos"",""title"":""mdc_photo_mdc_9d76b0_cdv_photo_002_1757527121642.jpg"",""ext"":""jpg"",""panorama"":false,""isDir"":false}]",MH 910 3RD AVE NW ,OK,2025/09/10,,,,12:54,,2,James Atwood,,,2025/09/10,,,2400 LETS,,,Lateral Launch,https://pioneer.sewerai.com/dashboard/review/40a2f200-00b1-4bb7-887d-de956c79e2ab?t=1.878006&limit=30&offset=0&status=uploaded&client_reviewed=false&issues=false&project=25PV0406+ONE+GAS+&ordering=Inspection_Date,,
COMPLETE,2025-09-10,,914,,3RD AVE NW ,MIAMI ,,,,,,2025/09/10,2400,K ST NW/3 AVE NW ,,,James Atwood,Michael Parrish,0,0,,,,TAP,CAP,,,,,,North,64.6,18.6,,,,64.6,,,,,,2025/09/10,LETS,2025/09/10,LETS,,Post,SCOTT.LOVELADY@ONEGAS.COM ,,36.8792,-94.888,yes,1,1,,NO GAS / CAPPED CLEAR / ABANDONED LINE,,One Gas,"___json[{""pathname"":""/Collected Media/map_2662324/layer_6728851/mdc_photo_mdc_d5fbb7_cdv_photo_004_1757528210664.jpg"",""rid"":40105058,""lid"":""6728851"",""fid"":""1254"",""field"":""photo_map"",""title"":""mdc_photo_mdc_d5fbb7_cdv_photo_004_1757528210664.jpg"",""ext"":""jpg"",""panorama"":false,""isDir"":false}]",Yes,0406,COMPLETE,,,,,,,,THIS LINE IS CAPPED.THERE ARE NO GAS CROSSINGS.,,,2025/10/01,,,Katy Thompson,,,Pass,,,A,B,,,,,,,,1,,,Lateral Inspection,,MH 910 3RD AVE NW ,OK,2025/09/10,,,,13:12,A,2,James Atwood,,,2025/09/10,,,2400 LETS,,,Lateral Launch,https://pioneer.sewerai.com/dashboard/review/264189b6-aaae-482c-889f-3d1e4a8f06c1?t=2.166126&limit=30&offset=0&status=uploaded&client_reviewed=false&issues=false&project=25PV0406+ONE+GAS+&ordering=Inspection_Date,,
COMPLETE,2025-09-10,,312 ,,J ST NW,MIAMI ,,,,,,2025/09/10,2400,K ST NW/3 AVE NW ,,,James Atwood,Michael Parrish,0,0,,,,TAP,END,,,,,,North,139.4,71.6,,,,139.4,,,,,NO NEW GAS ,2025/09/10,LETS,2025/09/10,LETS,,Post,SCOTT.LOVELADY@ONEGAS.COM ,,36.8792,-94.888,yes,1,1,,NO NEW GAS,,One Gas,"___json[{""pathname"":""/Collected Media/map_2662324/layer_6728851/mdc_photo_mdc_170288_cdv_photo_010_1757531241411.jpg"",""rid"":40105566,""lid"":""6728851"",""fid"":""1258"",""field"":""photo_map"",""title"":""mdc_photo_mdc_170288_cdv_photo_010_1757531241411.jpg"",""ext"":""jpg"",""panorama"":false,""isDir"":false}]",Yes,0406,COMPLETE,"VISUAL IS POOR, BUT THERE IS NO GAS NEARBY. THIS LINE IS CLEAR.",,,Katy Thompson,Pass,,,NO NEW GAS NO GAS CROSSINGS.NO CLEAR VISUAL,,,2025/09/29,,,Katy Thompson,,,Pass,,,A,B,,,,,,,,1,,,Lateral Inspection,,MH 910 3RD AVE NW ,OK,2025/09/10,,,,13:57,A ,2,James Atwood,,,2025/09/10,,,2400 LETS,,,Lateral Launch,https://pioneer.sewerai.com/dashboard/review/debf5ff6-6d2e-4e7b-9fc6-c39c811a61c5?t=0&limit=30&offset=30&project=25PV0406+ONE+GAS+&city=MIAMI&inspection_datetime__gte=2025-09-09T00%3A00%3A00-05%3A00&inspection_datetime__lte=2025-09-11T23%3A59%3A59-05%3A00,,
COMPLETE,2025-05-06,,340,,SW LINDENWOOD AVE ,TOPEKA ,,,,,,2025/05/06,1800,PW-24R2-TOPEKA-2ND AND ORCHARD ,,,Eric Zerr,Carter Pacheco,116,63,,,,TAP,END,,,,,,East,333.6,48.5,,,,333.6,,,,,,2025/05/06,LETS,2025/05/06,LETS,,Post,SCOTT.LOVELADY@ONEGAS.COM ,,39.0615,-95.7003,yes,1,1,,,,One Gas,"___json[{""pathname"":""/Collected Media/map_2662324/layer_6728851/mdc_photo_mdc_89f18d_cdv_photo_000_1758296185857.jpg"",""rid"":40224484,""lid"":""6728851"",""fid"":""607"",""field"":""photo_map"",""title"":""mdc_photo_mdc_89f18d_cdv_photo_000_1758296185857.jpg"",""ext"":""jpg"",""panorama"":false,""isDir"":false}]",Yes,0406,COMPLETE,THERE ARE NO GAS CROSSINGS. THIS LINE IS CLEAR.,,,Katy Thompson,Pass,,,POOR VISUAL ENTIRE RUN,,,2025/05/07,,,Katy Thompson,,,N/A,,,A,B,,,,,,,,1,,,Lateral Inspection,,MH 320 SW LINDENWOOD AVE ,KS,2025/05/06,,,South,12:28,,2,Eric Zerr,,,2025/05/06,,,1800 LETS,,,Lateral Launch,https://pioneer.sewerai.com/dashboard/review/56e05eb8-735c-4db9-8040-9534792cab47?t=0&limit=30&offset=0&project=25PV0406+ONE+GAS+&client_reviewed=false,,
COMPLETE,2025-06-04,,633,,MERCHANT ST,OSWEGO ,,,,,,2025/06/04,2400,6 AND MERCHANT,,,James Atwood,Michael Parrish,0,20,0,,,TAP,GSI,END,,,,,South,23.1,17.2,71.7,,,23.1,,,,,,2025/06/04,LETS,2025/06/04,LETS,,Post,SCOTT.LOVELADY@ONEGAS.COM ,,37.1637,-95.1082,yes,1,1,,GAS SERVICE DOES NOT HAVE TRACER WIRE WAS ABLE TO PICK UP SIGNAL A LITTLE FROM GAS MAIN DID LINE OF SITE MARKING TO GAS SERVICE TO GET BEST CROSSING POSSIBLE. LINE IS CLEAR IN VISUAL RECORDING ,,One Gas,"___json[{""pathname"":""/Collected Media/map_2662324/layer_6728851/mdc_photo_mdc_7985bb_cdv_photo_001_1749062433207.jpg"",""rid"":38781881,""lid"":""6728851"",""fid"":""842"",""field"":""photo_map"",""title"":""mdc_photo_mdc_7985bb_cdv_photo_001_1749062433207.jpg"",""ext"":""jpg"",""panorama"":false,""isDir"":false}]",Yes,0403,COMPLETE,GSI @ 17.2' IS CLEAR,,,Katy Thompson,Pass,,,"UPDATE: GSI IS CLEAR. THIS LINE IS CLEAR IN FULL. QA KT

POOR VISUAL 5.8'- 12.5', NOT CLEAR ON PULLBACK, GSI @ 17.2' IS CLEAR
",,,2025/06/17,,,Katy Thompson,,,Pass,,,A,B,C,,,,,,,1,,,Lateral Inspection,"___json[{""pathname"":""/Collected Media/map_2662324/layer_6728851/mdc_photo_mdc_5e3284_cdv_photo_000_1749062136753.jpg"",""rid"":38781795,""lid"":""6728851"",""fid"":""842"",""field"":""site_photos"",""title"":""mdc_photo_mdc_5e3284_cdv_photo_000_1749062136753.jpg"",""ext"":""jpg"",""panorama"":false,""isDir"":false}]",MH 635 MERCHANT ST ,KS,2025/06/04,,,,13:28,,2,James Atwood,,,2025/06/04,,,2400 LETS,,,Lateral Launch,https://pioneer.sewerai.com/dashboard/review/459348e7-d594-4157-8336-f8e974f51cab?t=6.751051&limit=30&offset=0&project=24PV0408+MESA+COUNTY-GATEWAY&status=uploaded&client_reviewed=false&ordering=-Inspection_Date&city=OSWEGO,,
COMPLETE,2025-06-05,,318,,QUINCY ST,COMMERCE ,,,,,,2025/06/05,2400,5TH AND RIVER,,,James Atwood,Michael Parrish,0,28,13,12,0,TAP,GMI,GSI,GSI,12T,,,South,45.4,7.6,36,56,63.1,45.4,,,,,END @ 79.6” @0 ,2025/06/05,LETS,2025/06/05,LETS,,Post,SCOTT.LOVELADY@ONEGAS.COM ,,36.9375,-94.8748,yes,1,1,,CLEAR,,One Gas,"___json[{""pathname"":""/Collected Media/map_2662324/layer_6728851/mdc_photo_mdc_13dc41_cdv_photo_002_1749144210117.jpg"",""rid"":38795958,""lid"":""6728851"",""fid"":""883"",""field"":""photo_map"",""title"":""mdc_photo_mdc_13dc41_cdv_photo_002_1749144210117.jpg"",""ext"":""jpg"",""panorama"":false,""isDir"":false}]",Yes,0406,COMPLETE,ALL CROSSINGS ARE CLEAR.,,,Katy Thompson,Pass,,,"POOR VISUAL 38'-51' DUE TO WATER, NOT CLEAR ON PULLBACK. ALL CROSSINGS ARE CLEAR.",,,2025/10/07,,,Katy Thompson,,,Pass,,,A,B,C,D,E,,,,,1,,,Lateral Inspection,"___json[{""pathname"":""/Collected Media/map_2662324/layer_6728851/mdc_photo_mdc_ad74ec_cdv_photo_000_1749143929300.jpg"",""rid"":38795904,""lid"":""6728851"",""fid"":""883"",""field"":""site_photos"",""title"":""mdc_photo_mdc_ad74ec_cdv_photo_000_1749143929300.jpg"",""ext"":""jpg"",""panorama"":false,""isDir"":false},{""pathname"":""/Collected Media/map_2662324/layer_6728851/mdc_photo_mdc_88debf_cdv_photo_001_1749143929300.jpg"",""rid"":38795905,""lid"":""6728851"",""fid"":""883"",""field"":""site_photos"",""title"":""mdc_photo_mdc_88debf_cdv_photo_001_1749143929300.jpg"",""ext"":""jpg"",""panorama"":false,""isDir"":false},{""pathname"":""/Collected Media/map_2662324/layer_6728851/mdc_photo_mdc_2cacbf_cdv_photo_1749143786_1749143929300.jpg"",""rid"":38795906,""lid"":""6728851"",""fid"":""883"",""field"":""site_photos"",""title"":""mdc_photo_mdc_2cacbf_cdv_photo_1749143786_1749143929300.jpg"",""ext"":""jpg"",""panorama"":false,""isDir"":false}]",MH 318 N QUINCY ST ,OK,2025/06/05,,,North,12:13,,2,James Atwood,,,2025/06/05,,,2400 LETS,,,Lateral Launch,https://pioneer.sewerai.com/dashboard/review/19e80cc2-b40a-4754-8345-7cbffa13ff92?t=3.76237&limit=30&offset=0&project=24PV0408+MESA+COUNTY-GATEWAY&ordering=-Inspection_Date&client_reviewed=false&city=COMMERCE,,
COMPLETE,2025-05-05,,225,,SW TERRA DR ,TOPEKA ,,,,,,2025/05/05,1800,PW-24R3-TOPEKA-SW SANNEMAN AND TERRA DR-CWO-5/31/25 ,,,Eric Zerr,Carter Pacheco,67,56,28,0,0,TAP,GSI,GSI,12T,END,,No,East,247.3,1.7,50.4,66.8,75,247.3,,,,,,2025/05/05,LETS,2025/05/05,LETS,,Post,SCOTT.LOVELADY@ONEGAS.COM ,,38.9784,-95.6862,yes,1,1,,,,One Gas,"___json[{""pathname"":""/Collected Media/map_2662324/layer_6728851/mdc_photo_mdc_5aa503_cdv_photo_001_1758295683411.jpg"",""rid"":40224277,""lid"":""6728851"",""fid"":""557"",""field"":""photo_map"",""title"":""mdc_photo_mdc_5aa503_cdv_photo_001_1758295683411.jpg"",""ext"":""jpg"",""panorama"":false,""isDir"":false}]",Yes,0406,COMPLETE,"GSI @ 1.7 IS CLEAR, VERY SMALL VISUAL @ 50.4', VISUAL @ GSI IS CLEAR ON PULLBACK. ",,,Katy Thompson,Pass,,,"POOR VISUAL 36.'- 73', ONLY CLEAR ON PULLBACK 75'-67', 62.5'- 39', 36'- 0, NO VISUAL @ GSI",,,2025/05/08,,,Katy Thompson,,,Pass,,,A,B,C,D,E,,,,,1,,,Lateral Inspection,"___json[{""pathname"":""/Collected Media/map_2662324/layer_6728851/mdc_photo_mdc_7ace72_cdv_photo_000_1746471054638.jpg"",""rid"":38440862,""lid"":""6728851"",""fid"":""557"",""field"":""site_photos"",""title"":""mdc_photo_mdc_7ace72_cdv_photo_000_1746471054638.jpg"",""ext"":""jpg"",""panorama"":false,""isDir"":false},{""pathname"":""/Collected Media/map_2662324/layer_6728851/mdc_photo_mdc_714576_cdv_photo_001_1746471054638.jpg"",""rid"":38440863,""lid"":""6728851"",""fid"":""557"",""field"":""site_photos"",""title"":""mdc_photo_mdc_714576_cdv_photo_001_1746471054638.jpg"",""ext"":""jpg"",""panorama"":false,""isDir"":false}]",MH 232 SW TERRA DR ,KS,2025/05/05,,,South,13:43,,2,Eric Zerr,,,2025/05/05,,,1800 LETS,,,Lateral Launch,https://pioneer.sewerai.com/dashboard/review/49bcc4be-e567-4415-a084-2e37680f8ee8?t=0&limit=30&offset=0&project=25PV0406+ONE+GAS+&client_reviewed=false&street_address=SW+TERRA+DR,,
COMPLETE,2025-09-09,,215,,J ST NW,MIAMI,,,,,,2025/09/09,1700,K ST NW / 3 AVE NW ,,,Carter Pacheco,,0,41,0,,,TAP,GMI,END,,,,,North,23.7,16,160.7,,,,,,,,,2025/09/09,LETS,2025/09/09,LETS,,Post,SCOTT.LOVELADY@ONEGAS.COM ,,36.8782,-94.8891,yes,1,1,,"TECH: TINAI MITCHELL
PUSHED TO FOUNDATION, LINE IS CLEAR IN FULL, NO NEW GAS SERVICE RECEIVED",,One Gas,"___json[{""pathname"":""/Collected Media/map_2662324/layer_6728851/mdc_photo_mdc_2dd459_cdv_photo_007_1757426686599.jpg"",""rid"":40087526,""lid"":""6728851"",""fid"":""1196"",""field"":""photo_map"",""title"":""mdc_photo_mdc_2dd459_cdv_photo_007_1757426686599.jpg"",""ext"":""jpg"",""panorama"":false,""isDir"":false}]",Yes,0406,COMPLETE,GMI @ 16 IS CLEAR,,,Katy Thompson,Pass,,,"PARTIALLY UNDERWATER FROM 22FT TO 26FT, UNDERWATER AGAIN @ 60FT, CAMERA COVERED @ 70FT, NOT CLEAR ON PULLBACK",,,2025/09/18,,,Charlton Moren,,,Pass,,,,,,,,,,,,1,,,Lateral Inspection,"___json[{""pathname"":""/Collected Media/map_2662324/layer_6728851/mdc_photo_mdc_1e2559_cdv_photo_006_1757426349477.jpg"",""rid"":40087468,""lid"":""6728851"",""fid"":""1196"",""field"":""site_photos"",""title"":""mdc_photo_mdc_1e2559_cdv_photo_006_1757426349477.jpg"",""ext"":""jpg"",""panorama"":false,""isDir"":false}]",MH 215 J ST NW,OK,2025/09/09,,,,08:55,,2,Carter Pacheco,,,2025/09/09,,,1700 LETS,,,Lateral Launch,https://pioneer.sewerai.com/dashboard/review/7446afb5-1061-4419-8c30-1718a871f146?t=1&limit=30&offset=0&status=uploaded&client_reviewed=false&issues=false&ordering=-Inspection_Date&project=25PV0406+ONE+GAS+&inspection_datetime__lte=2025-09-09T23%3A59%3A59-05%3A00,,
COMPLETE,2025-09-11,,203,,K ST NW,MIAMI,,,,,,2025/09/11,1700,K ST NW/3 AVE NW ,,,Edgar Atwood,Carter Pacheco,0,0,,,,TAP,END,,,,,No,,30.3,16.9,,,,,,,,,,2025/09/11,LETS,2025/09/11,LETS,,Post,SCOTT.LOVELADY@ONEGAS.COM ,,36.8777,-94.8902,yes,1,1,,,,One Gas,"___json[{""pathname"":""/Collected Media/map_2662324/layer_6728851/mdc_photo_mdc_cb4c5e_cdv_photo_000_1757602205125.jpg"",""rid"":40116718,""lid"":""6728851"",""fid"":""1277"",""field"":""photo_map"",""title"":""mdc_photo_mdc_cb4c5e_cdv_photo_000_1757602205125.jpg"",""ext"":""jpg"",""panorama"":false,""isDir"":false}]",Yes,0406,COMPLETE,THERE ARE NO GAS CROSSINGS THIS LINE IS CLEAR.,,,Katy Thompson,Pass,,,"VIDEO SAYS NO CROSSINGS, NOT SURE IF I SHOULD PASS THOUGH",,,2025/09/18,,,Charlton Moren,,,Pass,,,A,B,,,,,,,,1,,,Lateral Inspection,,MH 203 K ST NW,OK,2025/09/11,,,North,09:34,,2,Edgar Atwood,,,2025/09/11,,,1700 LETS,,,Lateral Launch,https://pioneer.sewerai.com/dashboard/review/e0b35150-6d08-4252-947d-8c3e5335fa77?t=0&limit=30&offset=0&status=uploaded&client_reviewed=false&issues=false&ordering=-Inspection_Date&project=25PV0406+ONE+GAS+,,
PO,2025-09-11,,210,,L ST NW,MIAMI,,,,,,2025/09/11,1700,K ST NW/3 AVE NW ,,,Edgar Atwood,Carter Pacheco,0,32,,,,TAP,END/BLOCKAGE,,,,,No,North,105.8,11.6,,,,105.8,,,,,,2025/09/11,LETS,2025/09/11,LETS,,Post,SCOTT.LOVELADY@ONEGAS.COM ,,36.8777,-94.8902,yes,,1,,LINE IS INACTIVE AND FULL OF DIRT. FOUND TRACTOR AT 32 INCHES ABOUT A FOOT BEFORE GMI. GAS AT 48.,,One Gas,"___json[{""pathname"":""/Collected Media/map_2662324/layer_6728851/mdc_photo_mdc_b59bb7_cdv_photo_000_1757603984909.jpg"",""rid"":40116997,""lid"":""6728851"",""fid"":""1283"",""field"":""photo_map"",""title"":""mdc_photo_mdc_b59bb7_cdv_photo_000_1757603984909.jpg"",""ext"":""jpg"",""panorama"":false,""isDir"":false}]",Yes,0406,PO,NO GMI WAS CROSSED. LINE IS INACTIVE AND FULL OF DIRT. FOUND TRACTOR AT 32 INCHES ABOUT A FOOT BEFORE GMI.,,,Katy Thompson,Pass,,,NO GMI CALLOUT IN VIDEO,,,2025/09/17,,,Charlton Moren,,,Pass,,,A,B,,,,,,,1,1,,,Lateral Inspection,,MH 203 K ST NW ,OK,2025/09/11,,,North,09:56,,2,Edgar Atwood,,,2025/09/11,,,1700 LETS,,,Lateral Launch,https://pioneer.sewerai.com/dashboard/review/13b1b919-9478-484a-bf23-5112e249c024?t=0&limit=30&offset=0&status=uploaded&client_reviewed=false&issues=false&ordering=-Inspection_Date&project=25PV0406+ONE+GAS+,,
COMPLETE NO BILL,2025-08-07,,120,,Manor pl,El paso,,,,,,2025/08/07,---------------------,Manor pl el paso,,,---------------------,---------------------,0,0.32,,,,End,GMI ,,,,,No,,56,28,,,,,,,,,,2025/08/07,LETS,2025/08/07,LETS,,Post,Scott.lovelady@Onegas.com ,,31.7381,-106.254,yes,1,1,,"Truck5100 Lead - Christian E. Tech - Derek K.
End @ 56 GMI @ 28 @ 0.32",,One Gas,"___json[{""pathname"":""/Collected Media/map_2662324/layer_6728851/mdc_photo_mdc_fe77cc_cdv_photo_015_1754620055593.jpg"",""rid"":39651030,""lid"":""6728851"",""fid"":""1125"",""field"":""photo_map"",""title"":""mdc_photo_mdc_fe77cc_cdv_photo_015_1754620055593.jpg"",""ext"":""jpg"",""panorama"":false,""isDir"":false}]",Yes,0723,COMPLETE NO BILL,,,,,,,,,,,2025/09/11,,,Katy Thompson,,,Pass,,,A,B,,,,,,,,1,,,Lateral Inspection,"___json[{""pathname"":""/Collected Media/map_2662324/layer_6728851/mdc_photo_mdc_e9e187_cdv_photo_014_1754620055593.jpg"",""rid"":39651029,""lid"":""6728851"",""fid"":""1125"",""field"":""site_photos"",""title"":""mdc_photo_mdc_e9e187_cdv_photo_014_1754620055593.jpg"",""ext"":""jpg"",""panorama"":false,""isDir"":false}]",,TX,2025/08/07,,,,20:25,,2,---------------------,,,2025/08/07,,,-----------------,,,Lateral Launch,https://pioneer.sewerai.com/dashboard/review/c480dd95-8d7d-4a78-bc2a-73e428903a55?t=0&limit=30&offset=0&status=uploaded&issues=false&project=25PV0406+ONE+GAS+&ordering=Inspection_Date&client_reviewed=false,,
COMPLETE,2025-09-11,,416,,J ST NW,MIAMI ,,,,,,2025/09/11,2400,K ST NW/3 AVE NW ,,,James Atwood,Michael Parrish,0,0,,,,TAP,END,,,,,,North,146.2,27,,,,146.2,,,,,,2025/09/11,LETS,2025/09/11,LETS,,Post,SCOTT.LOVELADY@ONEGAS.COM,,36.8801,-94.888,yes,1,1,,NO NEW GAS OR CROSSINGS,,One Gas,"___json[{""pathname"":""/Collected Media/map_2662324/layer_6728851/mdc_photo_mdc_bccd16_cdv_photo_020_1757614350946.jpg"",""rid"":40118997,""lid"":""6728851"",""fid"":""1298"",""field"":""photo_map"",""title"":""mdc_photo_mdc_bccd16_cdv_photo_020_1757614350946.jpg"",""ext"":""jpg"",""panorama"":false,""isDir"":false}]",Yes,0406,COMPLETE,THERE ARE NO GAS CROSSINGS. THIS LINE IS CLEAR.,,,Katy Thompson,Pass,,,"NOT SURE WHERE GAS CROSSING IS, NOT COMFORTABLE PASSING",,,2025/09/17,,,Charlton Moren,,,Pass,,,A,B,,,,,,,,1,,,Lateral Inspection,,MH 327 I ST NW ,OK,2025/09/11,,,,13:06,,2,James Atwood,,,2025/09/11,,,2400 LETS,,,Lateral Launch,https://pioneer.sewerai.com/dashboard/review/12d3524d-1893-4f70-9201-093fa913b61a?t=0&limit=30&offset=0&status=uploaded&client_reviewed=false&issues=false&ordering=-Inspection_Date&project=25PV0406+ONE+GAS+,,
CLIENT REVIEW,2025-09-11,,409,,I ST NW,MIAMI ,,,,,,2025/09/11,2400,K ST NW/3 AVE NW ,,,James Atwood,Michael Parrish,0,30,0,,,TAP,GMI,END,,,,,North,139,8.9,58.9,,,139,,,,,,2025/09/11,LETS,2025/09/11,LETS,,Post,SCOTT.LOVELADY@ONEGAS.COM ,,36.8802,-94.888,yes,1,1,,GAS IS @ 33 COULDNT GET ACCESS TO VERIFY ON PRE OR POST,,One Gas,"___json[{""pathname"":""/Collected Media/map_2662324/layer_6728851/mdc_photo_mdc_d4aa39_cdv_photo_019_1757612717177.jpg"",""rid"":40118727,""lid"":""6728851"",""fid"":""1294"",""field"":""photo_map"",""title"":""mdc_photo_mdc_d4aa39_cdv_photo_019_1757612717177.jpg"",""ext"":""jpg"",""panorama"":false,""isDir"":false}]",Yes,0406,CLIENT REVIEW,GMI CLEAR ON PULLBACK,,,Katy Thompson,Pass,,,"BAD VISUAL, CLEAR ON PULLBACK, NO GMI CALLOUT",,,2025/09/17,,,Charlton Moren,,,Pass,,,A,B,C,,,,,,,1,,,Lateral Inspection,"___json[{""pathname"":""/Collected Media/map_2662324/layer_6728851/mdc_photo_mdc_ada426_cdv_photo_018_1757612550929.jpg"",""rid"":40118718,""lid"":""6728851"",""fid"":""1294"",""field"":""site_photos"",""title"":""mdc_photo_mdc_ada426_cdv_photo_018_1757612550929.jpg"",""ext"":""jpg"",""panorama"":false,""isDir"":false}]",MH 327 I ST NW ,OK,2025/09/11,,,,12:37,A,2,James Atwood,,,2025/09/11,,,2400 LETS,,,Lateral Launch,https://pioneer.sewerai.com/dashboard/review/a331f78c-1a3b-42a0-a17b-3344cbe7225d?t=0&limit=30&offset=0&status=uploaded&client_reviewed=false&issues=false&ordering=-Inspection_Date&project=25PV0406+ONE+GAS+,,
COMPLETE,2025-09-11,,416,,J ST NW,MIAMI ,,,,,,2025/09/11,2400,K ST NW/3 AVE NW ,,,James Atwood,Michael Parrish,0,0,,,,TAP,END,,,,,,North,160.6,2,,,,160.6,,,,,,2025/09/11,LETS,2025/09/11,LETS,,Post,SCOTT.LOVELADY@ONEGAS.COM ,,36.8801,-94.888,yes,1,1,,COLLAPSED SAME AS ON PRE,,One Gas,"___json[{""pathname"":""/Collected Media/map_2662324/layer_6728851/mdc_photo_mdc_ebb9ca_cdv_photo_021_1757614651135.jpg"",""rid"":40119053,""lid"":""6728851"",""fid"":""1300"",""field"":""photo_map"",""title"":""mdc_photo_mdc_ebb9ca_cdv_photo_021_1757614651135.jpg"",""ext"":""jpg"",""panorama"":false,""isDir"":false}]",Yes,0406,COMPLETE,THERE ARE NO GAS CROSSINGS THIS LINE IS CLEAR. ,,,Katy Thompson,Pass,,,COLLAPSED PIPE @ 2FT,,,2025/09/17,,,Charlton Moren,,,Pass,,,A,B,,,,,,,,1,,,Lateral Inspection,,MH 327 I ST NW ,OK,2025/09/11,,,,13:13,A,2,James Atwood,,,2025/09/11,,,2400 LETS,,,,https://pioneer.sewerai.com/dashboard/review/2c3bb91d-4b3a-4e28-aec7-cb82250a58e7?t=1&limit=30&offset=0&status=uploaded&client_reviewed=false&issues=false&ordering=-Inspection_Date&project=25PV0406+ONE+GAS+,,
PO,2025-08-07,,124,,Manor pl,El paso,,,,,,,---------------------,Manor pl el paso,,,---------------------,---------------------,0.5,,,,,End,,,,,,No,,25,,,,,,,,,,,2025/08/07,LETS,2025/08/07,LETS,,Post,Scott.lovelady@Onegas.com ,,31.7381,-106.254,yes,1,1,,"Truck5100 Lead - Christian E. Tech - Derek K.
Got stopped at a offset before GMI depth at offset is 0.50
We looked around for CO and was unsuccessful. Also tried knocking multiple times throught the day and git got a answer.",,One Gas,"___json[{""pathname"":""/Collected Media/map_2662324/layer_6728851/mdc_photo_mdc_37ee07_cdv_photo_017_1754620311555.jpg"",""rid"":39651038,""lid"":""6728851"",""fid"":""1126"",""field"":""photo_map"",""title"":""mdc_photo_mdc_37ee07_cdv_photo_017_1754620311555.jpg"",""ext"":""jpg"",""panorama"":false,""isDir"":false}]",No,0723,PO,,,,,,,,"FAIL-JAB, STOPPED BY OFFSET


https://pioneer.sewerai.com/dashboard/review/9a7d51c0-96b5-4fd5-8ae3-3e4cfd577cb6?limit=30&offset=0&project=25PV0406+ONE+GAS+&city=el+paso&client_reviewed=false",,,2025/08/27,,,Jay Brown,,,Fail,,,A,,,,,,,,,,,,Lateral Inspection,"___json[{""pathname"":""/Collected Media/map_2662324/layer_6728851/mdc_photo_mdc_2d825d_cdv_photo_016_1754620311555.jpg"",""rid"":39651037,""lid"":""6728851"",""fid"":""1126"",""field"":""site_photos"",""title"":""mdc_photo_mdc_2d825d_cdv_photo_016_1754620311555.jpg"",""ext"":""jpg"",""panorama"":false,""isDir"":false}]",,TX,2025/08/07,,,,,,2,---------------------,,,2025/08/07,,,-----------------,,,Lateral Launch,https://pioneer.sewerai.com/dashboard/review/ca8dc56b-cd95-4fdb-95c9-57d35cbf0544?limit=30&offset=0&project=25PV0406+ONE+GAS+&city=el+paso&client_reviewed=false,,
COMPLETE NO BILL,2025-08-08,,7605 MH ML N,,Kingman dr,El paso,,,,,,2025/08/08,---------------------,Kingman dr el paso tx,,,---------------------,---------------------,,,,,,,,,,,,No,,,,,,,,,,,,,2025/08/08,ML,2025/08/08,ML,,Post,Scott.lovelady@Onegas.com ,,31.7614,-106.363,yes,1,1,,"Truck5100 Lead - Christian E. Tech - Derek K. 
This Section of main heading North will be complete and clear. No conflict with any lats",,One Gas,"___json[{""pathname"":""/Collected Media/map_2662324/layer_6728851/mdc_photo_mdc_fc376a_cdv_photo_010_1754673125227.jpg"",""rid"":39660310,""lid"":""6728851"",""fid"":""1149"",""field"":""photo_map"",""title"":""mdc_photo_mdc_fc376a_cdv_photo_010_1754673125227.jpg"",""ext"":""jpg"",""panorama"":false,""isDir"":false}]",Yes,0723,COMPLETE NO BILL,,,,,,,,,,,2025/10/07,,,Katy Thompson,,,Pass,,,,,,,,,,,350,,,350,Lateral Inspection,"___json[{""pathname"":""/Collected Media/map_2662324/layer_6728851/mdc_photo_mdc_af7d4c_cdv_photo_004_1754673125227.jpg"",""rid"":39660304,""lid"":""6728851"",""fid"":""1149"",""field"":""site_photos"",""title"":""mdc_photo_mdc_af7d4c_cdv_photo_004_1754673125227.jpg"",""ext"":""jpg"",""panorama"":false,""isDir"":false},{""pathname"":""/Collected Media/map_2662324/layer_6728851/mdc_photo_mdc_33d683_cdv_photo_005_1754673125227.jpg"",""rid"":39660305,""lid"":""6728851"",""fid"":""1149"",""field"":""site_photos"",""title"":""mdc_photo_mdc_33d683_cdv_photo_005_1754673125227.jpg"",""ext"":""jpg"",""panorama"":false,""isDir"":false},{""pathname"":""/Collected Media/map_2662324/layer_6728851/mdc_photo_mdc_f577e6_cdv_photo_006_1754673125227.jpg"",""rid"":39660306,""lid"":""6728851"",""fid"":""1149"",""field"":""site_photos"",""title"":""mdc_photo_mdc_f577e6_cdv_photo_006_1754673125227.jpg"",""ext"":""jpg"",""panorama"":false,""isDir"":false},{""pathname"":""/Collected Media/map_2662324/layer_6728851/mdc_photo_mdc_ad7ba3_cdv_photo_007_1754673125227.jpg"",""rid"":39660307,""lid"":""6728851"",""fid"":""1149"",""field"":""site_photos"",""title"":""mdc_photo_mdc_ad7ba3_cdv_photo_007_1754673125227.jpg"",""ext"":""jpg"",""panorama"":false,""isDir"":false},{""pathname"":""/Collected Media/map_2662324/layer_6728851/mdc_photo_mdc_508c41_cdv_photo_008_1754673125227.jpg"",""rid"":39660308,""lid"":""6728851"",""fid"":""1149"",""field"":""site_photos"",""title"":""mdc_photo_mdc_508c41_cdv_photo_008_1754673125227.jpg"",""ext"":""jpg"",""panorama"":false,""isDir"":false},{""pathname"":""/Collected Media/map_2662324/layer_6728851/mdc_photo_mdc_349b30_cdv_photo_009_1754673125227.jpg"",""rid"":39660309,""lid"":""6728851"",""fid"":""1149"",""field"":""site_photos"",""title"":""mdc_photo_mdc_349b30_cdv_photo_009_1754673125227.jpg"",""ext"":""jpg"",""panorama"":false,""isDir"":false}]",,TX,2025/08/08,,,,10:48,,2,N/A,,,,,,N/A,,,Lateral Launch,https://pioneer.sewerai.com/dashboard/review/939a50ae-1047-477d-9d9b-4d2ba69fcf60?t=3.206824&limit=30&offset=0&status=uploaded&client_reviewed=false&issues=false&project=25PV0406+ONE+GAS+&ordering=Inspection_Date,,
PO,2025-08-07,,128,,Manor pl,El paso,,,,,,2025/08/07,---------------------,Manor pl el paso,,,---------------------,---------------------,0,,,,,End,,,,,,No,,25,,,,,,,,,,,2025/08/07,LETS,2025/08/07,LETS,,Post,Scott.lovelady@Onegas.com ,,31.7381,-106.254,yes,1,1,,"Truck5100 Lead - Christian E. Tech - Derek K.
THIS PROPERTY IS NOT CLEAR we were unable to make It to foundation nor gas. We got stop at curbside before GMI due to a bad offset. ",,One Gas,"___json[{""pathname"":""/Collected Media/map_2662324/layer_6728851/mdc_photo_mdc_b70a80_cdv_photo_019_1754620627929.jpg"",""rid"":39651044,""lid"":""6728851"",""fid"":""1127"",""field"":""photo_map"",""title"":""mdc_photo_mdc_b70a80_cdv_photo_019_1754620627929.jpg"",""ext"":""jpg"",""panorama"":false,""isDir"":false}]",No,0723,PO,stop at curbside before GMI due to a bad offset.,,,Katy Thompson,Fail,,,"VIDEO GOOD, DIDNT GO TO FOUNDATION",,,2025/08/14,,,Charlton Moren,,,Fail,,,A,,,,,,Yes,,,1,,,Lateral Inspection,"___json[{""pathname"":""/Collected Media/map_2662324/layer_6728851/mdc_photo_mdc_fc48e8_cdv_photo_018_1754620627929.jpg"",""rid"":39651043,""lid"":""6728851"",""fid"":""1127"",""field"":""site_photos"",""title"":""mdc_photo_mdc_fc48e8_cdv_photo_018_1754620627929.jpg"",""ext"":""jpg"",""panorama"":false,""isDir"":false}]",,TX,2025/08/07,,,,20:34,,2,---------------------,,,2025/08/07,,,-----------------,,,Lateral Launch,https://pioneer.sewerai.com/dashboard/review/9a7d51c0-96b5-4fd5-8ae3-3e4cfd577cb6?t=0&limit=30&offset=0&project=25PV0406+ONE+GAS+&city=el+paso&lateral_segment_reference=128+MANOR+PL,,
COMPLETE,2025-09-10,,229,,K ST NW,MIAMI,,,,,,2025/09/10,1700,K ST NW / 3 AVE NW ,,,Carter Pacheco,,0,0,,,,TAP,END/3T,,,,,,South,31.5,139.1,,,,31.5,,,,,,2025/09/10,LETS,2025/09/10,LETS,,Post,SCOTT.LOVELADY@ONEGAS.COM ,,36.8789,-94.8902,yes,1,1,,"TECH: TINAI MITCHELL
PUSHED TO 3T, LINE IS CLEAR IN FULL WITH NO CROSSINGS, NO NEW GAS SERVICES RECEIVED",,One Gas,"___json[{""pathname"":""/Collected Media/map_2662324/layer_6728851/mdc_photo_mdc_2df958_cdv_photo_004_1757523473664.jpg"",""rid"":40103991,""lid"":""6728851"",""fid"":""1235"",""field"":""photo_map"",""title"":""mdc_photo_mdc_2df958_cdv_photo_004_1757523473664.jpg"",""ext"":""jpg"",""panorama"":false,""isDir"":false}]",Yes,0406,COMPLETE,,,,,Pass,,,,,,2025/10/01,,,Katy Thompson,,,Pass,,,,,,,,,,,,1,,,Lateral Inspection,,MH 1119 2ND AVE NW,OK,2025/09/10,,,,09:47,,2,Carter Pacheco,,,2025/09/10,,,1700 LETS,,,Lateral Launch,https://pioneer.sewerai.com/dashboard/review/e4d794b4-e0f5-4cc7-b354-f09433608e83?t=0&limit=30&offset=0&status=uploaded&client_reviewed=false&issues=false&project=25PV0406+ONE+GAS+&ordering=Inspection_Date,,
COMPLETE NO BILL,2025-08-07,,132,,Manor pl,El paso,,,,,,2025/08/07,---------------------,Manor pl el paso,,,---------------------,---------------------,0,0.46,,,,End,GMI,,,,,No,,55,33,,,,,,,,,,2025/08/07,LETS,2025/08/07,LETS,,Post,Scott.lovelady@Onegas.com ,,31.7381,-106.254,yes,1,1,,"Truck5100 Lead - Christian E. Tech - Derek K. 
Emd @ 55 GMI @ 33 @0. 46",,One Gas,"___json[{""pathname"":""/Collected Media/map_2662324/layer_6728851/mdc_photo_mdc_2e5bf8_cdv_photo_024_1754621203602.jpg"",""rid"":39651070,""lid"":""6728851"",""fid"":""1129"",""field"":""photo_map"",""title"":""mdc_photo_mdc_2e5bf8_cdv_photo_024_1754621203602.jpg"",""ext"":""jpg"",""panorama"":false,""isDir"":false}]",Yes,0723,COMPLETE NO BILL,,,,,,,,PASS-JAB,,,2025/08/27,,,Jay Brown,,,Pass,,,A,B,,,,,,,,1,,,Lateral Inspection,"___json[{""pathname"":""/Collected Media/map_2662324/layer_6728851/mdc_photo_mdc_ea3b2b_cdv_photo_022_1754621203601.jpg"",""rid"":39651068,""lid"":""6728851"",""fid"":""1129"",""field"":""site_photos"",""title"":""mdc_photo_mdc_ea3b2b_cdv_photo_022_1754621203601.jpg"",""ext"":""jpg"",""panorama"":false,""isDir"":false},{""pathname"":""/Collected Media/map_2662324/layer_6728851/mdc_photo_mdc_25f828_cdv_photo_023_1754621203602.jpg"",""rid"":39651069,""lid"":""6728851"",""fid"":""1129"",""field"":""site_photos"",""title"":""mdc_photo_mdc_25f828_cdv_photo_023_1754621203602.jpg"",""ext"":""jpg"",""panorama"":false,""isDir"":false}]",,TX,2025/08/07,,,,20:43,,2,---------------------,,,2025/08/07,,,-----------------,,,Lateral Launch,https://pioneer.sewerai.com/dashboard/review/2de6175f-58ff-4f99-bab4-c28986160196?limit=30&offset=0&project=25PV0406+ONE+GAS+&city=el+paso&client_reviewed=false,,
